"https://drive.google.com/drive/folders/1azGeDDEL5DgmIMa9Cwk-9TI0sdgq3ofB?usp=drive_link","Tipo","Provincia","Localidad","Barrio","Domicilio","Cód. Postal","Cuit","Telefono","Ap.Vacuna","Ap.Vacuna Menor"
"Bazzetta","Farmacia","Buenos Aires","9 De Julio","","Bartolomé Mitre 2248, ","6500","27-23756132-0","","No","Si"
"Sourdeaux","Farmacia","Buenos Aires","9 De Julio","","Rosario 4605","1612","30-71467225-4","","Si","No"
"Farma 365 - Marmol","Farmacia","Buenos Aires","Acassuso","","Av. Sta Fe 408","1642","30-71232814-9","","Si","Si"
"Openfarma Sucursal Libertador","Farmacia","Buenos Aires","Acassuso","","Avenida Libertador 14995","1643","30-70755820-9","","Si","No"
"Salazar","Farmacia","Buenos Aires","Acassuso","","Eduardo Costa 808 ","1641","27-14418075-0","","Si","No"
"Vacunatorio Vacunar Sede Acassuso","Vacunatorio","Buenos Aires","Acassuso","","AVENIDA DEL LIBERTADOR 15326","1641","30-70730135-6","","Si","No"
"Zona Vital Acassuso ","Farmacia","Buenos Aires","Acassuso","","Avenida Santa Fe 902, Acassuso, Provincia de Buenos Aires, Argentina","1640","30-68641863-0","","Si","Si"
"Farma 24 ","Farmacia","Buenos Aires","Adrogue","","HIPÓLITO YRIGOYEN AVDA. 13305","B1851DKF","30-70750047-2","","No","No"
"Orellano","Farmacia","Buenos Aires","Adrogue","","SAN MARTIN AVDA. 1200","1846","27-23818144-0","","No","No"
"Dorsa","Farmacia","Buenos Aires","Alberti","","Calle 25 De Mayo N°199 ","6648","27-26529832-5","","Si","Si"
"Punto De Salud De La Ruta Scs","Farmacia","Buenos Aires","Alejandro Korn","","Avenida Independencia 111, Alejandro Korn, Provincia de Buenos Aires, Argentina","1864","33-71217026-9","","Si","Si"
"Malvinas Argentinas","Farmacia","Buenos Aires","Almirante Brown","","Madariaga 210","3366","30-71631383-9","","No","No"
"Americana","Farmacia","Buenos Aires","Avellaneda","","Tte. Gral. García 202-212","1868","30-70904023-1","","No","No"
"Crucesita Scs-Maga Shop Expres","Farmacia","Buenos Aires","Avellaneda","","AVENIDA BARTOLOME MITRE 1471","1870","30-57440994-9","","No","No"
"Heredia","Farmacia","Buenos Aires","Avellaneda","","Cnel. Martin Paulino Lacarra 1302","1869","30-71171263-8","","Si","No"
"Nova Renzi","Farmacia","Buenos Aires","Avellaneda","","Av. Hipólito Yrigoyen 999, Avellaneda, Provincia De Buenos Aires","1870","30-71710546-6","","No","No"
"Rusñak","Farmacia","Buenos Aires","Avellaneda","","Las Flores 1600","1875","30-69776393-3","","No","No"
"Seven Pharm ","Farmacia","Buenos Aires","Avellaneda","","Avenida Hipolito Yrigoyen 261, Avellaneda, Provincia de Buenos Aires, Argentina","1870","30-68379807-6","","Si","Si"
"Uom Avellaneda","Farmacia","Buenos Aires","Avellaneda","","Avenida Hipolito Yrigoyen 386, Avellaneda, Provincia de Buenos Aires, Argentina","1868","33-71197831-9","","No","No"
"Uom Mitre Scs","Farmacia","Buenos Aires","Avellaneda","","Avenida Bartolomé Mitre 1973, Crucecita, Avellaneda, Provincia de Buenos Aires, Argentina","1870","30-71370190-0","","No","No"
"De Hoyos","Farmacia","Buenos Aires","Ayacucho","","Arroyo 1241","7150","30-71440073-4","","No","No"
"Lopez","Farmacia","Buenos Aires","Azul","","San Martin 641","7300","27-12515624-5","","No","No"
"Ciotta","Farmacia","Buenos Aires","Azul","","Colón 812 ","7300","27-38371322-1","","Si","No"
"Colotto","Farmacia","Buenos Aires","Azul","","Av. Juan Domingo Perón 850","7300","30-71844514-7","","Si","No"
"Del Fuerte Azul","Farmacia","Buenos Aires","Azul","","Av. Mitre 809","7300","30-71722751-0","","Si","No"
"Farmacia Castro","Farmacia","Buenos Aires","Azul","","COLON 942","7300","27-32422966-9","","No","No"
"Farmacia Merlo","Farmacia","Buenos Aires","Azul","","Monseñor Caneva 540, Azul, Provincia de Buenos Aires, Argentina","7300","27-20827353-7","","No","No"
"Farmacia Orianda Azul","Farmacia","Buenos Aires","Azul","","Av. Mitre 428","7300","30-71790245-5","","No","No"
"Marchisio","Farmacia","Buenos Aires","Azul","","SAN MARTIN 399","7300","20-21504346-1","","Si","Si"
"Peroggi ","Farmacia","Buenos Aires","Azul","","HIPOLITO YRIGOYEN 548","7300","20-13891615-5","","Si","No"
"Soncini","Farmacia","Buenos Aires","Azul","","IRIGOYEN 650","7300","20-17208456-8","","Si","Si"
"Vinciguerra","Farmacia","Buenos Aires","Azul","","ALFREDO PRAT 301 (ENTRE ALVEAR Y RIVADAVIA)","7300","27-17114689-0","","Si","No"
"Almada","Farmacia","Buenos Aires","Bahia Blanca","","THOMPSON 198","8000","30-70858816-0","","No","No"
"Alto Patagonia","Farmacia","Buenos Aires","Bahia Blanca","","Sarmiento 4114 Local 9","8000","30-68813051-0 ","","Si","Si"
"25 De Mayo","Farmacia","Buenos Aires","Bahia Blanca","","25 de mayo 502","8000","30-69589443-7","","Si","No"
"Alsina","Farmacia","Buenos Aires","Bahia Blanca","","Alsina 817","8000","30-68114192-4","","No","No"
"Avenida Alem","Farmacia","Buenos Aires","Bahia Blanca","","Av. Leandro Niceforo Alem 201, B8000 BahíA Blanca, Provincia De Buenos Aires","8000","30-69591969-3","","Si","No"
"Braschi","Farmacia","Buenos Aires","Bahia Blanca","","Corrientes 293","8000","27-29370386-3","","Si","No"
"Busilacchi","Farmacia","Buenos Aires","Bahia Blanca","","Av. Lainez 1801","8000","23-16105923-4","","No","No"
"Cardelli Dupuy","Farmacia","Buenos Aires","Bahia Blanca","","SARMIENTO 1298","8001","20-25215311-0","","No","No"
"Castelli","Farmacia","Buenos Aires","Bahia Blanca","","CASTELLI 159","8000","30-70984385-0","","No","No"
"Cristal","Farmacia","Buenos Aires","Bahia Blanca","","Estomba 602, entre Patricios y Holdich","8000","33-69584233-9","","No","No"
"De La Bahia ","Farmacia","Buenos Aires","Bahia Blanca","","11 De Abril 296, B8000 Bahía Blanca, Provincia De Buenos Aires, Argentina","8000","30-70719934-9","","Si","No"
"Del Sol","Farmacia","Buenos Aires","Bahia Blanca","","Juan Molina 101","8000","27-22378828-4","","No","No"
"Del Teatro","Farmacia","Buenos Aires","Bahia Blanca","","Alsina 501","8000","30-68123169-9","","Si","No"
"Di Nucci","Farmacia","Buenos Aires","Bahia Blanca","","SALTA 405","8000","27-13343528-5","","No","No"
"Española","Farmacia","Buenos Aires","Bahia Blanca","","SAN MARTIN 301","8000","30-58011285-0","","No","No"
"Farmacia Caiola","Farmacia","Buenos Aires","Bahia Blanca","","Necochea 795, B8000 Bahía Blanca, Provincia De Buenos Aires, Argentina","8000","27-22505629-9","","No","No"
"Farmacia Di Leo","Farmacia","Buenos Aires","Bahia Blanca","","Misiónes 649","8000","30-69590874-8","","Si","Si"
"Farmacia Gamboa ","Farmacia","Buenos Aires","Bahia Blanca","","Matheu 85, B8000 Bahía Blanca, Provincia De Buenos Aires, Argentina","8000","23-17683510-9","","Si","Si"
"Farmacia Grunbein","Farmacia","Buenos Aires","Bahia Blanca","","Rafael Obligado 5766","8000","27-29145110-7","","Si","Si"
"Farmacia Grunmann","Farmacia","Buenos Aires","Bahia Blanca","","Garibaldi 298","8000","30-68115126-1","","No","No"
"Farmacia Pique","Farmacia","Buenos Aires","Bahia Blanca","","San Martin 117","8000","30-58080029-3","","Si","Si"
"Farmacia Zunini","Farmacia","Buenos Aires","Bahia Blanca","","Rosario 1935","8000","20-18488634-1","","Si","Si"
"Felini","Farmacia","Buenos Aires","Bahia Blanca","","Zelarrayán 428","8000","33-57200996-9","","Si","Si"
"Fiordelmondo","Farmacia","Buenos Aires","Bahia Blanca","","REMEDIOS DE ESCALADA 3","8001","20-17235227-9","","No","No"
"Framarini","Farmacia","Buenos Aires","Bahia Blanca","","Jlc, Aguado 199, B8003 Bahía Blanca, Provincia De Buenos Aires","8000","27-22505227-7","","Si","No"
"Gelardi ","Farmacia","Buenos Aires","Bahia Blanca","","Alberdi 1398 ","8000","20-25994832-1","","Si","Si"
"Godoy ","Farmacia","Buenos Aires","Bahia Blanca","","LINIERS 588","8001","27-14748644-3","","No","No"
"Guzman","Farmacia","Buenos Aires","Bahia Blanca","","Av. Alem 1067","8000","30-70955050-7","","No","No"
"Heguilen","Farmacia","Buenos Aires","Bahia Blanca","","AV. ALEM 602","8000","30-71576500-0","","No","No"
"Medrano","Farmacia","Buenos Aires","Bahia Blanca","","O HIGGINS 71","8000","30-70922606-8","","No","No"
"Muñoz","Farmacia","Buenos Aires","Bahia Blanca","","Dorrego 581","8000","30-66421166-8","","No","No"
"Mutual Federada","Farmacia","Buenos Aires","Bahia Blanca","","Yrigoyen 3684","8000","30-54159260-8","","No","No"
"Noroeste","Farmacia","Buenos Aires","Bahia Blanca","","AVELLANEDA 798","8000","30-69586888-6","","No","No"
"Ruben Bellei","Farmacia","Buenos Aires","Bahia Blanca","","Estomba 131","8000","30-71863284-2","","Si","Si"
"Stork","Farmacia","Buenos Aires","Bahia Blanca","","14 de Julio 4045 entre Urtasun y Bullrich","8000","27-34707727-0","","Si","No"
"Tablar","Farmacia","Buenos Aires","Bahia Blanca","","Brown 1097, B8000 Bahía Blanca, Provincia De Buenos Aires","8000","30-70485606-3","","No","No"
"Teniente Farias","Farmacia","Buenos Aires","Bahia Blanca","","Tte. Farias 1057","8000","30-71736790-8","","No","No"
"Del Cerro ","Farmacia","Buenos Aires","Balcarce","","CALLE 28 NUMERO 920","7620","20-29079052-3","","No","No"
"Farmacia Norte","Farmacia","Buenos Aires","Balcarce","","Calle 8 Numero 546 Esquina 15","7620","27-30533197-5","","No","No"
"Farmacia Vuotto","Farmacia","Buenos Aires","Balcarce","","calle 17 numero 701","7620","30-66424509-0","","No","No"
"Medrano","Farmacia","Buenos Aires","Balcarce","","Calle 19 N 897","7620","27-30533235-1","","Si","Si"
"Mutual Balcarce","Farmacia","Buenos Aires","Balcarce","","CALLE 22 N 703","7620","30-60584362-6","","No","No"
"San Jose","Farmacia","Buenos Aires","Balcarce","","Av. Juan Kelly 993","7620","30-70769084-0","","No","No"
"Santa Ines","Farmacia","Buenos Aires","Balcarce","","Calle 17 N 537 ","7620","30-70745689-9","","Si","No"
"Milano","Farmacia","Buenos Aires","Banfield","","french 690 local 13","1828","23-20831182-4","","No","No"
"Farma 24 Banfield","Farmacia","Buenos Aires","Banfield","","Avenida Presidente Hipólito Yrigoyen 7301, Banfield, Provincia de Buenos Aires, Argentina","B1828CGE","33-70809625-9","","No","No"
"Farmacia Alem","Farmacia","Buenos Aires","Banfield","","CED, Leandro N. Alem 1004, Banfield, Provincia de Buenos Aires, Argentina","1828","27-13059508-7","","No","No"
"Farmacia Sindical Banfield ","Farmacia","Buenos Aires","Banfield","","Av. Adolfo Alsina 740, B1828abp Banfield, Provincia De Buenos Aires, Argentina","1828","30-59920193-5","","Si","Si"
"Nueva Gispert","Farmacia","Buenos Aires","Banfield","","Maipú 401","1828","30-71178100-1","","Si","Si"
"Pasteur  - Farma Banfield ","Farmacia","Buenos Aires","Banfield","","Av. Adolfo Alsina 390, B1828abj Gran Buenos Aires, Provincia De Buenos Aires, Argentina","1828","30-71179856-7","","Si","Si"
"Rawson","Farmacia","Buenos Aires","Banfield","","URIARTE 398","1828","20-05169533-0","","No","No"
"Saibene","Farmacia","Buenos Aires","Banfield","","Maipu 202","1828","30-52719406-3","","Si","No"
"Vives","Farmacia","Buenos Aires","Banfield","","Blvd. Armesti 3296","1828","30-69905205-8","","Si","Si"
"Mobilia","Farmacia","Buenos Aires","Batan","","Av. Pte Peron 10419","7601","27-21762165-3","","No","No"
"Punta Chica","Farmacia","Buenos Aires","Beccar","","Avenida del Libertador 18300","1643","33-69657830-9","","No","No"
"Selma Beccar","Farmacia","Buenos Aires","Beccar","","INTENDENTE TOMKINSON AVDA. 2995","1643","30-71086603-8","","No","No"
"Farma 365 - Joan Selma","Farmacia","Buenos Aires","Belen De Escobar","","Av. Eugenia Tapia De Cruz 772, B1625 Belén De Escobar, Provincia De Buenos Aires, Argentina","1625","20-37986211-0","","Si","Si"
"Farmacia Odeon","Farmacia","Buenos Aires","Belen De Escobar","","Av. Gral. San Martin 1091","1625","30-71878413-8","","Si","Si"
"Farmacia Dibur","Farmacia","Buenos Aires","Bella Vista","","Rio Limay 1126","1161","27-36164634-2","","No","No"
"Farma 365 - Farmagic","Farmacia","Buenos Aires","Benavidez","","Sgo. Del Estero 507, B1621 Benavidez, Provincia De Buenos Aires, Argentina","1623","30-71587575-2","","Si","Si"
"Farmacia Magrans","Farmacia","Buenos Aires","Benavidez","","JUAN DOMINGO PERON 6474","1621","27-24811189-0","","Si","Si"
"Aguilera","Farmacia","Buenos Aires","Benito Juarez","","Roldán 266","7020","30-71761715-7","","No","No"
"Garamendy","Farmacia","Buenos Aires","Benito Juarez","","AVENIDA LIBERTAD 52","7020","30-53878672-8","","Si","No"
"Arrebola","Farmacia","Buenos Aires","Berazategui","","Avenida Néstor Kirchner (ex Av. Mitre) 1689, EFD, Provincia de Buenos Aires, Argentina","1884","27-20679819-5","","No","No"
"Benedetto ","Farmacia","Buenos Aires","Berazategui","","CALLE 14 NRO. 4998","1884","30-70974978-8","","No","No"
"Berapharma","Farmacia","Buenos Aires","Berazategui","","Calle 131 número 5698, esquina calle 57","1885","30-71629783-3","","No","No"
"Chirumbolo","Farmacia","Buenos Aires","Berazategui","","Av. 14 5656, B1884 Berazategui, Provincia De Buenos Aires","1884","27-34079710-3","","Si","No"
"Farmacia Hudson","Farmacia","Buenos Aires","Berazategui","","Calle 137 N° 6359","1884","30-71719626-7","","Si","No"
"Farmacia Reinoso ","Farmacia","Buenos Aires","Berazategui","","Av. 21 4003, B1884eea Eea, Provincia De Buenos Aires, Argentina","1884","27-17097364-5","","Si","Si"
"Farmacia Soria","Farmacia","Buenos Aires","Berazategui","","Av. 7 N° 1198","1884","30-71467807-4","","Si","No"
"Guastella","Farmacia","Buenos Aires","Berazategui","","Calle 146 1293 ,b1880 Berazategui, Provincia De Buenos Aires","1884","30-71772685-1","","Si","No"
"Iturre","Farmacia","Buenos Aires","Berazategui","","Diagonal Lisandro de la Torre 1596","1884","30-70761739-6","","No","No"
"Lerana","Farmacia","Buenos Aires","Berazategui","","Av. 14 3999, B1884cua","1884","30-71778112-7","","Si","Si"
"Magadan","Farmacia","Buenos Aires","Berazategui","","Av. 14 N° 4325","1884","30-71588312-7","","No","No"
"Mutualidad Ducilo","Farmacia","Buenos Aires","Berazategui","","Mitre 442","1884","30-54039476-4","","No","No"
"Pharmaxxi","Farmacia","Buenos Aires","Berazategui","","Av. 21 2315, B1884ecq Berazategui Oeste, Provincia De Buenos Aires","1844","30-71745284-0","","Si","No"
"Rotonda","Farmacia","Buenos Aires","Berazategui","","Calle 413 No 77","1890","30-71732940-2","","No","No"
"Rubbo","Farmacia","Buenos Aires","Berazategui","","C. 7 A Nº 4963","1884","20-31597059-9","","Si","No"
"Sol Berazategui","Farmacia","Buenos Aires","Berazategui","","Avenida Nestor Kirchner (ex Av. Mitre) 2372, Berazategui, Provincia de Buenos Aires, Argentina","1884","30-70899249-2","","No","No"
"Trasel","Farmacia","Buenos Aires","Berazategui","","Av. 21 3153","1884","30-71546164-8","","Si","Si"
"Traverso","Farmacia","Buenos Aires","Berazategui","","Av. Eva Peron 1302","1884","27-27816647-9","","No","No"
"Fagnani","Farmacia","Buenos Aires","Beriso","","Av. 60 Numero 51","1924","30-71790894-1","","Si","No"
"Medea","Farmacia","Buenos Aires","Berisso","","Montevideo N 1381 E/ 15 Y 16","1923","30-71006433-0","","Si","No"
"Berisso","Farmacia","Buenos Aires","Berisso","","Calle 11  2882","1924","30-70168244-7","","No","No"
"Del Este","Farmacia","Buenos Aires","Berisso","","Calle 122 Numero 1848","1924","30-69142860-1","","No","No"
"Denavi ","Farmacia","Buenos Aires","Berisso","","Montevideo 2438","1923","30-69137512-5","","No","No"
"Farmacia Gallo","Farmacia","Buenos Aires","Berisso","","Democracia 601","1923","27-34946800-5","","Si","Si"
"Penacca ","Farmacia","Buenos Aires","Berisso","","GENOVA 4211","1923","30-70166279-9","","Si","Si"
"Bardone","Farmacia","Buenos Aires","Bernal","","Belgrano 160, Bernal, Provincia de Buenos Aires, Argentina","1876","27-10162770-0","","Si","No"
"Di Meglio","Farmacia","Buenos Aires","Bernal","","José Evaristo Uriburu 501","1876","20-14283871-1","","Si","Si"
"Irrazabal","Farmacia","Buenos Aires","Bernal","","CARLOS BRAGGIO 1041","1876","20-12214752-6","","Si","No"
"Maga Shop Bernal-Maga Shop Expres","Farmacia","Buenos Aires","Bernal","","SAN MARTIN 756 AVDA","1876","30-70720214-5","","No","No"
"Maga Shop Ii-Maga Shop Expres","Farmacia","Buenos Aires","Bernal","","LEBENSOHN 10","1876","30-70701314-8","","No","No"
"Mattera","Farmacia","Buenos Aires","Bernal","","Avenida San Martín 600, Bernal, Provincia de Buenos Aires, Argentina","1876","30-71117712-0","","Si","Si"
"Soy Nueva Ventura","Farmacia","Buenos Aires","Bernal","","Avenida Los Quilmes 736, Bernal Oeste, Provincia de Buenos Aires, Argentina","1876","30-71204399-3","","No","No"
"Soy Salud Nuevafar","Farmacia","Buenos Aires","Bernal","","Cerrito 488, Bernal, Provincia de Buenos Aires, Argentina","1876","30-71428022-4","","No","No"
"Soy Sanar 1","Farmacia","Buenos Aires","Bernal","","Avenida Los Quilmes 1, Bernal Oeste, Provincia de Buenos Aires, Argentina","B1876IYC","30-70892950-2","","No","No"
"Soy Sanar 9","Farmacia","Buenos Aires","Bernal","","9 de Julio 190, Bernal Oeste, Provincia de Buenos Aires, Argentina","1876","30-71104862-2","","Si","No"
"Soy Sanar Caseros","Farmacia","Buenos Aires","Bernal","","Av. Caseros 1611","1876","30-71484468-3","","No","No"
"Iglesias","Farmacia","Buenos Aires","Bolivar","","AV. VENEZUELA 546","6550","27-21853174-7","","Si","Si"
"Comas","Farmacia","Buenos Aires","Bolivar","","Avenida San Martín 600","6550","27-17721954-7","","No","No"
"Fal","Farmacia","Buenos Aires","Bolivar","","San Martin 500 y Alvear","6550","30-71608038-9","","Si","Si"
"Farmacia A.M.M.B.A. Bolivar","Farmacia","Buenos Aires","Bolivar","","Avenida Almirante Brown 155, Bolívar, Provincia de Buenos Aires","6550","30-63497331-8","","Si","No"
"Farmacia Del Sur","Farmacia","Buenos Aires","Bolivar","","Av. Calfucura 1515","6550","23-35903579-9","","Si","Si"
"Farmacia Gagliardi","Farmacia","Buenos Aires","Bolivar","","Av. San Martin 302","6550","30-71837992-6","","Si","Si"
"Sudiro","Farmacia","Buenos Aires","Bolivar","","AV. ALMIRANTE BROWN 300","6550","20-35399905-3","","Si","Si"
"Tres De Febrero","Farmacia","Buenos Aires","Bolivar","","3 De Febrero 302","6550","20-25133840-0","","Si","Si"
"Dibilio","Farmacia","Buenos Aires","Boulogne","","Rosario 1711, Boulogne, Buenos Aires Province, Argentina","1609","30-70813036-9","","Si","No"
"Farma 365  - Boulogne 365","Farmacia","Buenos Aires","Boulogne","","Sarratea 955, B1609 Boulogne, Provincia De Buenos Aires, Argentina","1609","30-71665368-0","","Si","Si"
"Farmatodo - Alesel","Farmacia","Buenos Aires","Boulogne","","Blanco Encalada 2486","1609","30-71062353-4","","Si","Si"
"Nueva Santa Rita","Farmacia","Buenos Aires","Boulogne","","Hse, Av. Sucre 431, B1609 Boulogne, Provincia De Buenos Aires","1640","30-70707296-9","","Si","Si"
"Hinckley","Farmacia","Buenos Aires","Bragado","","Gral. Paz 1121, Bragado, Provincia de Buenos Aires, Argentina","6640","27-17809742-9","","No","No"
"Farmacia Bragagnolo","Farmacia","Buenos Aires","Bragado","","Bernardo De Elizondo 2308","6640","27-33641858-0","","No","No"
"Farmacia Del Aguila De Bragado","Farmacia","Buenos Aires","Bragado","","Mitre 31, B6640 Bragado, Provincia De Buenos Aires, Argentina","6640","30-71779905-0","","Si","Si"
"Farmacia Rivadavia 898 De Bragado Scs","Farmacia","Buenos Aires","Bragado","","Rivadavia 898","6640","30-71687199-8","","No","No"
"Guidi","Farmacia","Buenos Aires","Camet","","C. Comodoro Rivadavia 4466","7612","27-29776585-5","","No","No"
"Caimini","Farmacia","Buenos Aires","Campana","","BELGRANO 396","2804","20-21003666-1","","No","No"
"Coarasa","Farmacia","Buenos Aires","Campana","","AMEGHINO 610","2804","27-27657965-2","","No","No"
"Del Parana","Farmacia","Buenos Aires","Campana","","French 470","2804","30-70833778-8","","No","No"
"Farmacia Alvarez","Farmacia","Buenos Aires","Campana","","Colectora Nte. 2858, B2804 Campana, Provincia De Buenos Aires, Argentina","2804","27-26494543-2","","Si","Si"
"Farmacia Perfetti","Farmacia","Buenos Aires","Campana","","Francisco A. Posse 636","2804","27-27743415-1","","Si","Si"
"Fernandez","Farmacia","Buenos Aires","Campana","","Av. Ing Agustín Rocca 200, Campana, Buenos Aires Province, Argentina","2804","30-52528721-8","","No","No"
"Fornes","Farmacia","Buenos Aires","Campana","","Becerra 891","2804","30-71628095-7","","Si","Si"
"Iglesias","Farmacia","Buenos Aires","Campana","","MITRE AVDA.1144","2804","23-20981373-4","","Si","Si"
"Igoillo","Farmacia","Buenos Aires","Campana","","Blvd. Lavalle 787","2804","20-24219039-5","","No","No"
"Lucca","Farmacia","Buenos Aires","Campana","","SARMIENTO 204","2804","30-71150567-5","","Si","Si"
"Ricci","Farmacia","Buenos Aires","Campana","","Av. Dr. Ricardo Balbín 880","ICCIR","27-30516056-9","","Si","Si"
"Altocanning ","Farmacia","Buenos Aires","Canning","","FORMOSA 603","1804","30-71236083-2","","Si","No"
"Canning ","Farmacia","Buenos Aires","Canning","","Mariano Castex 785, Canning, Provincia de Buenos Aires, Argentina","B1804IEH","30-70902010-9","","No","No"
"Farmacia Del Mall","Farmacia","Buenos Aires","Canning","","Mariano Castex 3489, B1804 Canning, Provincia De Buenos Aires","1804","30-71705271-0","","No","No"
"Nueva Canning ","Farmacia","Buenos Aires","Canning","","Sargento Cabral 1953, Canning, Provincia De Buenos Aires, Argentina","1804","33-70902239-9","","Si","Si"
"Yañuk","Farmacia","Buenos Aires","Canning","","Av Castex 1621","1804","30-71236083-2","","Si","No"
"Garavaglia Ii","Farmacia","Buenos Aires","Cañuelas","","Florida 582, B1814evl Cañuelas, Provincia De Buenos Aires","1814","20-23366797-9","","No","No"
"La Nueva Libertad De Cañuelas ","Farmacia","Buenos Aires","Cañuelas","","Avenida Libertad 1630, Cañuelas, Provincia de Buenos Aires, Argentina","1814","30-70839557-5","","No","No"
"Nueva Cañuelas","Farmacia","Buenos Aires","Cañuelas","","Leandro N. Alem 966, Cañuelas, Provincia De Buenos Aires, Argentina","1814","30-70737900-2","","Si","Si"
"Lanfranchi","Farmacia","Buenos Aires","Capilla Del Señor","","E. Urcelay 619","2812","27-17017508-0","","Si","Si"
"San Jose","Farmacia","Buenos Aires","Capilla Del Señor","","Esq Ameghino, Carlos Pellegrini S/n","2812","30-69694255-9","","Si","No"
"Bava","Farmacia","Buenos Aires","Capitan Sarmiento","","Av. Leandro N. Alem 708","2752","20-20472875-6","","No","No"
"Del Pueblo","Farmacia","Buenos Aires","Capitan Sarmiento","","Av. Rivadavia 715","2752","27-28866543-0","","No","No"
"Lagorio ","Farmacia","Buenos Aires","Capitan Sarmiento","","ROQUE SAENZ PEÑA 598","2752","27-34980346-7","","No","No"
"Ruiz","Farmacia","Buenos Aires","Capitan Sarmiento","","Av. Leandro N. Alem 504","2752","20-20472804-7","","No","No"
"Maya","Farmacia","Buenos Aires","Carlos Casares","","PueyrredóN 147, B6530 Carlos Casares, Provincia De Buenos Aires","6530","30-70791352-1","","No","No"
"Massera","Farmacia","Buenos Aires","Carlos Keen","","San Carlos 898, esquina Quintana","6701","20-25351565-2","","No","No"
"Punto De Salud Twenty","Farmacia","Buenos Aires","Carlos Spegazzini","","N.Kirchner N 9962","1812","30-71586099-2","","Si","No"
"Prieto","Farmacia","Buenos Aires","Carlos Tejedor","","Av Catalina Naón De Balbiani 564","6231","20-21445744-0","","Si","Si"
"Antigua Farmacia Gigliotti ","Farmacia","Buenos Aires","Caseros","","Avenida SAN MARTÍN 2643","1678","30-66381172-6","","No","No"
"Etcheverrigaray","Farmacia","Buenos Aires","Caseros","","Avenida Bartolomé Mitre 5194","1678","27-10795431-2","","No","No"
"Ethical ","Farmacia","Buenos Aires","Caseros","","Avenida San Martín 1499","1678","30-68532776-3","","Si","No"
"Farmacia Nueva Colon","Farmacia","Buenos Aires","Caseros","","3 De Febrero 3001 Esq Mitre Caseros, B1678gvf Gran, Provincia De Buenos Aires, Argentina","1678","30-71906911-4","","Si","No"
"Ferdkin S.C.S.","Farmacia","Buenos Aires","Caseros","","Juan Manuel De Rosas 3192","1678","30-70864047-2","","No","No"
"Menendez","Farmacia","Buenos Aires","Caseros","","Bonifacini 5295, Caseros, Provincia de Buenos Aires, Argentina","6004","20-31533700-4","","No","No"
"Moderna","Farmacia","Buenos Aires","Caseros","","Av. San Martín 2287","1678","30-70781021-8","","Si","Si"
"Santa Isabel","Farmacia","Buenos Aires","Caseros","","Av. San Martín 2014","1678","27-26260889-7","","Si","Si"
"Casares 24hs","Farmacia","Buenos Aires","Castelar","","Carlos Casares 1279","1712","33-71794199-9","","Si","No"
"Central Oeste - Antigua Farmacia Rossi De Castelar ","Farmacia","Buenos Aires","Castelar","","INOCENCIO ARIAS 2409","1712","30-69011386-0","","No","No"
"Central Oeste Castelar ","Farmacia","Buenos Aires","Castelar","","BUENOS AIRES 559","1712","30-70833530-0","","No","No"
"Central Oeste Santa Rosa ","Farmacia","Buenos Aires","Castelar","","MACHADO 3575","B1712BLQ","30-70935878-9","","No","No"
"Cogliati Castelar","Farmacia","Buenos Aires","Castelar","","RIVADAVIA AVDA. 19988","1712","30-70820877-5","","No","No"
"Nueva Farma Castelar","Farmacia","Buenos Aires","Castelar","","Santa Rosa 1409, Castelar, Provincia de Buenos Aires, Argentina","1712","30-71631039-2","","No","No"
"Vacunatorio Vacunar Sede Castelar","Vacunatorio","Buenos Aires","Castelar","","MONTES DE OCA 2231","1712","30-70730135-6","","Si","No"
"Badia","Farmacia","Buenos Aires","Chacabuco","","ALTE. BROWN 56 esq. PADRE DOGLIA","6740","27-05799799-6","","No","No"
"Boero","Farmacia","Buenos Aires","Chacabuco","","Av. Solís 97","6740","27-16302148-5","","Si","Si"
"Marino","Farmacia","Buenos Aires","Chacabuco","","Avenida Alsina, Zapiola Y, Chacabuco","6740","20-14332284-0","","Si","Si"
"Vespasiano","Farmacia","Buenos Aires","Chacabuco","","Av. Hipólito Yrigoyen 479,","6740","20-25817631-7","","Si","No"
"Vacunar Sede Champagnat","Vacunatorio","Buenos Aires","Champagnat","","PANAMERICANA RAMAL PILAR KM. 54,5","1630","30-70730135-6","","Si","No"
"Farmacia Del Norte","Farmacia","Buenos Aires","Chascomus","","El Ombú 102 ","7136","30-70824056-3","","Si","Si"
"Bogliolo","Farmacia","Buenos Aires","Chivilcoy","","Av 22 De Octubre 184","6620","27-22894141-2","","No","No"
"Ceballo","Farmacia","Buenos Aires","Chivilcoy","","Av. Ceballos 259","6620","27-18381122-9","","No","No"
"Cruz Roja","Farmacia","Buenos Aires","Chivilcoy","","Carlos Pellegrini 250, B6620 Chivilcoy, Provincia De Buenos Aires","6620","33-52809495-9","","Si","No"
"De Francesco","Farmacia","Buenos Aires","Chivilcoy","","Av. Suarez 136","6620","30-71173712-6","","No","No"
"Frenkiel","Farmacia","Buenos Aires","Chivilcoy","","Av. EcheverríA 199, Chivilcoy, Provincia De Buenos Aires","6620","20-22355499-8","","No","No"
"Litterio","Farmacia","Buenos Aires","Chivilcoy","","Av. Sarmiento 241","6620","20-11139035-6","","No","No"
"Lucini","Farmacia","Buenos Aires","Chivilcoy","","Avenida Ceballos Y Avenida 3 De Febrero","6620","30-71703670-7","","Si","No"
"Mecca","Farmacia","Buenos Aires","Chivilcoy","","MIGUEL CALDERON 146","6620","20-29038305-7","","Si","Si"
"Miranda","Farmacia","Buenos Aires","Chivilcoy","","Av. B. De Irigoyen 321","6620","30-70892302-4","","No","No"
"Mitre","Farmacia","Buenos Aires","Chivilcoy","","Av. Sarmiento 50,","6620","23-33926388-4","","No","No"
"Moderna","Farmacia","Buenos Aires","Chivilcoy","","Carlos Pellegrini 249, Chivilcoy, Provincia De Buenos Aires, Argentina","6620","33-71247434-9","","Si","No"
"Mutual Augusto Vandor","Farmacia","Buenos Aires","Chivilcoy","","Carlos Pellegrini 44","6620","30-70910596-1","","Si","Si"
"Pereyra","Farmacia","Buenos Aires","Chivilcoy","","Av Mitre 222","6620","20-33108372-1","","No","No"
"Rolando","Farmacia","Buenos Aires","Chivilcoy","","COLON 199","6620","27-33097672-7","","Si","No"
"Rossi","Farmacia","Buenos Aires","Chivilcoy","","Av. Soarez 294","6620","27-16807095-6","","No","No"
"Sivori","Farmacia","Buenos Aires","Chivilcoy","","PASO DE LA PATRIA 194","6620","27-23747284-0","","No","No"
"Suipacha","Farmacia","Buenos Aires","Chivilcoy","","Suipacha 80","6620","33-71163159-9","","No","No"
"Traverso","Farmacia","Buenos Aires","Chivilcoy","","Colon 50","6620","23-32686085-9","","No","No"
"Villarino","Farmacia","Buenos Aires","Chivilcoy","","Av. Villarino 399","1120","20-17427400-3","","No","No"
"Agostini","Farmacia","Buenos Aires","City Bell","","Camino centenario y diagonal 92","1896","27-02040757-9","","No","No"
"Altos Del Bell","Farmacia","Buenos Aires","City Bell","","Calle 28 N 6","1896","30-71711765-0","","No","No"
"Altos Del Golf","Farmacia","Buenos Aires","City Bell","","CALLE 467 N 4027(ESQ 135)","1896","37-71580636-9","","No","No"
"Arakaki","Farmacia","Buenos Aires","City Bell","","Calle 467 Nº 1294","1896","27-25006590-1","","Si","Si"
"Farmacia De Pueblo De City Bell Scs","Farmacia","Buenos Aires","City Bell","","C. 462 781 801","1896","30-71143344-5","","Si","Si"
"Farmacia La Cañada","Farmacia","Buenos Aires","City Bell","","467, Entre 160 Y 178","1896","30-71841372-5","","Si","Si"
"Garay","Farmacia","Buenos Aires","City Bell","","Calle 450 Sta Teresita 1691","1896","20-32530384-1","","Si","Si"
"Meyer","Farmacia","Buenos Aires","City Bell","","CAMINO BELGRANO 635","1894","33-71455992-9","","Si","Si"
"Urbiztondo","Farmacia","Buenos Aires","City Bell","","473 BIS Y CNO BELGRANO (DISCO)","1896","27-13423910-2","","No","No"
"Cano","Farmacia","Buenos Aires","Ciudad Evita","","Bevilacqua 1953","7118","20-12690796-7","","No","No"
"Rodriguez","Farmacia","Buenos Aires","Ciudad Evita","","Av. Martin miguel de guemes 4089","1778","20-29730556-6","","Si","Si"
"San Josè De Ciudadela","Farmacia","Buenos Aires","Ciudadela","","San Martín 145","1702","20-14837548-9","","Si","Si"
"Pasteur","Farmacia","Buenos Aires","Coronel Dorrego","","Yrigoyen 665 entre calles san martin y santagada","8150","30-71606176-7","","No","No"
"A.M.M.B.A. Union Pringles","Farmacia","Buenos Aires","Coronel Pringles","","San Martín 259, Coronel Pringles, Provincia de Buenos Aires, Argentina","7530","30-63497331-8","","No","No"
"Pasteur","Farmacia","Buenos Aires","Coronel Suarez","","Manuel Belgrano 805","7540","27-27106159-0","","Si","Si"
"Coronel Suarez","Farmacia","Buenos Aires","Coronel Suarez","","Lavalle 497","7540","20-29792623-4","","Si","Si"
"Farmacia Fonzo","Farmacia","Buenos Aires","Coronel Suarez","","Manuel Belgrano 1269, B7540bfz Coronel Suarez, Provincia De Buenos Aires, Argentina","7540","27-38549355-5","","Si","Si"
"Farmacia San Isidro","Farmacia","Buenos Aires","Coronel Suarez","","Av. 11 De Mayo 1155, B7541 Santa María, Provincia De Buenos Aires, Argentina","7541","27-21823420-3","","Si","Si"
"Fetter","Farmacia","Buenos Aires","Coronel Suarez","","Mitre 621","7540","27-32693851-9","","Si","No"
"Del Pueblo De Arbolito","Farmacia","Buenos Aires","Coronel Vidal","","Gral. Paz 322","7174","30-70830332-8","","No","No"
"Landi ","Farmacia","Buenos Aires","Coronel Vidal","","General Paz 201, Coronel Vidal, Provincia de Buenos Aires, Argentina","7174","27-31487085-4","","No","No"
"Acceso Norte","Farmacia","Buenos Aires","Del Viso","","Ruta 26 Y Pacheco","1669","20-22501431-1","","Si","Si"
"Del Paseo","Farmacia","Buenos Aires","Del Viso","","Ruta Panamericana Ramal Pilar Km.44, Shopping Paseo Pilar L1 Bis","1669","33-71861318-9","","No","No"
"Gutkind","Farmacia","Buenos Aires","Del Viso","","Independencia 7032","1669","20-17320362-5","","Si","Si"
"Oroño","Farmacia","Buenos Aires","Del Viso","","Antonio Beruti 1305","1669","23-22501432-9","","Si","Si"
"Villanueva","Farmacia","Buenos Aires","Dique Lujan","","Boulevard De Todos Los Santos 100","1623","33-71560838-9","","No","No"
"Bellati","Farmacia","Buenos Aires","Dolores","","San Martín 190, Dolores, Provincia de Buenos Aires, Argentina","7100","33-52576461-9","","Si","Si"
"Pantaleon","Farmacia","Buenos Aires","Dolores","","QUADRI 99","7100","30-58552645-9","","Si","No"
"Castelli","Farmacia","Buenos Aires","Don Torcuato","","M.T. de Alvear 2767","1611","30-71587713-5","","No","No"
"Del Aguila Don Torcuato","Farmacia","Buenos Aires","Don Torcuato","","Fray Justo Sta. Maria de Oro 1455","1611","30-71547594-0","","No","No"
"Jks Scs","Farmacia","Buenos Aires","Don Torcuato","","ALVEAR AVDA. 602","1617","30-70966256-9","","No","No"
"La Farma Don Torcuato","Farmacia","Buenos Aires","Don Torcuato","","AV. ANGEL TORCUATO DE ALVEAR 1472","1611","30-71621270-0","","Si","No"
"Openfarma Sucursal Torcuato","Farmacia","Buenos Aires","Don Torcuato","","M.T. de Alvear 1999, Don Torcuato, Provincia de Buenos Aires, Argentina","1617","30-68860484-9","","Si","No"
"Farmacia Dordal","Farmacia","Buenos Aires","El Palomar","","Bv San Martin 3068 entre los aromos y de los ceibos","1684","30-71494485-8","","No","No"
"Glaser De La Estacion","Farmacia","Buenos Aires","El Palomar","","Misiones 6578","1684","30-58748240-8","","No","No"
"Tinto","Farmacia","Buenos Aires","El Palomar","","Ing. Guillermo Marconi 401","1685","27-38536234-5","","Si","No"
"Farmanobel El Pato","Farmacia","Buenos Aires","El Pato","","C. 514 1344","1893","30-71502511-2","","Si","Si"
"Farmanobel Rural Plastino","Farmacia","Buenos Aires","El Pato","","Colectora Autovía 2 519-520, El Pato, Provincia De Buenos Aires","1893","30-68488055-8","","Si","Si"
"Bernachea","Farmacia","Buenos Aires","El Talar","","Av. Hipólito Yrigoyen 2222","1618","20-17566907-9","","Si","Si"
"Parati - Talar","Farmacia","Buenos Aires","El Talar De Pacheco","","Colombia 1152","1617","30-71575007-0","","Si","Si"
"Farmacia Roux","Farmacia","Buenos Aires","Ensenada","","La Merced 121","1925","30-71764942-3","","Si","No"
"El Cazador","Farmacia","Buenos Aires","Escobar","","Av. San Martín 3069","1625","30-68674391-4","","No","No"
"Mb Scs (Mutual De Bomberos)","Farmacia","Buenos Aires","Escobar","","Juan P. Asborno 498, Belén de Escobar, Provincia de Buenos Aires, Argentina","B1625FZL","30-70933158-9","","No","No"
"Zanotepa","Farmacia","Buenos Aires","Escobar","","Ruta 25 S/n Esquina Lucio Mansilla 0","1625","30-71862755-5","","Si","No"
"Verde Canning","Farmacia","Buenos Aires","Esteban Echeverria","","Sgto. Cabral 3430","1807","30-71765569-5","","Si","Si"
"Farmacity 16-Ezeiza","Farmacia","Buenos Aires","Ezeiza","","AEROPUERTO INTERNACIONAL EZEIZA","1804","30-69213874-7","","No","No"
"M.G. Farmaceutica S.C.S.","Farmacia","Buenos Aires","Ezeiza","","Nicolás Avellaneda 74, Ezeiza, Provincia de Buenos Aires, Argentina","1804","30-69306602-2","","Si","Si"
"Gil","Farmacia","Buenos Aires","Ezpeleta","","Chile 428, ESQ asuncion","1882","27-04281185-3","","No","No"
"Precision","Farmacia","Buenos Aires","Ezpeleta","","Av. Centenario 4359","1882","27-27146421-0","","No","No"
"Soy Luna","Farmacia","Buenos Aires","Ezpeleta","","Avenida Mitre 4324, Ezpeleta, Provincia de Buenos Aires, Argentina","1882","30-71421170-2","","No","No"
"Soy Tofanelli Nuevafar","Farmacia","Buenos Aires","Ezpeleta","","Avenida Hipolito Yrigoyen 5270, Ezpeleta, Provincia de Buenos Aires, Argentina","1882","30-71434425-7","","Si","No"
"Carceller","Farmacia","Buenos Aires","Florencio Varela","","Cnel. Pringles 3372","1888","27-13117513-8","","Si","Si"
"Farmacia Waeyenbergh","Farmacia","Buenos Aires","Florencio Varela","","Av. Pte Perón 1614","1888","20-16264161-2","","No","No"
"Lujan 1210","Farmacia","Buenos Aires","Florencio Varela","","Av. Luján 1210","1888","30-70284098-4","","No","No"
"Maga Shop Varela","Farmacia","Buenos Aires","Florencio Varela","","Monteagudo 3101","1888","30-71187887-0","","No","No"
"Manuela Amarelle Scs","Farmacia","Buenos Aires","Florencio Varela","","Av. Gral. José De San Martín 2944","","33-70889864-9","","Si","Si"
"Nueva Cinco Esquinas","Farmacia","Buenos Aires","Florencio Varela","","Diag. Los Guaranies 2507, Ingeniero J. Allan, Provincia De Buenos Aires","1891","30-71195000-8","","Si","No"
"Tokumoto","Farmacia","Buenos Aires","Florencio Varela","","Av Eva Peron 6556","1888","23-14482559-4","","No","No"
"Dalisa","Farmacia","Buenos Aires","Florida","","Av. Bartolomé Mitre 1975,","1604","30-71858325-6","","Si","Si"
"Dekari","Farmacia","Buenos Aires","Florida","","ALSINA 1799","1602","27-21714839-7","","Si","No"
"Farma 365 - Laprida","Farmacia","Buenos Aires","Florida","","Bbc, España 295, B1602 Florida, Provincia De Buenos Aires, Argentina","1602","30-71401842-2","","Si","Si"
"Forlani","Farmacia","Buenos Aires","Florida","","Av. San Martin 2523","1602","33-71704680-9","","No","No"
"Nueva Chenu","Farmacia","Buenos Aires","Florida","","Avenida San Martín 2202, Buenos Aires, Argentina","1602","30-71454970-3","","Si","Si"
"Santa Ana - Anedmapa","Farmacia","Buenos Aires","Florida","","C. Francisco Melo 2801","1602","30-71568151-6","","Si","Si"
"Santa Ana - Cetrangolo","Farmacia","Buenos Aires","Florida","","H Yrigoyen 2153","1602","30-71578664-4","","Si","Si"
"Vacunatorio Vacunar Sede Florida","Vacunatorio","Buenos Aires","Florida","","HILARION DE LA QUINTANA 782","1602","30-70730135-6","","Si","No"
"Del Provincia Scs","Farmacia","Buenos Aires","Francisco Alvarez","","José Ignacio Gorriti 1232","1746","30-71518287-0","","No","No"
"De Gorriti","Farmacia","Buenos Aires","Francisco Alvarez","","José Ignacio Gorriti 1093 Local 04","1746","30-71665739-2","","Si","Si"
"Riveros De Campos De Alvarez","Farmacia","Buenos Aires","Francisco Alvarez","","Almafuerte 1351, B1746 Francisco Alvarez, Provincia De Buenos Aires","1746","30-71736892-0","","No","No"
"Ciarliero","Farmacia","Buenos Aires","Garin","","Belgrano 868 Entre jose hernandez y Eva Peron","1619","27-14079059-7","","Si","Si"
"Farmacia Del Aguila Garin","Farmacia","Buenos Aires","Garin","","Padre Perna 960","1619","33-71654721-9","","No","No"
"Farmacia Kraus","Farmacia","Buenos Aires","Garin","","Belgrano 380 entre Lamberti i Sullings","1619","20-23560139-8","","Si","Si"
"Farmacia Lopez","Farmacia","Buenos Aires","Garin","","Presidente Perón 905","1619","30-70937857-7","","Si","No"
"Nueva Tudino","Farmacia","Buenos Aires","Garin","","Mateo Churich 237, B1619jga Garin, Provincia De Buenos Aires","1619","30-71825926-2","","Si","No"
"Farmacia A.M.M.B.A. Lamadrid","Farmacia","Buenos Aires","General Lamadrid","","Azcuenaga 611","7406","30-63497331-8","","No","No"
"Farmacia Gasparin","Farmacia","Buenos Aires","General Pacheco","","Hipolito Yrigoyen 786","1617","20-22406171-5","","No","No"
"Farmacia Lauria (Farma Np)","Farmacia","Buenos Aires","General Pacheco","","BOULOGNE SUR MER AVDA. 1249","1617","20-17035781-8","","Si","Si"
"Farmacia Pacheco","Farmacia","Buenos Aires","General Pacheco","","Santiago del Estero 22","1617","30-68854676-8","","Si","No"
"Rp Los Lirios","Farmacia","Buenos Aires","General Pacheco","","RUTA V 50-3- CENTRO COMERCIAL LIRIOS DEL TALAR","1617","30-71507495-4","","Si","Si"
"Donatelli","Farmacia","Buenos Aires","General Rodriguez","","Belgrano 1096","1748","27-24405567-8","","Si","Si"
"Farmacia Banez","Farmacia","Buenos Aires","General Rodriguez","","Av. Pte Peron 246","1748","24-10422066-1","","Si","Si"
"Farmacia De Priego","Farmacia","Buenos Aires","General Rodriguez","","Di Marco 1615","","30-71611008-3","","Si","Si"
"Farmacia Del Boulevard","Farmacia","Buenos Aires","General Rodriguez","","Sarmiento 695","1748","30-71485552-9","","Si","Si"
"Farmacia Ferrero","Farmacia","Buenos Aires","General Rodriguez","","DEMAESTRI 1537","1748","27-25778242-0","","Si","Si"
"Farmacia Fradusco","Farmacia","Buenos Aires","General Rodriguez","","Av. San martin 598","1748","30-71449327-9","","Si","No"
"Farmacia Gerardi","Farmacia","Buenos Aires","General Rodriguez","","Avenida España 116","1748","27-17882733-8","","Si","Si"
"Farmacia Martinez Vieyra","Farmacia","Buenos Aires","General Rodriguez","","SARMIENTO 921","1748","20-21358105-9","","No","No"
"Farmacia Uno","Farmacia","Buenos Aires","General Rodriguez","","Int. Pedro Whelan, B1748 Gral. Rodríguez, Provincia De Buenos Aires, Argentina","1748","27-23768742-1","","Si","No"
"Farmacia Urtuvey","Farmacia","Buenos Aires","General Rodriguez","","Daniel Musso 165","1748","30-71449762-2","","No","No"
"Mitre Rm 110","Farmacia","Buenos Aires","General Rodriguez","","Mitre 110","1748","30-71727566-3","","No","No"
"Farmacia Lacarra S.C.S.","Farmacia","Buenos Aires","Gerli","","LACARRA 1702","1870","30-57863986-8","","Si","Si"
"Nueva Bustamante Scs","Farmacia","Buenos Aires","Gerli","","Sánchez de Bustamante 821","1824","30-69419425-3","","No","No"
"Uom Bustamante Scs","Farmacia","Buenos Aires","Gerli","","Avenida Hipolito Yrigoyen 2331, Gerli, Provincia de Buenos Aires, Argentina","1823","30-71440186-2","","No","No"
"Uom (Lanus Gerli Scs)","Farmacia","Buenos Aires","Gerli","","Coronel Lacarra 1556, Gerli, Provincia de Buenos Aires, Argentina","1824","30-71126493-7","","No","No"
"Nv Korn","Farmacia","Buenos Aires","Glew","","Av. Hipólito Yrigoyen 29701","1856","30-71823041-8","","Si","Si"
"Farmacia Ceballos ","Farmacia","Buenos Aires","Glew","","SARMIENTO Y RUTA 210","1856","30-68512424-3","","No","No"
"Farmacia Kellertas","Farmacia","Buenos Aires","Glew","","Sarmiento 74","1856","30-70896637-8","","No","No"
"Fullfarma Glew","Farmacia","Buenos Aires","Glew","","Av. Hipólito Yrigoyen 20906","1856","30-71786993-8","","Si","No"
"Farmacia Gonnet","Farmacia","Buenos Aires","Gonet","","Cno. Gral. Belgrano 4030","1897","30-70877485-1","","Si","No"
"Blanco","Farmacia","Buenos Aires","Gonnet","","C. 489 2069","1897","23-23618216-9","","Si","Si"
"Farmacia Gangoni","Farmacia","Buenos Aires","Gonnet","","Boulevard 502 #1498 esquina 10","1897","27-05787177-1","","No","No"
"Farmacia Melgar","Farmacia","Buenos Aires","Gonnet","","AVENIDA 25 Nº 2863 ENTRE 503 Y 504","1900","27-17067008-1","","No","No"
"Farmakon Gonnet","Farmacia","Buenos Aires","Gonnet","","C. 504 2599 2629","1897","30-71616630-5","","Si","Si"
"Grupo Blanco","Farmacia","Buenos Aires","Gonnet","","Cno. Gral. Manuel Belgrano 4746","1897","30-71323712-1","","No","No"
"Farmacia Sunchales ","Farmacia","Buenos Aires","Gonzalez Catan","","SUNCHALES 6307","1758","30-71499253-4","","No","No"
"Vilela Shopping Catan","Farmacia","Buenos Aires","Gonzalez Catan","","Avenida J M de Rosas 14446, González Catán, Provincia de Buenos Aires, Argentina","1759","30-71213746-7","","Si","Si"
"Zimerman","Farmacia","Buenos Aires","Gonzalez Catan","","AV JOSE EQUIZA 4171","1759","30-66025016-2","","No","No"
"1455 Laguzzi Scs","Farmacia","Buenos Aires","Grand Bourg","","Juan Francisco Seguí 1455, Grand Bourg, Provincia de Buenos Aires, Argentina","B1615MNM","30-71428395-9","","No","No"
"Raspo Grand Bourg","Farmacia","Buenos Aires","Grand Bourg","","EVA DUARTE DE PERON AVDA. 1202","1615","30-71493212-4","","No","No"
"Miguez","Farmacia","Buenos Aires","Gregorio Laferrere","","Avenida Luro 6154, Gregorio de Laferrere, Provincia de Buenos Aires, Argentina","1757","30-70876639-5","","Si","Si"
"Vilela Estanislao","Farmacia","Buenos Aires","Gregorio Laferrere","","Estanislao del Campo 4229, Gregorio de Laferrere, Provincia de Buenos Aires, Argentina","1757","30-71467052-2","","Si","Si"
"Vilela La Plaza Central","Farmacia","Buenos Aires","Gregorio Laferrere","","Avenida Luro 5881, Gregorio de Laferrere, Provincia de Buenos Aires, Argentina","B1757ARB","30-69408971-9","","Si","Si"
"Central Sur Numancia","Farmacia","Buenos Aires","Guernica","","Av. Aeronautica Argentina 6b","1862","30-71622571-9","","Si","Si"
"Farmacia Avenida Antartida","Farmacia","Buenos Aires","Guernica","","Crisologo Larralde 524","1862","30-68816630-2","","No","No"
"Farmacia Central Guernica Scs","Farmacia","Buenos Aires","Guernica","","Avenida Arturo Jauretche 782, Guernica, Buenos Aires Province, Argentina","1862","30-71435588-7","","Si","No"
"Alvarez","Farmacia","Buenos Aires","Haedo","","Directorio 1899","1706","27-34229587-3","","Si","Si"
"Central Oeste - Farmacia Haedo","Farmacia","Buenos Aires","Haedo","","CASEROS 2","1706","30-69013221-0","","Si","No"
"Quevedo","Farmacia","Buenos Aires","Hinojo","","Calle 8 S/N","7318","27-20332451-6","","No","No"
"Las Pampas","Farmacia","Buenos Aires","Hudson","","Aut. Dr R Balvin N 5445 Hudson Plaza Comercial , Hudson Berazategui","1844","27-22211068-3","","Si","No"
"Ariel Krulewetki (Farmacia Nueva Casella)","Farmacia","Buenos Aires","Hurlingham","","Avenida Coronel Roca 1016, Buenos Aires, Argentina","1686","20-23251210-6","","Si","No"
"Farmacia Arial","Farmacia","Buenos Aires","Hurlingham","","AV. VERGARA 3898 ESQUINA PIZURNO","1686","30-69650723-2","","No","No"
"Farmacia Navarro","Farmacia","Buenos Aires","Hurlingham","","Julio Argentino Roca 2001","1686","30-70838917-6","","Si","Si"
"Farmacia Pemago","Farmacia","Buenos Aires","Ingeniero Allan","","Cpf, C. 1282 546, B1891 Ingeniero Juan Allan, Provincia De Buenos Aires, Argentina","1891","30-70726064-1","","Si","No"
"Farmanobel Ingeniero Juan Allan","Farmacia","Buenos Aires","Ingeniero Allan","","Calle 1282 N 931","1891","30-70737254-7","","No","No"
"Antigua Farmacia Estrada","Farmacia","Buenos Aires","Ingeniero Maschwitz","","Che, Chacabuco 102","1623","30-71190928-8","","Si","No"
"Farmatodo - Colectora","Farmacia","Buenos Aires","Ingeniero Maschwitz","","Sgo. Del Estero 690","1075","30-71629357-9","","No","No"
"Maschwitz Scs","Farmacia","Buenos Aires","Ingeniero Maschwitz","","Colectora Este 971, Ingeniero Maschwitz, Provincia de Buenos Aires, Argentina","1623","33-70823461-9","","No","No"
"Buacar","Farmacia","Buenos Aires","Isidro Casanova","","Avenida Brigadier General Juan Manuel de Rosas 6933","1765","30-68015891-2","","No","No"
"Farmacia Escalante","Farmacia","Buenos Aires","Isidro Casanova","","Avenida Cristianía 1324","1765","20-12274601-2","","No","No"
"Farmacia Guberman ","Farmacia","Buenos Aires","Isidro Casanova","","Avenida J. M. De Rosas 5892","1754","33-70745554-9","","Si","Si"
"Farmacia Mastrogiovanni","Farmacia","Buenos Aires","Isidro Casanova","","AV. Carlos Casares 3414","1765","20-16342144-6","","No","No"
"Schlotthauer","Farmacia","Buenos Aires","Isidro Casanova","","República De Portugal 2461, B1765 Isidro Casanova, Provincia De Buenos Aires, Argentina","1765","27-20537594-0","","Si","Si"
"Vera","Farmacia","Buenos Aires","Isidro Casanova","","Carlos Casares 5640 ","1765","30-61333581-8","","Si","No"
"Casanova","Farmacia","Buenos Aires","Ituzaingo","","Cnel. Brandsen 2349","1714","30-71820162-0","","No","No"
"Central Oeste Ituzaingo","Farmacia","Buenos Aires","Ituzaingo","","LAS HERAS 381","1714","30-70878705-8","","No","No"
"Central Oeste Leloir","Farmacia","Buenos Aires","Ituzaingo","","PRESIDENTE PERON 8505","1714","30-70854976-9","","No","No"
"Farmacia Del Pueblo","Farmacia","Buenos Aires","Ituzaingo","","Avenida Rivadavia 21824","1714","33-71603932-9","","Si","No"
"Farmacia Vargas Wayar","Farmacia","Buenos Aires","Ituzaingo","","Av. Beltran 1901","1714","20-92724513-3","","Si","No"
"Mighetti","Farmacia","Buenos Aires","Ituzaingo","","SOLER 136","1714","33-58668306-9","","Si","Si"
"Pringles","Farmacia","Buenos Aires","Ituzaingo","","Cnel. Pringles 1405","1714","30-71490845-2","","Si","Si"
"Social Farmasol ","Farmacia","Buenos Aires","Ituzaingo","","C. José MaríA Paz 1315","1714","30-68384193-1","","No","No"
"Dagnino","Farmacia","Buenos Aires","Jauregui","","Tropero Moreira 1190","6706","20-12410813-7","","No","No"
"Aguila Boyaca 3592 Scs","Farmacia","Buenos Aires","Jose C Paz","","Boyacá 3592","1666","30-71798811-2","","Si","Si"
"Farmacia Bertini","Farmacia","Buenos Aires","Jose C Paz","","Pueyrredon 2010 esq. Gelly y Obes","1665","23-14658722-4","","No","No"
"Farmacia Caponi","Farmacia","Buenos Aires","Jose C Paz","","AV CROACIA 1870","1665","27-20051031-9","","No","No"
"Farmacia Del Aguila","Farmacia","Buenos Aires","Jose C Paz","","Yrigoyen 1600","1665","30-53778927-8","","No","No"
"Farmacia Del Aguila Alberdi","Farmacia","Buenos Aires","Jose C Paz","","Av. Hector Arregui 2064","1665","30-71672002-7","","No","No"
"Farmacia Del Aguila Frino","Farmacia","Buenos Aires","Jose C Paz","","Ugarteche 2680","1665","30-71672254-2","","No","No"
"Farmacia Del Aguila Gaspar Campos","Farmacia","Buenos Aires","Jose C Paz","","Gaspar Campos 6431","1665","30-71671105-2","","Si","No"
"Farmacia Gallarino","Farmacia","Buenos Aires","Jose C Paz","","Av. Gaspar Campos 5066","1665","20-24331696-1","","Si","No"
"Farmacia Jure","Farmacia","Buenos Aires","Jose C Paz","","ALTUBE AVDA. 1918","1665","30-68154981-8","","No","No"
"Farmacia Pazos","Farmacia","Buenos Aires","Jose C Paz","","Avenida Presidente Juan Domingo Perón 4708","1665","20-13699186-9","","No","No"
"Farmacia Social Jcp","Farmacia","Buenos Aires","Jose C Paz","","Av. Gaspar Campos 6680","1665","30-71138644-7","","Si","No"
"Iacovantuono Scs","Farmacia","Buenos Aires","Jose C Paz","","Jorge Newbery 4392","1665","30-71773110-3","","No","No"
"Lai Croacia Scs","Farmacia","Buenos Aires","Jose C Paz","","Av. Croacia 2840","1666","30-71738004-1","","Si","Si"
"Lai La Paz Scs","Farmacia","Buenos Aires","Jose C Paz","","Oribe 3441","1665","33-71838699-9","","Si","Si"
"Lai Sol Y Verde Scs","Farmacia","Buenos Aires","Jose C Paz","","Dinamarca 3526","1665","30-71737250-2","","Si","Si"
"Lai Villa Germano Scs","Farmacia","Buenos Aires","Jose C Paz","","Av. Pte. J. D. Perón 4403","1665","30-71724490-3","","Si","Si"
"Dolfato","Farmacia","Buenos Aires","Jose Leon Suarez","","Av. Brig. Gral. Juan Manuel De Rosas 2552","1655","27-11835884-3","","Si","Si"
"Farmacia Wapner","Farmacia","Buenos Aires","Jose Leon Suarez","","ARTIGAS 6630","1655","20-18221167-3","","No","No"
"Balassi","Farmacia","Buenos Aires","Jose Maria Gutierrez","","Av. 413 N° 276","1890","27-23792451-2","","Si","No"
"Dasiv","Farmacia","Buenos Aires","Jose Marmol","","Amenedo 2198","1846","30-71568539-2","","Si","Si"
"Paula Casacchia (Farmacia Casacchia-Sassone)","Farmacia","Buenos Aires","Jose Marmol","","BYNNON 2250","1846","27-33295936-6","","Si","No"
"Punto De Salud Marmol","Farmacia","Buenos Aires","Jose Marmol","","Bynon 3185, Buenos Aires, Argentina","1846","30-71102783-8","","Si","No"
"Bedecarras","Farmacia","Buenos Aires","Juan Jose Paso","","Sarmiento 401","6474","27-30019081-8","","Si","Si"
"Sella","Farmacia","Buenos Aires","Juan Maria Gutierrez","","C. 413 N 847","1890","23-22756940-9","","Si","Si"
"Central Junin","Farmacia","Buenos Aires","Junin","","Av. Arias 99","6000","30-71542692-3","","Si","No"
"De Paul Silva","Farmacia","Buenos Aires","Junin","","CORONEL SUAREZ 92","6000","23-16804212-4","","No","No"
"Del Aguila (Junin)","Farmacia","Buenos Aires","Junin","","Avenida Rivadavia 117","6000","27-13617603-5","","No","No"
"Farmacia Casciero","Farmacia","Buenos Aires","Junin","","General Paz 249","6000","27-16598466-3","","No","No"
"Farmacia San Jorge","Farmacia","Buenos Aires","Junin","","Alsina 252, Junín, Provincia de Buenos Aires, Argentina","6000","20-29894675-1","","No","No"
"Farmacia Verrilli","Farmacia","Buenos Aires","Junin","","BENITO DE MIGUEL 51","6000","20-16415135-3","","No","No"
"Farmedica ","Farmacia","Buenos Aires","Junin","","ALBERDI 1860","6000","30-71255007-0","","Si","Si"
"Nuestra Señora De Fátima","Farmacia","Buenos Aires","Junin","","Cnel. Suárez 367","6000","27-13054490-3","","Si","No"
"Bermudez","Farmacia","Buenos Aires","La Boca","","Av. 38 N° 305, ","","27-06197933-1","","Si","No"
"Farmacia La Lucila","Farmacia","Buenos Aires","La Lucila","","Av Libertador 3921","1637","27-25250438-4","","Si","No"
"Selma La Lucila","Farmacia","Buenos Aires","La Lucila","","Guillermo Rawson 3785","1637","30-66393216-7","","No","No"
"Agostino","Farmacia","Buenos Aires","La Plata","","Calle 7 N 705","1900","20-28414886-0","","No","No"
"Alemania","Farmacia","Buenos Aires","La Plata","","Calle 122 N°2343 1/2","1900","30-71727245-1","","No","No"
"Aloy S.C.S","Farmacia","Buenos Aires","La Plata","","CALLE 43 NUMERO 439","1902","30-70740666-2","","No","No"
"Balbiano","Farmacia","Buenos Aires","La Plata","","Calle 84 N 2 Esq 120","1900","23-30772712-9","","No","No"
"Boccaleri","Farmacia","Buenos Aires","La Plata","","Calle 17 N 1852","1900","23-30058140-4","","Si","Si"
"Bruno ","Farmacia","Buenos Aires","La Plata","","C. 5 1088","1900","30-68455381-6","","Si","No"
"Caruso","Farmacia","Buenos Aires","La Plata","","Calle 44 N 549","1902","30-51909868-3","","No","No"
"Cavazzutti","Farmacia","Buenos Aires","La Plata","","Calle 22 N6228 Entre 657 Y 658","1900","20-39097479-6","","Si","Si"
"Central La Plata","Farmacia","Buenos Aires","La Plata","","Camino Centenario Y, C. 493 ","1900","30-71749623-6","","Si","Si"
"Farmacia 637","Farmacia","Buenos Aires","La Plata","","637 N° 729 Esquina 9 Bis","1900","30-71765089-8","","No","No"
"Farmacia Autino","Farmacia","Buenos Aires","La Plata","","Calle 56 N 999","1900","27-31073923-0","","No","No"
"Farmacia Avenida Olmos","Farmacia","Buenos Aires","La Plata","","CALLE 44 N. 5315","6720","27-26250097-2","","No","No"
"Farmacia Barrague","Farmacia","Buenos Aires","La Plata","","50 N° 1051 ESQUINA 16","1900","30-71672862-1","","Si","Si"
"Farmacia Cadelli","Farmacia","Buenos Aires","La Plata","","66 3280 E/160 Y161","7623","20-07829990-9","","No","No"
"Farmacia Catala","Farmacia","Buenos Aires","La Plata","","Av 7 y 520 bis 1160","1900","27-04534784-8","","No","No"
"Farmacia Crivaro","Farmacia","Buenos Aires","La Plata","","Calle 63 N 748 1/2","1904","30-71154201-5","","No","No"
"Farmacia Dalton","Farmacia","Buenos Aires","La Plata","","CALLE 1 N 1400","1904","30-70877782-6","","Si","No"
"Farmacia De Rose ","Farmacia","Buenos Aires","La Plata","","Calle 131 nº 399","1908","27-16727498-1","","No","No"
"Farmacia Elicabe","Farmacia","Buenos Aires","La Plata","","CALLE 59 N 443","1900","30-68459642-6","","No","No"
"Farmacia Ferrando","Farmacia","Buenos Aires","La Plata","","Calle 33 596, La Plata, Provincia de Buenos Aires, Argentina596","1900","30-71126036-2","","No","No"
"Farmacia Galli","Farmacia","Buenos Aires","La Plata","","Avenida 520 N°4904, Esquina 144, B1900 La Plata, Provincia De Buenos Aires, Argentina","1900","20-18021096-3","","Si","Si"
"Farmacia Gigli","Farmacia","Buenos Aires","La Plata","","Av. 122, Villa Elvira, B1900 La Plata, Provincia De Buenos Aires, Argentina","","30-62047780-6","","Si","No"
"Farmacia Inglesa","Farmacia","Buenos Aires","La Plata","","Calle 47 632","1900","30-53075523-8","","No","No"
"Farmacia Internacional","Farmacia","Buenos Aires","La Plata","","C. 3 761 Entre 47 Y 48","1900","20-31982860-6","","No","No"
"Farmacia La Doce S.C.S.","Farmacia","Buenos Aires","La Plata","","Calle 12 N° 1307","1900","30-68459734-1","","No","No"
"Farmacia Landivar","Farmacia","Buenos Aires","La Plata","","Av. 44 N 2599","1900","27-34961344-7","","Si","Si"
"Farmacia Leyes","Farmacia","Buenos Aires","La Plata","","26 N 2288","1900","27-23106850-9","","Si","Si"
"Farmacia Lopez Toris ","Farmacia","Buenos Aires","La Plata","","CALLE 44 N 2193","1908","27-20673142-2","","Si","Si"
"Farmacia Manes","Farmacia","Buenos Aires","La Plata","","Calle 49 636","1900","30-53213693-4","","Si","No"
"Farmacia Marsico","Farmacia","Buenos Aires","La Plata","","CALLE 7 n° 445","1902","30-71561028-7","","No","No"
"Farmacia Navickas","Farmacia","Buenos Aires","La Plata","","Calle 7 N 307 e/ 528 y 529","1906","20-21432448-3","","No","No"
"Farmacia Ohaco","Farmacia","Buenos Aires","La Plata","","137 N 1880","1900","27-25076249-1","","No","No"
"Farmacia Oroz","Farmacia","Buenos Aires","La Plata","","Calle 38 N° 455","1900","27-21446470-0","","Si","No"
"Farmacia Orsetti","Farmacia","Buenos Aires","La Plata","","Calle 44 número 3250","1901","23-31586621-9","","No","No"
"Farmacia Pagoto","Farmacia","Buenos Aires","La Plata","","Calle 659 N 746","1900","30-71569726-9","","No","No"
"Farmacia Proteu","Farmacia","Buenos Aires","La Plata","","CALLE 68 N 420","1900","30-70759206-7","","No","No"
"Farmacia Puricelli","Farmacia","Buenos Aires","La Plata","","Av. 7 N 1851","1900","27-25316609-1","","No","No"
"Farmacia Querini","Farmacia","Buenos Aires","La Plata","","Pza. H Yrigoyen 60","1900","27-32869930-9","","No","No"
"Farmacia Rocha","Farmacia","Buenos Aires","La Plata","","CALLE 7 NRO 1249 ESQ 58 ","1900","27-28648963-5","","Si","No"
"Farmacia Sanchez ","Farmacia","Buenos Aires","La Plata","","Calle 54  1372","","20-22051326-3","","Si","Si"
"Farmacia Sarti","Farmacia","Buenos Aires","La Plata","","Avenida 38 751, La Plata, Provincia de Buenos Aires, Argentina","1900","20-21543308-1","","Si","Si"
"Farmacia Scasso","Farmacia","Buenos Aires","La Plata","","CALLE 3 N 1477","1904","23-31952704-4","","No","No"
"Farmacia Sindical Sec La Plata","Farmacia","Buenos Aires","La Plata","","6 esq 57 N° 1199","1900","30-53068231-1","","Si","No"
"Farmacia Soto","Farmacia","Buenos Aires","La Plata","","C. 56 750","1900","27-31998337-1","","Si","No"
"Farmacia Suarez","Farmacia","Buenos Aires","La Plata","","Av. 66 N 2716","1910","30-62167062-6","","No","No"
"Farmacia Vega","Farmacia","Buenos Aires","La Plata","","CALLE 7 N 2169 E/ 76 Y 77","1900","23-05321271-9","","Si","No"
"Farmacia Zorich","Farmacia","Buenos Aires","La Plata","","Calle 7 N 1052 esq. 54","1900","30-71043442-1","","Si","No"
"Los Hornos","Farmacia","Buenos Aires","La Plata","","Calle 60 numero 1979","1900","30-57919962-4","","Si","No"
"Lupinucci","Farmacia","Buenos Aires","La Plata","","Av 7 y 525 nro 695","1900","30-71203438-2","","No","No"
"Maná","Farmacia","Buenos Aires","La Plata","","Diag. 78 279","1904","30-71890602-0","","Si","Si"
"Menegaz","Farmacia","Buenos Aires","La Plata","","C. 2 24","1902","27-17918532-1","","Si","No"
"Morales","Farmacia","Buenos Aires","La Plata","","Diagonal 73 N 3194","1902","30-71725400-3","","No","No"
"Ojeda","Farmacia","Buenos Aires","La Plata","","DIAGONAL 80 N°1053","1904","30-57700458-3","","No","No"
"Quantin","Farmacia","Buenos Aires","La Plata","","Calle 27 Numero 739","1900","27-39590400-6","","Si","Si"
"Santa Teresita","Farmacia","Buenos Aires","La Plata","","38 N° 94 E/120 Y121","1900","30-71103340-4","","No","No"
"Seglie","Farmacia","Buenos Aires","La Plata","","Calle 13 Nº 420 E/ 40 Y 41","1902","27-33244493-5","","Si","No"
"Vega Guillermo","Farmacia","Buenos Aires","La Plata","","Avenida 1 1599, La Plata, Provincia de Buenos Aires, Argentina","B1904CFD","23-11812063-9","","No","No"
"Corneo","Farmacia","Buenos Aires","La Tablada","","Av. Gral. San Martín 5230","1766","30-71862264-2","","No","No"
"Farmacia Galer","Farmacia","Buenos Aires","La Tablada","","Lisandro De La Torre 508","1751","20-11122611-4","","Si","Si"
"Farmacia Luque","Farmacia","Buenos Aires","Laferrere","","HONORIO LUQUE 5897","1757","33-71714593-9","","Si","Si"
"Farmacia Rodriguez","Farmacia","Buenos Aires","Laferrere","","Piedrabuena 6038","1757","27-24919676-8","","No","No"
"Calvagni","Farmacia","Buenos Aires","Lanus","Lanus Centro","Viamonte 2393","1824","30-70740251-9","","No","No"
"Farma Lanus","Farmacia","Buenos Aires","Lanus","Lanus Centro","DIP. PEDRERA 1026","1824","30-70879714-2","","No","No"
"Farma Segui - Zona Farma","Farmacia","Buenos Aires","Lanus","Lanus Centro","INTENDENTE QUINAIMIL 1396","1824","30-71619087-7","","Si","Si"
"Farmacia Boiano","Farmacia","Buenos Aires","Lanus","Lanus Centro","Sitio de Montevideo 1640","1824","27-32565689-7","","No","No"
"Farmacia Del Sur","Farmacia","Buenos Aires","Lanus","Gerli","HIPÓLITO YRIGOYEN 4401","1824","30-58570436-5","","No","No"
"Farmacia Farma Lanus Scs ","Farmacia","Buenos Aires","Lanus","Lanus Centro","25 De Mayo 171","1824","30-70790334-8","","No","No"
"Farmacia Rex","Farmacia","Buenos Aires","Lanus","Lanus Este","29 De Septiembre 1884, B1820crt Lanús, Provincia De Buenos Aires","","30-58484401-5","","Si","Si"
"Farmacia Roma","Farmacia","Buenos Aires","Lanus","Lanus Centro","CENTENARIO URUGUAYO 3499","1824","27-23754921-5","","Si","No"
"La Paz","Farmacia","Buenos Aires","Lanus","Lanus Centro","AVENIDA 9 DE JULIO 2501","1824","30-70884849-9","","Si","Si"
"Magashop Nueva Esquina","Farmacia","Buenos Aires","Lanus","Lanus Centro","MAXIMO PAZ 1084","1824","30-71480756-7","","No","No"
"Pasteur Scs","Farmacia","Buenos Aires","Lanus","Lanus Centro","Av. 9 De Julio 1501","1824","30-60275790-7","","Si","Si"
"Sanchez","Farmacia","Buenos Aires","Lanus","Lanus Centro","Av. 9 de Julio 1825","1820","27-21598903-3","","No","No"
"Social Textil Lanus Scs","Farmacia","Buenos Aires","Lanus","Lanus Centro","O`HIGGINS 2056","1824","30-68291884-1","","No","No"
"Super Lanús","Farmacia","Buenos Aires","Lanus","Lanus Centro","Anatole France 1934","1824","33-71001788-9","","Si","Si"
"Ultrafarma Santa Teresa","Farmacia","Buenos Aires","Lanus","Gerli","Avenida Hipolito Yrigoyen 4147, Lanús, Provincia de Buenos Aires, Argentina","1824","27-14988188-9","","No","No"
"Uom (Lanus Moderna)","Farmacia","Buenos Aires","Lanus","Lanus Centro","Avenida 9 de Julio 1352, Lanús Este, Provincia de Buenos Aires, Argentina","1824","30-70946839-8","","No","No"
"Uom (Lanus Yrigoyen)","Farmacia","Buenos Aires","Lanus","Gerli","Avenida Hipolito Yrigoyen 4414, Lanús, Provincia de Buenos Aires, Argentina","1824","30-69418699-4","","No","No"
"Uom(Delia Scs)","Farmacia","Buenos Aires","Lanus","Lanus Centro","Avenida San Martín 1934, Lanús, Provincia de Buenos Aires, Argentina","1824","33-71483064-9","","No","No"
"Vacunatorio Vacunar Sede Lanus","Vacunatorio","Buenos Aires","Lanus","Lanus Centro","DR. DOMINGO N. BASAVILBASO 1859","1820","30-70730135-6","","Si","No"
"Antoniewicz","Farmacia","Buenos Aires","Lavallol","","Doyhenard 898","1836","20-22410900-9","","Si","No"
"Farmacia Baez","Farmacia","Buenos Aires","Lavallol","","ARISTOBULO DEL VALLE 238","1836","20-22410236-5","","No","No"
"Farmacia Gimenez","Farmacia","Buenos Aires","Lavallol","","Av Hipolito Yrigoyen 12839","1836","30-57459206-9","","No","No"
"Farmacia Libertad","Farmacia","Buenos Aires","Libertad","","Avenida Eva Perón 4321","1716","30-67892316-4","","No","No"
"Farmacia Belazio","Farmacia","Buenos Aires","Lima","","C. 20 564, B2806 Lima, Provincia De Buenos Aires, Argentina","2806","27-25688510-2","","Si","Si"
"Farmacia Fabio","Farmacia","Buenos Aires","Lima","","Calle 7 N° 324 Lima","2806","27-18150420-5","","Si","Si"
"Basualdo Ana Carla (Farmacia Basualdo)","Farmacia","Buenos Aires","Loberia","","Avenida Mitre 329, Lobería, Provincia de Buenos Aires, Argentina","7635","27-22115879-8","","Si","Si"
"Famacia Abib","Farmacia","Buenos Aires","Lobos","","jose piñeiro entre  las heras e alberina","7240","27-17766797-3","","Si","Si"
"Farmacia Amadfi","Farmacia","Buenos Aires","Lobos","","General Belgrano 344, Lobos, Provincia de Buenos Aires, Argentina","7240","20-36526353-2","","No","No"
"Farmacia Lobos","Farmacia","Buenos Aires","Lobos","","9 De Julio 40","7240","30-71649840-5","","Si","Si"
"Farmacia Medica","Farmacia","Buenos Aires","Lobos","","Chacabuco 283","7240","27-34854988-5","","Si","Si"
"Maglione","Farmacia","Buenos Aires","Lobos","","Pte. Peron 244","7240","20-04916912-5","","No","No"
"Pigazzi","Farmacia","Buenos Aires","Lobos","","Rivadavia 570, Lobos, Provincia De Buenos Aires","7240","27-28266911-6","","No","No"
"Calapraba","Farmacia","Buenos Aires","Loma Hermosa","","RUTA 8 KM. 21600","1048","30-71429875-1","","Si","Si"
"Farma 365 - Sp Hezle Center","Farmacia","Buenos Aires","Loma Verde","","Colectora Oeste 770","1625","30-71596200-0","","Si","Si"
"Farma 24 Dalia","Farmacia","Buenos Aires","Lomas De Zamora","","Avenida Hipolito Yrigoyen 8101, Lomas de Zamora, Provincia de Buenos Aires, Argentina","1832","33-69906949-9","","No","No"
"Farmacia Argentina","Farmacia","Buenos Aires","Lomas De Zamora","","Leandro N. Alem 116, Lomas de Zamora, Provincia de Buenos Aires, Argentina","1832","27-06034848-6","","Si","Si"
"Farmacia Deganis","Farmacia","Buenos Aires","Lomas De Zamora","","Molina Arrotea 920","1832","27-05654786-5","","No","No"
"Farmacia Del Pueblo","Farmacia","Buenos Aires","Lomas De Zamora","","Mariano Sanchez de Loria 120","1832","27-22347786-6","","No","No"
"Farmacia Inglesa","Farmacia","Buenos Aires","Lomas De Zamora","","LAPRIDA 317","1832","27-93303142-5","","Si","No"
"Farmacia Rissi","Farmacia","Buenos Aires","Lomas De Zamora","","Av. Hipolito Yrigoyen 8955","1832","30-57907286-1","","No","No"
"Lofrano Lomitas","Farmacia","Buenos Aires","Lomas De Zamora","","Gral. Bartolomé Mitre 188","1832","20-11480105-5","","Si","Si"
"Uom Gorriti Scs","Farmacia","Buenos Aires","Lomas De Zamora","","Avenida Hipolito Yrigoyen 9115, Lomas de Zamora, Provincia de Buenos Aires, Argentina","1824","33-71522428-9","","No","No"
"Vacunatorio Fundacion Doctor Mario Socolinsky Sarmiento (Proteger Vacunacion)","Vacunatorio","Buenos Aires","Lomas De Zamora","","SARMIENTO 6","1832","30-65282353-6","","Si","No"
"Vio","Farmacia","Buenos Aires","Lomas De Zamora","","MEEKS AVDA. 476","1832","27-14567029-8","","No","No"
"Farmily Ael","Farmacia","Buenos Aires","Lomas Del Mirador","","Bolívar 4396","1752","30-71564479-3","","No","No"
"F + Salud (Gurtubay)","Farmacia","Buenos Aires","Longchamps","","Dr. José Alberto Kellertas 727,","1854","20-17746429-6","","Si","Si"
"Farmacia Fulchi Berlin","Farmacia","Buenos Aires","Longchamps","","AV. BERLIN 180","1854","27-03912433-0","","Si","No"
"Farmacia Nueva Fulchi","Farmacia","Buenos Aires","Longchamps","","Boulogne sur mer 1311","1854","27-22878119-9","","No","No"
"Farmacia Priano","Farmacia","Buenos Aires","Longchamps","","AVENIDA HIPOLITO YRlGOYEN 18103","1854","20-12274442-7","","Si","Si"
"Lujilde","Farmacia","Buenos Aires","Longchamps","","Alsina 838","1854","23-20215451-4","","No","No"
"Nueva Longchamps","Farmacia","Buenos Aires","Longchamps","","Avenida la Aviación 991, Longchamps, Provincia de Buenos Aires, Argentina","1854","30-70933270-4","","No","No"
"Farmacia Davio","Farmacia","Buenos Aires","Los Cardales","","9 DE JULIO 226 Y MITRE","2814","20-20448311-7","","No","No"
"Farma Saos","Farmacia","Buenos Aires","Los Polvorines","","José León Suárez 2939","1613","30-70894968-6","","Si","Si"
"Farmacia Del Aguila Polvorines","Farmacia","Buenos Aires","Los Polvorines","","San Martin 2558","1613","30-71527263-2","","No","No"
"Lai Rivadavia Scs","Farmacia","Buenos Aires","Los Polvorines","","Palliere 3200","1613","30-71836270-5","","No","No"
"Lai Villa De Mayo","Farmacia","Buenos Aires","Los Polvorines","","Av. Pres. Juan Domingo Perón 43, B1614 Los Polvorines, Provincia De Buenos Aires, Argentina","1614","30-71735491-1","","Si","Si"
"Farmacia Punto De Salud Petit Scs","Farmacia","Buenos Aires","Luis Guillon","","Bv. Buenos Aires 1024, Luis Guillon, Provincia de Buenos Aires","1838","30-71509556-0","","Si","Si"
"Andres Ivan Salvatto (Farmacia Salvatto )","Farmacia","Buenos Aires","Lujan","","CARLOS PELLEGRINI 753","6702","20-21484923-3","","Si","Si"
"Barrionuevo","Farmacia","Buenos Aires","Lujan","","República Argentina 2750","6700","20-24637984-0","","No","No"
"Caparroz","Farmacia","Buenos Aires","Lujan","","RUTA 192 N°1987 ENTRE LOS OMBUES Y LAS MARGARITAS ","6702","27-22647145-1","","No","No"
"Farma Dique","Farmacia","Buenos Aires","Lujan","","Av. Italia 4559","1623","30-71747496-8","","Si","Si"
"Farmacia Bouvier","Farmacia","Buenos Aires","Lujan","","Colón 1297, Luján, Provincia de Buenos Aires, Argentina","6700","27-06422042-5","","Si","Si"
"Farmacia Compagnucci","Farmacia","Buenos Aires","Lujan","","San Martín 1698","6700","27-23160601-2","","No","No"
"Farmacia De La Terminal","Farmacia","Buenos Aires","Lujan","","9 de Julio 660, Luján, Provincia de Buenos Aires, Argentina","6700","30-69698349-2","","No","No"
"Farmacia Denevi","Farmacia","Buenos Aires","Lujan","","MITRE 171","6700","27-28740632-6","","Si","Si"
"Farmacia Guarco","Farmacia","Buenos Aires","Lujan","","Av. EspañA 904","6700","20-23775737-9","","Si","Si"
"Farmacia Lorenzo Casey S.C.S","Farmacia","Buenos Aires","Lujan","","LORENZO CASEY 786","6702","30-70810041-9","","No","No"
"Farmacia Malvicini","Farmacia","Buenos Aires","Lujan","","B. Mitre 1195","6700","27-35722152-3","","No","No"
"Farmacia Mitre","Farmacia","Buenos Aires","Lujan","","MITRE 599","6700","30-71055793-0","","No","No"
"Farmacia Pisarra","Farmacia","Buenos Aires","Lujan","","Guemes 1202","6700","20-18272059-4","","No","No"
"Farmacia Robiano ","Farmacia","Buenos Aires","Lujan","","Avenida Humberto Primo 701, Luján, Provincia de Buenos Aires, Argentina","6700","23-14490449-4","","Si","No"
"Farmacia Rolla","Farmacia","Buenos Aires","Lujan","","San Martin 482","6700","30-71642996-9","","No","No"
"Farmacia San Martin","Farmacia","Buenos Aires","Lujan","","San Martin 246","6700","30-71566835-8","","Si","Si"
"Farmacia Scasso","Farmacia","Buenos Aires","Lujan","","Dr. Real 1013","6700","30-71653487-8","","No","No"
"Farmacia Zeman","Farmacia","Buenos Aires","Lujan","","LAVALLE 886","6700","20-18007235-8","","No","No"
"Jorge","Farmacia","Buenos Aires","Lujan","","Alberti 2311","6700","27-14490672-7","","No","No"
"Melo","Farmacia","Buenos Aires","Lujan","","Alsina 1893","6700","20-25778362-7","","No","No"
"Moreno","Farmacia","Buenos Aires","Lujan","","RODOLFO MORENO 431","6700","30-71106275-7","","No","No"
"Peretto","Farmacia","Buenos Aires","Lujan","","25 DE MAYO 220","6700","27-23775167-7","","No","No"
"Roncoroni","Farmacia","Buenos Aires","Lujan","","Dr. Muñiz 355","6700","27-16357222-8","","No","No"
"Zona Vital Lujan","Farmacia","Buenos Aires","Lujan","","EL NEGRITO MANUEL 758 (SUPERMERCADO CARREFOUR)","6700","30-69695357-7","","Si","Si"
"Farmacia Etchegoyen","Farmacia","Buenos Aires","Maipu","","Lavalle 901, entre Laprida e H. Irigoyen","7160","30-71455553-3","","Si","Si"
"Farmacia Di Nardo","Farmacia","Buenos Aires","Manuel Alberti","","Hipolito Yrigoyen, Sta. Rita 551","1667","20-14872508-0","","Si","Si"
"Mispartei","Farmacia","Buenos Aires","Manuel Alberti","","Golfers G. C. 2972, 1664","1664","30-71862617-6","","No","No"
"Monteolivo Scs","Farmacia","Buenos Aires","Maquinista De Savio","","Independencia 139","1620","30-71716092-0","","Si","Si"
"Farmacia Del Aguila Savio","Farmacia","Buenos Aires","Maquinista Savio","","Ruta 26 n°1368","1619","33-68677772-9","","No","No"
"Antigua Birreci","Farmacia","Buenos Aires","Mar De Ajo","","Hipólito Yrigoyen 24","7102","30-70722004-6","","No","No"
"Farmacia Andriola","Farmacia","Buenos Aires","Mar De Ajo","","Francisco de las Carreras 126, Mar de Ajó, Provincia de Buenos Aires, Argentina","7109","30-70894976-7","","No","No"
"Llambias","Farmacia","Buenos Aires","Mar De Ajo","","Av. Libertador San Martín 582, B7109 Mar De Ajó, Provincia De Buenos Aires","","27-20326841-1","","Si","Si"
"Mar De Cobo","Farmacia","Buenos Aires","Mar De Las Pampas","","Av Manuel Cobo 402","7609","30-71646873-5","","No","No"
"25 De Mayo ","Farmacia","Buenos Aires","Mar Del Plata","Nueva Pompeya","25  DE MAYO 3611","7600","27-16012382-1","","Si","Si"
"Amupe","Farmacia","Buenos Aires","Mar Del Plata","Centro","alberti 2639 entre cordoba y san luis","7600","30-63302859-8","","No","No"
"Asociacion Mutual Balcarce (Farmacia Mutual Am)","Farmacia","Buenos Aires","Mar Del Plata","General Roca","BUENOS AIRES 3151","7600","30-60584361-6","","No","No"
"Bauza-Farmacia Bauza Ii Scs","Farmacia","Buenos Aires","Mar Del Plata","Centro","Rivadavia 2320, Mar del Plata, Provincia de Buenos Aires, Argentina","7600","30-70721887-4","","Si","Si"
"Bauza-Farmacia Pharmadiet Scs","Farmacia","Buenos Aires","Mar Del Plata","Los Troncos","Güemes 3185","7600","30-70839101-4","","Si","Si"
"Bauza-Farmacia Pharmagap","Farmacia","Buenos Aires","Mar Del Plata","Centro","Rivadavia 3201, Mar del Plata, Provincia de Buenos Aires, Argentina","7600","30-70804619-8","","Si","Si"
"Bauza-Farmacia Social Luro Scs","Farmacia","Buenos Aires","Mar Del Plata","Centro","Avenida Pedro Luro 3499, Mar del Plata, Provincia de Buenos Aires, Argentina","7600","30-70065675-2","","Si","Si"
"Bauza-Farmacia Vizcay Scs","Farmacia","Buenos Aires","Mar Del Plata","Playa Grande","Leandro N. Alem 3565","7600","30-70943841-3","","Si","Si"
"Bauza-Farmcia Pharmaluro Scs","Farmacia","Buenos Aires","Mar Del Plata","Centro","PEATONAL SAN MARTIN 2726","7600","33-70893106-9","","Si","Si"
"Bauza-Geronimo Farmaceutica Roig","Farmacia","Buenos Aires","Mar Del Plata","Centro","Avenida Pedro Luro 3219, Mar del Plata, Provincia de Buenos Aires, Argentina","7600","30-68134385-3","","Si","Si"
"Bauza-Terminal Mdq Scs","Farmacia","Buenos Aires","Mar Del Plata","Centro","Alberti 1601, Mar del Plata, Provincia de Buenos Aires, Argentina","7600","30-71133926-0","","Si","Si"
"Beccacece","Farmacia","Buenos Aires","Mar Del Plata","Centro","Belgrano 3113","6000","23-22235678-4","","No","No"
"Bosque Grande","Farmacia","Buenos Aires","Mar Del Plata","Hipodromo","AVENIDA VERTIZ 9162 ENTRE MAC GAUL Y HEGUILOR","7611","33-70811746-9","","No","No"
"Centro Pueyrredon Farmaceutica Scs (Pueyrredon )","Farmacia","Buenos Aires","Mar Del Plata","Centro","Córdoba 1998, Mar del Plata, Provincia de Buenos Aires, Argentina","7600","30-71620568-8","","Si","Si"
"Chauvin Pueyrredon","Farmacia","Buenos Aires","Mar Del Plata","Centro","Córdoba 3869,","7600","30-71685585-2","","Si","No"
"Constitucion -  Gandara","Farmacia","Buenos Aires","Mar Del Plata","San Carlos","JUAN B. JUSTO 494","7600","20-11901965-7","","Si","Si"
"Constitucion - Lasalle","Farmacia","Buenos Aires","Mar Del Plata","Estrada Jose Manuel","CONSTITUCION AVDA. 6995","7600","30-71052236-3","","Si","Si"
"Constitucion - Nueva Constitucion Scs","Farmacia","Buenos Aires","Mar Del Plata","Estrada Jose Manuel","CONSTITUCION AVDA. 6679","7600","30-68994714-6","","Si","Si"
"Constitucion - Pinos De Anchorena","Farmacia","Buenos Aires","Mar Del Plata","Estrada Jose Manuel","CONSTITUCION AVDA. 6001","7600","30-70887932-7","","Si","Si"
"Del Puerto","Farmacia","Buenos Aires","Mar Del Plata","Villa Lourdes","12 de Octubre 3499","7600","30-70724233-3","","Si","Si"
"Del Puerto","Farmacia","Buenos Aires","Mar Del Plata","Peralta Ramos Oeste","Av. Jacinto Peralta Ramos 402","7600","30-71219059-7","","Si","Si"
"Del Puerto (suc. 12 De Octubre)","Farmacia","Buenos Aires","Mar Del Plata","Del Puerto","12 De Octubre 3185,","7600","30-70825216-2","","Si","Si"
"Del Puerto (suc. Tejedor)","Farmacia","Buenos Aires","Mar Del Plata","Parque Luro","Av. Carlos Tejedor 581","7600","30-71623726-1","","Si","Si"
"Della Maggiora","Farmacia","Buenos Aires","Mar Del Plata","San Juan","Av. Colón 4101","7600","20-12544249-9","","Si","Si"
"Dominguez Lay","Farmacia","Buenos Aires","Mar Del Plata","Zacagnini Jose Manuel","Av. Carlos Tejedor 3627, B7600 Mar Del Plata, Provincia De Buenos Aires","7600","23-33177284-4","","Si","Si"
"El Angel Franco","Farmacia","Buenos Aires","Mar Del Plata","Centro","SANTA FE 2102","7600","30-71196820-9","","Si","Si"
"Farmacia Alberti 2902","Farmacia","Buenos Aires","Mar Del Plata","Centro","Gascón 2899","7600","30-70913565-8","","Si","Si"
"Farmacia Allemma - Pizzolo Bosque","Farmacia","Buenos Aires","Mar Del Plata","Punta Mogotes","AV. MARIO BRAVO 2067","7600","30-71400923-7","","Si","Si"
"Farmacia Amancay","Farmacia","Buenos Aires","Mar Del Plata","Los Acantilados","Acapulco 735","7600","27-23786212-6","","No","No"
"Farmacia Amancay Mdq","Farmacia","Buenos Aires","Mar Del Plata","La Perla","Patricio Peralta Ramos 521","7600","30-71471489-5","","Si","Si"
"Farmacia Amecco","Farmacia","Buenos Aires","Mar Del Plata","Plaza Peralta Ramos","AV. INDEPENDENCIA 2243","7600","30-57085674-6","","Si","Si"
"Farmacia Amof","Farmacia","Buenos Aires","Mar Del Plata","San Jose","Av. Juan B. Justo 2685","7600","30-70808398-0","","No","No"
"Farmacia Amof","Farmacia","Buenos Aires","Mar Del Plata","Centro","Santiago del Estero 1745","7600","30-70808398-0","","Si","Si"
"Farmacia Avenida","Farmacia","Buenos Aires","Mar Del Plata","Villa Primera","AV. LIBERTAD 4499","7600","27-27270014-7","","Si","Si"
"Farmacia Badamar","Farmacia","Buenos Aires","Mar Del Plata","Centro","Colon 1399","7600","30-70764723-6","","No","No"
"Farmacia Colon","Farmacia","Buenos Aires","Mar Del Plata","Plaza Peralta Ramos","AVENDIA INDEPENDENCIA 2649","7600","30-71528808-3","","Si","Si"
"Farmacia Copal","Farmacia","Buenos Aires","Mar Del Plata","Plaza Peralta Ramos","San Juan 2998","7600","27-21447526-5","","No","No"
"Farmacia Del Cueto","Farmacia","Buenos Aires","Mar Del Plata","Las Avenidas","12 DE OCTUBRE 5054","7608","27-13497790-1","","Si","Si"
"Farmacia Del Labrador","Farmacia","Buenos Aires","Mar Del Plata","Estacion terminal","TUCUMAN 2853","7602","30-70752910-1","","No","No"
"Farmacia Del Puerto","Farmacia","Buenos Aires","Mar Del Plata","Sarmiento Domingo Faustino","Avenida Pedro Luro 5802","7604","30-71400482-0","","No","No"
"Farmacia Edison","Farmacia","Buenos Aires","Mar Del Plata","Villa Lourdes","AVENIDA EDISON 1180","7600","30-70950440-8","","No","No"
"Farmacia Express Mdq","Farmacia","Buenos Aires","Mar Del Plata","Centro","Falucho 1602","7600","30-71301780-5","","Si","No"
"Farmacia Farmahuinco","Farmacia","Buenos Aires","Mar Del Plata","Villa Lourdes","VERTIZ 4282","7600","33-71556109-9","","No","No"
"Farmacia Farmalyf Scs","Farmacia","Buenos Aires","Mar Del Plata","San Jose","Avenida Independencia 4117, Mar del Plata, Provincia de Buenos Aires, Argentina","7600","30-70155306-8","","No","No"
"Farmacia Ferrero","Farmacia","Buenos Aires","Mar Del Plata","El Progreso","Fortunato de la Plaza 6304","7600","30-68558691-2","","Si","No"
"Farmacia Gomez","Farmacia","Buenos Aires","Mar Del Plata","Centro","Alvarado 2318","7602","30-71525290-9","","No","No"
"Farmacia La Perla","Farmacia","Buenos Aires","Mar Del Plata","La Perla","España 1003","7600","27-28008454-4","","Si","Si"
"Farmacia Lopez","Farmacia","Buenos Aires","Mar Del Plata","La Perla","25 de Mayo 2999","7600","27-16713558-2","","No","No"
"Farmacia Malen ","Farmacia","Buenos Aires","Mar Del Plata","San Jose","CATAMARCA 3201","7602","20-17509368-1","","Si","Si"
"Farmacia Matheu","Farmacia","Buenos Aires","Mar Del Plata","San Jose","Av. independencia 3802","7600","30-71547086-8","","No","No"
"Farmacia Mcl","Farmacia","Buenos Aires","Mar Del Plata","Centro","AV. COLON 2070","7600","30-71458185-2","","Si","Si"
"Farmacia Montti","Farmacia","Buenos Aires","Mar Del Plata","General Roca","TUCUMAN 3392","7600","20-23926653-4","","Si","Si"
"Farmacia Mutual Federada (Mar Del Plata)","Farmacia","Buenos Aires","Mar Del Plata","Centro","ALBERTI 3973","7600","30-54159260-8","","No","No"
"Farmacia Occi","Farmacia","Buenos Aires","Mar Del Plata","San Carlos","Av. Juan b justo 1302","7600","23-28410308-4","","Si","No"
"Farmacia Palkin Independencia","Farmacia","Buenos Aires","Mar Del Plata","San Jose","Avenida Independencia 3501, Mar del Plata, Provincia de Buenos Aires, Argentina","7602","20-04290553-5","","Si","Si"
"Farmacia Paz","Farmacia","Buenos Aires","Mar Del Plata","Peralta Ramos Oeste","Talcahuano 793","7600","23-17660207-4","","No","No"
"Farmacia Pizzolo","Farmacia","Buenos Aires","Mar Del Plata","Juramento","FORTUNATO DE LA PLAZA 3658","7600","30-71161245-5","","No","No"
"Farmacia Pueyrredon Ii Scs (Farmacia Pueyrredon )","Farmacia","Buenos Aires","Mar Del Plata","Centro","CMA, Rivadavia 2587, Mar del Plata, Provincia de Buenos Aires, Argentina","7600","33-69001675-9","","No","No"
"Farmacia Pueyrredon Iii Scs ( Farmacia Pueyrredon )","Farmacia","Buenos Aires","Mar Del Plata","Las Avenidas","Avenida Juan B. Justo 1846, Mar del Plata, Provincia de Buenos Aires, Argentina","7600","30-67678141-9","","No","No"
"Farmacia Pueyrredon Scs ( Pueyrredon )","Farmacia","Buenos Aires","Mar Del Plata","Centro","Belgrano 2448, Mar del Plata, Provincia de Buenos Aires, Argentina","7600","30-68141097-6","","Si","Si"
"Farmacia Rambla Y Casino Del Milenio","Farmacia","Buenos Aires","Mar Del Plata","Centro","MORENO 2164","7600","30-71599055-1","","No","No"
"Farmacia Rateriy","Farmacia","Buenos Aires","Mar Del Plata","Centro","Jujuy 2167, Mar del Plata, Provincia de Buenos Aires, Argentina","7600","30-68139199-8","","Si","No"
"Farmacia Riadigos Alem","Farmacia","Buenos Aires","Mar Del Plata","Playa Grande","Leandro N. Alem 3777","7602","30-70153514-2","","No","No"
"Farmacia Riadigos Alvarado","Farmacia","Buenos Aires","Mar Del Plata","Centro","Alvarado 2798","7600","30-68561363-4","","No","No"
"Farmacia Riadigos Carrefour","Farmacia","Buenos Aires","Mar Del Plata","Aeroparque","Av. Constitución 7508 Carrefour","7600","30-71234251-6","","No","No"
"Farmacia Riadigos Diagonal","Farmacia","Buenos Aires","Mar Del Plata","Centro","Rivadavia 2960","7600","30-70067831-4","","Si","Si"
"Farmacia Riadigos Jbj","Farmacia","Buenos Aires","Mar Del Plata","Primera Junta","Córdoba 4595","7602","30-70753872-0","","No","No"
"Farmacia Riadigos Mesa","Farmacia","Buenos Aires","Mar Del Plata","Centro","Alberti 2298","7600","30-71594579-3","","No","No"
"Farmacia Riadigos Mogotes","Farmacia","Buenos Aires","Mar Del Plata","Punta Mogotes","Sicilia 1474","7600","30-71207168-7","","No","No"
"Farmacia Riadigos Mrl","Farmacia","Buenos Aires","Mar Del Plata","Parque Luro","Avenida Constitución 4793","7600","30-70707236-5","","No","No"
"Farmacia Riadigos Ortega","Farmacia","Buenos Aires","Mar Del Plata","Nueve de Julio","Avenida Pedro Luro 6901","7600","30-71553634-6","","No","No"
"Farmacia Romero","Farmacia","Buenos Aires","Mar Del Plata","Nueva Pompeya","11 De Septiembre 3783","7600","30-71669078-0","","Si","Si"
"Farmacia Simini Pueyrredon","Farmacia","Buenos Aires","Mar Del Plata","General Roca","LAS HERAS 3010","7600","30-71571430-9","","No","No"
"Farmacia Starpyh","Farmacia","Buenos Aires","Mar Del Plata","Centro","Avenida Pedro Luro 3501, Mar del Plata, Provincia de Buenos Aires, Argentina","7600","30-55179414-4","","No","No"
"Farmacia Sur","Farmacia","Buenos Aires","Mar Del Plata","Don Bosco","Av. Colón 5398","7600","20-25898094-9","","Si","Si"
"Farmacia Talcahuano Scs (Farmacia Pueyrredon )","Farmacia","Buenos Aires","Mar Del Plata","Las Avenidas","Talcahuano 399, Mar del Plata, Provincia de Buenos Aires, Argentina","7600","30-71106739-2","","No","No"
"Farmacia Trejomar Mdp","Farmacia","Buenos Aires","Mar Del Plata","Parque Luro","STROBEL 5191","7600","30-71535615-1","","No","No"
"Farmacia Trozzi","Farmacia","Buenos Aires","Mar Del Plata","Sur","JACINTO PERALTA RAMOS 1701","7608","27-23535618-5","","No","No"
"Farmacia Valentini","Farmacia","Buenos Aires","Mar Del Plata","Rivadavia Bernardino","JARA 3993","7604","27-16683192-5","","No","No"
"Farmacia Vara","Farmacia","Buenos Aires","Mar Del Plata","Bosque Peralta Ramos","Diag. Estados Unidos Nte. 779, B7600 Mar Del Plata, Provincia De Buenos Aires, Argentina","7600","20-34050112-9","","Si","Si"
"Galileos Sur","Farmacia","Buenos Aires","Mar Del Plata","Punta Mogotes","Av. Mario Bravo 502","7600","30-71669075-6","","Si","Si"
"Garcia Bordenave","Farmacia","Buenos Aires","Mar Del Plata","Don Bosco","Av. Juan Héctor Jara 1842","7600","20-31679510-3","","Si","Si"
"Gremial Ams","Farmacia","Buenos Aires","Mar Del Plata","Plaza Peralta Ramos","20 De Septiembre 2647","7600","30-67681271-2","","Si","Si"
"Grimaldi Farma Beauty","Farmacia","Buenos Aires","Mar Del Plata","Los Troncos","Rodríguez Peña 1299, Primera Junta, B7602gpy Mar Del Plata, Provincia De Buenos Aires","7602","30-70954587-2","","Si","Si"
"Hospital Privado De Comunidad","Farmacia","Buenos Aires","Mar Del Plata","San Jose","Córdoba 4545","7608","30-54612550-1","","Si","Si"
"La Esquina Norte","Farmacia","Buenos Aires","Mar Del Plata","Centro","SANTIAGO DEL ESTERO 2399","7600","30-70909316-5","","Si","Si"
"Lopez Ii (castro Mario)","Farmacia","Buenos Aires","Mar Del Plata","General Roca","Rodríguez Peña 2535","7600","20-14910640-6","","Si","Si"
"Mammana","Farmacia","Buenos Aires","Mar Del Plata","Rivadavia Bernardino","Chile 2987","7604","20-14541495-5","","Si","Si"
"Mendeleiv Sur","Farmacia","Buenos Aires","Mar Del Plata","San Cayetano","Av. Colón 6699","7600","33-71757346-9","","Si","No"
"Mitre","Farmacia","Buenos Aires","Mar Del Plata","San Cayetano","Av. Colon 2693","7600","30-71150379-6","","Si","Si"
"Nueva Cordoba Scs","Farmacia","Buenos Aires","Mar Del Plata","San Jose","Córdoba 4546, Mar del Plata, Provincia de Buenos Aires, Argentina","7600","33-70774682-9","","Si","Si"
"Nueva Plaza Ii","Farmacia","Buenos Aires","Mar Del Plata","Estrada Jose Manuel","Av. Constitución 5701","7605","30-71146392-1","","No","No"
"Oliveri","Farmacia","Buenos Aires","Mar Del Plata","San Juan","Av. Luro 4102","7600","23-21786632-4","","Si","Si"
"Palkin Colon","Farmacia","Buenos Aires","Mar Del Plata","San Juan","Avenida Colón 3598","7600","30-59446143-2","","Si","No"
"Pharmabeach","Farmacia","Buenos Aires","Mar Del Plata","Termas Huinco","Av. Edison 1582","7600","30-71505690-5","","Si","Si"
"Pharmarural 226","Farmacia","Buenos Aires","Mar Del Plata","Coyunco","Ruta Nacional 226 Km 16,5 El Coyunco,","7601","30-71769386-4","","Si","Si"
"Pharmavip Scs (Farmacia Bauza)","Farmacia","Buenos Aires","Mar Del Plata","Colinas de Peralta Ramos","Avenida Mario Bravo 3453, Mar del Plata, Provincia de Buenos Aires, Argentina","7600","30-71590882-0","","Si","Si"
"Previley 1 - Suc Ramos","Farmacia","Buenos Aires","Mar Del Plata","Sanchez Florencio","J.P. RAMOS AVDA.2413","7608","30-69262395-5","","No","No"
"Previley 2 - Suc Serrat","Farmacia","Buenos Aires","Mar Del Plata","Villa Lourdes","12 DE OCTUBRE 3792","7600","30-71656738-5","","No","No"
"Previley 3 - Suc. Cristi","Farmacia","Buenos Aires","Mar Del Plata","Nueva Pompeya","Avenida Pedro Luro 3804","7603","30-71439919-1","","Si","Si"
"Previley 4 - Suc. Rama","Farmacia","Buenos Aires","Mar Del Plata","Sanchez Florencio","Talcahuano 2002","7608","30-71565056-4","","Si","No"
"Previley 5 - Suc. Flia","Farmacia","Buenos Aires","Mar Del Plata","Don Bosco","San Martín 5521","7600","30-71707895-7","","Si","No"
"Previley 6 - Suc. Flia","Farmacia","Buenos Aires","Mar Del Plata","El Progreso","Av. Fortunato De La Plaza 5120","7600","30-71838002-9","","Si","No"
"Puey-Salud Farmaceutica Scs (Pueyrredon )","Farmacia","Buenos Aires","Mar Del Plata","San Carlos","Avenida Juan B. Justo 1601, Mar del Plata, Provincia de Buenos Aires, Argentina","7600","30-71563652-9","","No","No"
"Riadigos Gascon","Farmacia","Buenos Aires","Mar Del Plata","Centro","Gascón 1299, B7600 Mar Del Plata, Provincia De Buenos Aires","7600","30-71882635-3","","Si","Si"
"Riadigos Guemes","Farmacia","Buenos Aires","Mar Del Plata","Estacion terminal","Castelli 1309","7000","20-14319223-8","","No","No"
"Riadigos San Martin","Farmacia","Buenos Aires","Mar Del Plata","Centro","Peatonal San Martín 2455","7600","27-40344433-8","","Si","Si"
"Santa Teresita","Farmacia","Buenos Aires","Mar Del Plata","Centro","Santiago Del Estero 2903","7600","30-68558349-2","","Si","Si"
"Siempre Farmacias Badanez","Farmacia","Buenos Aires","Mar Del Plata","Centro","San Martin 2149","7600","30-70837810-7","","Si","Si"
"Social S.u.m.a.","Farmacia","Buenos Aires","Mar Del Plata","Funes y San Lorenzo","Dean Funes 3187","7600","30-65313554-4","","Si","Si"
"Szpyrnal","Farmacia","Buenos Aires","Mar Del Plata","San Jose","RODRIGUEZ PEÑA 3695 ESQ. 14 DE JULIO ","7600","30-71600680-3","","Si","No"
"Vacunatorio Previvax Mar Del Plata","Vacunatorio","Buenos Aires","Mar Del Plata","La Perla","25 DE MAYO 3588","7600","30-71441776-9","","Si","No"
"Vacunatorio Previvax Sede Aldrey","Vacunatorio","Buenos Aires","Mar Del Plata","Estacion terminal","Sarmiento 2685, B7600 Mar Del Plata, Provincia De Buenos Aires","7600","30-71441776-9","","Si","No"
"Vacunatorio Proteger Mar Del Plata","Vacunatorio","Buenos Aires","Mar Del Plata","Centro","San Luis 2176","7600","30-54608519-4","","Si","No"
"Castro","Farmacia","Buenos Aires","Mariano H. Alfonzo","","Luis Pasteur 100","2718","27-28215466-3","","Si","Si"
"Farma 365 - Fleming ","Farmacia","Buenos Aires","Martinez","","Av. Sir Alexander Fleming 801, B1640 Martínez, Provincia De Buenos Aires, Argentina","1640","30-71809438-7","","Si","Si"
"Farma 365 - Gtm ","Farmacia","Buenos Aires","Martinez","","Juncal 862, B1640 Martínez, Provincia De Buenos Aires, Argentina","1640","30-65949427-9","","Si","Si"
"Farmacia Behring","Farmacia","Buenos Aires","Martinez","","Av. Santa fe 1399","1640","27-21509254-8","","No","No"
"Farmacia El Fenix","Farmacia","Buenos Aires","Martinez","","Avenida Sir Alexander Fleming 2133","1640","20-11554717-9","","No","No"
"Farmacia Sudamericana","Farmacia","Buenos Aires","Martinez","","HIPOLITO IRIGOYEN  514","1640","20-17606912-1","","No","No"
"Farmatodo - Mark","Farmacia","Buenos Aires","Martinez","","Av. Del Libertador 13932","1640","30-71102449-9","","No","No"
"Open Martinez","Farmacia","Buenos Aires","Martinez","","Av. Sta Fe 1402","1640","30-71830556-6","","No","No"
"Openfarma Sucursal Martinez","Farmacia","Buenos Aires","Martinez","","Avenida Santa Fe 2013","1640","30-58014000-5","","No","No"
"Selma Martinez","Farmacia","Buenos Aires","Martinez","","Avenida Santa Fe 2797","1640","30-69505634-2","","No","No"
"Zona Vital Unicenter Ii","Farmacia","Buenos Aires","Martinez","","LOCAL 1176 (PB) UNICENTER SHOPPING","1640","30-69655353-6","","Si","Si"
"Farmacia Martin","Farmacia","Buenos Aires","Matheu","","Sarmiento 13","1627","27-11336784-4","","Si","No"
"Farmacia Ros","Farmacia","Buenos Aires","Matheu","","NAZARRE 430 - PASEO DEL PUEBLO - LOC 1","5109","27-33084196-1","","No","No"
"Farmacia Di Nucci S.C.S","Farmacia","Buenos Aires","Medanos","","MITRE 220","8132","33-68805766-9","","Si","Si"
"Farmacia Bocca","Farmacia","Buenos Aires","Mercedes","","CALLE 32 N 863","6600","20-22624385-3","","No","No"
"Farmacia Del Pueblo","Farmacia","Buenos Aires","Mercedes","","CALLE 25 N450 ESQUINA 20","6600","20-14524500-2","","No","No"
"Farmacia Silvestre","Farmacia","Buenos Aires","Mercedes","","CALLE 16 NRO 954","6600","27-05633034-3","","No","No"
"Tiseyra","Farmacia","Buenos Aires","Mercedes","","C. 12 1124, B6600 Mercedes","6600","27-32440966-7","","Si","Si"
"Central Oeste - Farmacia De La Estacion Merlo","Farmacia","Buenos Aires","Merlo","","DEL LIBERTADOR 788","B1722ERU","30-70847543-9","","No","No"
"Central Oeste Funes","Farmacia","Buenos Aires","Merlo","","LIBERTADOR 363","1722","30-71573774-0","","No","No"
"Farmacia Curotti","Farmacia","Buenos Aires","Merlo","","Av Jose de San Martin 3225","1721","23-14411930-4","","Si","Si"
"Farmacia Miguel","Farmacia","Buenos Aires","Merlo","","Ricardo Balbin 9430","1723","30-70867185-8","","No","No"
"Farmacia Nuevo Arco","Farmacia","Buenos Aires","Merlo","","Av. Patricios 7485","1722","33-71707465-9","","No","No"
"Farmacia Porvenir","Farmacia","Buenos Aires","Merlo","","Av. San martin 2800","1721","30-71429940-5","","No","No"
"Farmacia Romano","Farmacia","Buenos Aires","Merlo","","Aristobulo del Valle 2898","1722","20-08209402-5","","Si","Si"
"Vantage","Farmacia","Buenos Aires","Merlo","","Presidente Cámpora 2289","1722","30-70895315-2","","Si","No"
"Mara","Farmacia","Buenos Aires","Monte Chingolo","","Eva Perón 4029","1825","23-16104842-9","","No","No"
"Beltran","Farmacia","Buenos Aires","Monte Grande","","Leandro N. Alem 2755","1841","27-36215985-2","","Si","Si"
"Farma 24 Monte Grande","Farmacia","Buenos Aires","Monte Grande","","BOULEVARD BUENOS AIRES 179","B1842CDB","30-71094452-7","","No","No"
"Farmacia Nueva Boggian","Farmacia","Buenos Aires","Monte Grande","","Av. Enrique Santamarina 102","1842","33-71027548-9","","No","No"
"Malvinas -pefesan","Farmacia","Buenos Aires","Monte Grande","","Nuestras Malvinas 450","1838","30-67613768-4","","No","No"
"Monte Grande Farmaceutica S.C.S.","Farmacia","Buenos Aires","Monte Grande","","General Rodríguez 129, Monte Grande, Provincia de Buenos Aires, Argentina","1842","33-58498268-9","","No","No"
"Lopez Maria Florencia","Farmacia","Buenos Aires","Moquehuá","","San Martin 214, B6625 Moquehuá, Provincia De Buenos Aires","6625","27-33385658-7","","No","No"
"Alberdi","Farmacia","Buenos Aires","Moreno","","Martínez Melo 87","1744","30-68155519-2","","No","No"
"Barreto","Farmacia","Buenos Aires","Moreno","","Tucuman 221","1744","30-71752940-1","","Si","No"
"Farmacia Afinidad Social","Farmacia","Buenos Aires","Moreno","","Joly 2597","1744","30-70738010-8","","No","No"
"Farmacia Altos De Moreno","Farmacia","Buenos Aires","Moreno","","Avenida del Libertador 299","1744","30-70724945-1","","Si","No"
"Farmacia Catedral De Moreno","Farmacia","Buenos Aires","Moreno","","Doctor Alberto Vera 24","1744","30-71092053-9","","No","No"
"Farmacia Odeon","Farmacia","Buenos Aires","Moreno","","Bartolome mitre 2899","1744","30-53137058-5","","No","No"
"Farmacia Punto De Salud Del Hiper","Farmacia","Buenos Aires","Moreno","","Av. Gaona Y Graham Bell","1744","30-69304538-6","","No","No"
"Farmacia Social Avenida","Farmacia","Buenos Aires","Moreno","","Av Victorica 502","1744","30-71567113-8","","No","No"
"Farmacia Social Victorica","Farmacia","Buenos Aires","Moreno","","Av Victorica 763","1744","33-71525278-9","","No","No"
"Farmacia Tamara Natalia","Farmacia","Buenos Aires","Moreno","","Av. Del Libertador 4620, B1743 Moreno, Provincia De Buenos Aires, Argentina","1743","30-71729947-3","","No","No"
"Hauke De Farmacia Social Moreno Scs","Farmacia","Buenos Aires","Moreno","","BARTOLOME MITRE AVDA. 2693","1744","30-67931550-8","","Si","No"
"Segault ","Farmacia","Buenos Aires","Moreno","","Zeballos 807 ","1744","20-24627437-2","","No","No"
"Central Oeste - Antigua Farmacia Cravenna","Farmacia","Buenos Aires","Moron","","RIVADAVIA AVDA.18199","1708","30-66007461-5","","No","No"
"Central Oeste - Antigua Farmacia Mareque","Farmacia","Buenos Aires","Moron","","ALMIRANTE BROWN 701","1708","30-70762155-5","","No","No"
"Central Oeste - Farmacia Central Moron ","Farmacia","Buenos Aires","Moron","","RIVADAVIA AVDA. 18161","1708","30-57388674-3","","No","No"
"Central Oeste Halpern ","Farmacia","Buenos Aires","Moron","","CORDOBA 303","1708","30-71652660-3","","No","No"
"Central Oeste- Moderna Farmacia ","Farmacia","Buenos Aires","Moron","","25 DE MAYO 139","1708","30-69704901-7","","No","No"
"Central Oeste Moron","Farmacia","Buenos Aires","Moron","","INDEPENDENCIA 165","1708","30-70847543-9","","No","No"
"Cogliati","Farmacia","Buenos Aires","Moron","","Belgrano 294","1708","27-03976552-2","","No","No"
"De Paoli","Farmacia","Buenos Aires","Moron","","Mendoza 300","1708","27-23045897-4","","No","No"
"Farmacia Bande","Farmacia","Buenos Aires","Moron","","Gobernador Valentín Vergara 91","1708","27-17108703-7","","Si","Si"
"Farmacia Bideberry","Farmacia","Buenos Aires","Moron","","Carmen de Patagones 1253","1708","20-14508828-4","","No","No"
"Farmacia Cogliati San Martin","Farmacia","Buenos Aires","Moron","","GENERAL SAN MARTÍN 499","1708","33-70940330-9","","No","No"
"Farmacia Raspo Moron","Farmacia","Buenos Aires","Moron","","Domingo French 402","1708","30-70868104-7","","Si","Si"
"La Comunitaria De Moron","Farmacia","Buenos Aires","Moron","","9 De Julio 162","1708","30-71458520-3","","Si","No"
"Moron Del Norte -moralejo","Farmacia","Buenos Aires","Moron","","Sarmiento 779","1708","30-71506668-4","","No","No"
"Vac Cepem Consultorios Medicos","Vacunatorio","Buenos Aires","Moron","","Gral. Machado 729","1708","30-70870140-4","","Si","No"
"Villa Sarmiento","Farmacia","Buenos Aires","Moron","","Presidente PeróN 79","1706","27-14204863-4","","Si","Si"
"Nueva Farmacia De Maria","Farmacia","Buenos Aires","Muniz","","Farias 589","1663","30-70945538-5","","Si","No"
"Central Munro","Farmacia","Buenos Aires","Munro","","Vélez Sársfield 4164","1605","30-69512049-0","","Si","Si"
"Farmacia Raspo Munro","Farmacia","Buenos Aires","Munro","","Vélez Sársfield 4875","1605","33-71553243-9","","No","No"
"Tkl Munro","Farmacia","Buenos Aires","Munro","","Avenida Vélez Sarsfield 4653, Buenos Aires, Argentina","1605","30-71067170-9","","Si","No"
"Farmacia Dorrego De Navarro","Farmacia","Buenos Aires","Navarro","","C. 7 252, B6605 Navarro, Provincia De Buenos Aires, Argentina","6605","33-71873808-9","","Si","No"
"Bertagni","Farmacia","Buenos Aires","Necochea","","Av. 59 2965","7630","30-51572873-9","","Si","Si"
"Cruci","Farmacia","Buenos Aires","Necochea","","Av. 59 1270","7630","20-20254992-7","","Si","Si"
"Farmacia Bernasconi","Farmacia","Buenos Aires","Necochea","","Av. 10 Nro 3574","7630","27-16370208-3","","Si","Si"
"Farmacia Española","Farmacia","Buenos Aires","Necochea","","C. 62 2946","","20-12964561-0","","Si","Si"
"Farmacia Mutual De La Sociedad Espanola Socorros Mutuos","Farmacia","Buenos Aires","Necochea","","Avenida 59 N 2433","7630","30-51759227-3","","No","No"
"Farmacia Oyhamburu Playa","Farmacia","Buenos Aires","Necochea","","Av. 2, Villa Díaz Vélez 4296, B7630 Necochea, Provincia De Buenos Aires, Argentina","7630","33-71651995-9","","Si","No"
"Malmierca","Farmacia","Buenos Aires","Necochea","","C. 57 2898","7630","20-16707994-7","","Si","Si"
"Oyhamburu","Farmacia","Buenos Aires","Necochea","","C. 63 2901","7630","30-70878575-6","","Si","Si"
"Pappaterra","Farmacia","Buenos Aires","Necochea","","Av. 91 1516","7630","27-18202192-5","","Si","Si"
"Vacunatorio Preventive Life ","Vacunatorio","Buenos Aires","Nordelta","","Av. De Los Lagos 6855","1670","30-71097095-1","","Si","No"
"Alem Graciela Isabel (Farmacia Alem)","Farmacia","Buenos Aires","Olavarria","","RIVADAVIA 2957","7400","27-16768300-8","","No","No"
"Ceco-Ceco (Farmacia Ceco)","Farmacia","Buenos Aires","Olavarria","","Coronel Suárez 2752, Olavarría, Provincia de Buenos Aires","7400","30-53182256-7","","Si","No"
"Disanti","Farmacia","Buenos Aires","Olavarria","","Rivadavia 1802","7400","30-71906801-0","","Si","Si"
"Failla","Farmacia","Buenos Aires","Olavarria","","Chacabuco 2197","7400","27-17288816-5","","Si","No"
"Farmacia Alvarez","Farmacia","Buenos Aires","Olavarria","","BELGRANO 2897","7400","20-23128989-6","","Si","No"
"Farmacia A.M.M.B.A. Loma Negra","Farmacia","Buenos Aires","Olavarria","","Brown 1274, Loma Negra","7403","30-63497331-8","","No","No"
"Farmacia Betz","Farmacia","Buenos Aires","Olavarria","","Avenida Pringles 2035, Olavarría, Provincia de Buenos Aires, Argentina","7400","27-34623725-8","","Si","No"
"Farmacia Fenix","Farmacia","Buenos Aires","Olavarria","","Vicente López 2255, Olavarría, Provincia de Buenos Aires, Argentina","7400","30-66663191-5","","No","No"
"Farmacia Ferrero","Farmacia","Buenos Aires","Olavarria","","Av de los Trabajadores 3335","7400","20-21638267-7","","No","No"
"Farmacia Gomez","Farmacia","Buenos Aires","Olavarria","","Av Centenario, Esq. Bartolomé Mitre 1299","7401","20-14780728-8","","Si","Si"
"Farmacia Magistral","Farmacia","Buenos Aires","Olavarria","","Av. Sarmiento 2919","7400","20-22143033-7","","No","No"
"Farmacia Melffi","Farmacia","Buenos Aires","Olavarria","","Necochea 2986","7400","27-21797055-0","","No","No"
"Farmacia San Jose","Farmacia","Buenos Aires","Olavarria","","Av Pueyrredon 3166","7400","27-23457174-0","","No","No"
"Farmacia Spinola","Farmacia","Buenos Aires","Olavarria","","Necochea 3282","7400","27-17492687-0","","No","No"
"Martel","Farmacia","Buenos Aires","Olavarria","","España 2694, Olavarría, Provincia de Buenos Aires","7400","27-03761257-5","","No","No"
"Modo Farma Olavarria","Farmacia","Buenos Aires","Olavarria","","AV. SARMIENTO 1746","7400","30-71844363-2","","Si","No"
"Pacheco","Farmacia","Buenos Aires","Olavarria","","Av. Pellegrini 3194","7400","23-24813811-4","","Si","No"
"Spina","Farmacia","Buenos Aires","Olavarria","","Belgrano 1955","7400","27-20047849-0","","No","No"
"España","Farmacia","Buenos Aires","Olivos","","Gdor. Marcelino Ugarte 2401, B1636 Olivos, Provincia De Buenos Aires","1636","20-16639407-5","","Si","Si"
"Farmacia Borges","Farmacia","Buenos Aires","Olivos","","Roma 800, esquina Rioja","1636","30-70771111-2","","No","No"
"Farmacia Romani","Farmacia","Buenos Aires","Olivos","","AV. MAIPU N 3548","1636","20-22991724-3","","Si","No"
"Farmacia Selma ","Farmacia","Buenos Aires","Olivos","","Av. Maipú 2440, Olivos, Provincia de Buenos Aires, Argentina","1636","30-66389954-2","","Si","Si"
"Farmaolivos","Farmacia","Buenos Aires","Olivos","","DEL LIBERTADOR AVDA. 2217","1636","33-70905528-9","","Si","Si"
"Selma La Suizo","Farmacia","Buenos Aires","Olivos","","AV. MAIPU 2223","1636","30-58266487-7","","Si","No"
"Selma Olivos","Farmacia","Buenos Aires","Olivos","","Avenida Maipú 3201","1636","20-10833619-7","","No","No"
"Del Puebo Open  Door","Farmacia","Buenos Aires","Open Door","","Bv. Dr. Domingo Cabred 560, B6708ant Open Door","6708","20-24001625-8","","Si","No"
"Farmacia Rey","Farmacia","Buenos Aires","Open Door","","Bueno Aires 954","6708","20-25351778-7","","Si","Si"
"Carricaburu","Farmacia","Buenos Aires","Pablo Podesta","","Benito Perez Galdos 8406","1657","27-17740261-9","","Si","Si"
"Farmacia Rodriguez","Farmacia","Buenos Aires","Pablo Podesta","","Presidente perón 8950","1687","27-01445845-5","","Si","No"
"Farmacia Dohval","Farmacia","Buenos Aires","Parada Robles","","COLECTORA LOS PINOS 334","6703","27-30555536-9","","No","No"
"Axion Farma","Farmacia","Buenos Aires","Paso Del Rey","","QUILMES 4521","1742","30-71499276-3","","No","No"
"Farmacia Cientifica Farmax Scs","Farmacia","Buenos Aires","Paso Del Rey","","Salvador María del Carril 325, Paso del Rey, Buenos Aires Province, Argentina","1742","30-70809068-5","","No","No"
"Farmacia Plazza","Farmacia","Buenos Aires","Paso Del Rey","","Avenida Bartolomé Mitre 1322","1742","27-17770102-0","","Si","No"
"Plazza","Farmacia","Buenos Aires","Paso Del Rey","","Av. Bartolomé Mitre 1395, Moreno, Provincia De Buenos Aires","1742","27-17770102-0","","Si","Si"
"Del Aguila","Farmacia","Buenos Aires","Pehuajo","","Leandro N. Alem 501, B6450 Bbk, Provincia De Buenos Aires","6450","30-71664661-7","","Si","No"
"Descarrega","Farmacia","Buenos Aires","Pehuajo","","Varela 792 ","6450","20-16624256-9","","No","No"
"Farmacia Alvarez","Farmacia","Buenos Aires","Pehuajo","","Alfonsin 475","6450","30-71602955-3","","No","No"
"Farmacia Lopez","Farmacia","Buenos Aires","Pehuajo","","HipóLito Yrigoyen 46","6450","27-22265673-2","","No","No"
"Farmacia Pehuajo","Farmacia","Buenos Aires","Pehuajo","","Leandro N. Alem 998, Pehuajó, Provincia de Buenos Aires, Argentina","6450","30-71385630-0","","Si","Si"
"Farmacia Sindical Pehuajo","Farmacia","Buenos Aires","Pehuajo","","Pte. Raúl Ricardo Alfonsín 660","6450","30-54219836-9","","Si","Si"
"Fernandez","Farmacia","Buenos Aires","Pehuajo","","BARTOLOMÉ MITRE 337","6450","30-70819034-5","","No","No"
"Maria Celeste Adreozzi Scs","Farmacia","Buenos Aires","Pehuajo","","ALSINA 665","6450","30-71202931-1","","Si","No"
"Alcobendas","Farmacia","Buenos Aires","Pergamino","","Av. Ernesto Illia 1798","2700","27-17948098-6","","No","No"
"Bauza Pergamino","Farmacia","Buenos Aires","Pergamino","","Av. De Mayo 205","2700","20-16210375-0","","Si","No"
"Chacon","Farmacia","Buenos Aires","Pergamino","","Scalabrini Ortiz 711","2700","27-16748415-3","","Si","Si"
"De Gaetani","Farmacia","Buenos Aires","Pergamino","","Merced 1102","2700","27-20017109-3","","No","No"
"El Aguila","Farmacia","Buenos Aires","Pergamino","","Avenida Centenario 153, Acevedo, Pergamino","2717","20-32345372-2","","Si","Si"
"Farmacia Del Cruce","Farmacia","Buenos Aires","Pergamino","","Yrigoyen 946","2700","27-22194155-7","","No","No"
"Farmacia Del Pueblo","Farmacia","Buenos Aires","Pergamino","","San Nicolas 600","2700","20-22025268-0","","No","No"
"Farmacia Gaich","Farmacia","Buenos Aires","Pergamino","","Avenida Juan B. Justo 2383, B2700 Pergamino, Provincia De Buenos Aires, Argentina","2700","20-23090554-2","","Si","Si"
"Farmacia Gallo","Farmacia","Buenos Aires","Pergamino","","Blvd. Alsina 912","2700","27-23961791-9","","Si","Si"
"Farmacia La Licata","Farmacia","Buenos Aires","Pergamino","","Blvd. Colón 1446","2700","27-28060374-6","","Si","Si"
"Farmacia Mutual Federada (pergamino)","Farmacia","Buenos Aires","Pergamino","","R. FOURNIER 1646","2700","30-54159260-8","","No","No"
"Farmacia Sierra","Farmacia","Buenos Aires","Pergamino","","Blvd. Rocha 162, Pergamino, Provincia De Buenos Aires, Argentina","2700","27-20407166-2","","Si","Si"
"Farmacia Speranza","Farmacia","Buenos Aires","Pergamino","","Av. de Mayo 1160","2700","27-16415220-6","","No","No"
"Farmacia Vaschetti","Farmacia","Buenos Aires","Pergamino","","9 De Julio 186","2700","20-21774089-5","","No","No"
"Fernandez","Farmacia","Buenos Aires","Pergamino","","Marcelino Ugarte 447","2700","27-35085300-1","","Si","No"
"Fernandez","Farmacia","Buenos Aires","Pergamino","","San Luis Y Córdoba S/n","","27-32539539-2","","Si","Si"
"Galleto","Farmacia","Buenos Aires","Pergamino","","Av. Jauregui 1959","2700","27-26662588-5","","No","No"
"Galli","Farmacia","Buenos Aires","Pergamino","","Av Colon 598","2700","27-26662679-2","","Si","Si"
"Garyulo","Farmacia","Buenos Aires","Pergamino","","Castelli 109, Pergamino, Provincia De Buenos Aires","2700","27-20143042-4","","Si","Si"
"Lepes","Farmacia","Buenos Aires","Pergamino","","Humberto Primo S/n. El Socorro","2715","27-17055355-7","","No","No"
"Mariani","Farmacia","Buenos Aires","Pergamino","","Blvd. Ameghino 405","2700","27-31364076-6","","Si","Si"
"Martinez","Farmacia","Buenos Aires","Pergamino","","Dr. Alem 875, B2700 Pergamino, Provincia De Buenos Aires","2700","23-24193711-9","","Si","Si"
"Masera","Farmacia","Buenos Aires","Pergamino","","Bolivia 628, B2700 Pergamino, Provincia De Buenos Aires","2700","27-14725950-1","","Si","Si"
"Piergallini","Farmacia","Buenos Aires","Pergamino","","Blvd. Ameghino 2002","2002","27-20959052-8","","No","No"
"Pretini","Farmacia","Buenos Aires","Pergamino","","M Lebensohn 02055","2700","27-37930530-5","","No","No"
"Ventola","Farmacia","Buenos Aires","Pergamino","","av pellegrini 2989","2700","27-25007136-7","","Si","No"
"Verdun","Farmacia","Buenos Aires","Pergamino","","Maipú 602","2700","27-33263830-6","","Si","No"
"Zeppa","Farmacia","Buenos Aires","Pergamino","","Blvd. Florencio Sánchez 1050","2700","27-22025452-1","","No","No"
"Meaurio","Farmacia","Buenos Aires","Pila","","Hernan Cortez 605","1629","27-32961561-3","","Si","Si"
"Vila Center Iii","Farmacia","Buenos Aires","Pila","","Los Crisantemos 392","1667","30-71796676-3","","Si","Si"
"Altohey","Farmacia","Buenos Aires","Pilar","","Panamericana Km. 50 - Complejo Hey","1629","30-71567103-0","","No","No"
"Cecilia Soria","Farmacia","Buenos Aires","Pilar","","Av. Luis Lagomarsino 1910","1630","30-71665291-9","","Si","Si"
"Champagnat","Farmacia","Buenos Aires","Pilar","","Av. 12 De Octubre 9986 ","1629","30-71705370-9","","Si","Si"
"Del Nuevo Paseo","Farmacia","Buenos Aires","Pilar","","Ruta Panamericana Ramal Pilar Km 54,5","1629","30-71160291-3","","Si","Si"
"Estacion Pilara","Farmacia","Buenos Aires","Pilar","","Centro Comercial Estacion, Lavalle 995","1629","30-71689779-2","","Si","Si"
"Farmacia Alvarez","Farmacia","Buenos Aires","Pilar","","Araoz Alfaro 1425","1635","20-13642356-9","","No","No"
"Farmacia Antesca","Farmacia","Buenos Aires","Pilar","","Av. V. Castro 1409","1629","30-71852108-0","","Si","Si"
"Farmacia Antigua Pozuelo","Farmacia","Buenos Aires","Pilar","","RIVADAVIA 702","1629","30-70488948-9","","Si","No"
"Farmacia Baretta","Farmacia","Buenos Aires","Pilar","","Victor Vergani 873, Pilar, Provincia de Buenos Aires, Argentina","1629","30-58266357-9","","Si","Si"
"Farmacia Binetti","Farmacia","Buenos Aires","Pilar","","Fermin Gamboa 4","1629","30-71569695-5","","Si","Si"
"Farmacia Del Concord","Farmacia","Buenos Aires","Pilar","","Valentin Gomez Y Panamericana Km 49,50","1629","30-71088071-5","","No","No"
"Farmacia Domenech ","Farmacia","Buenos Aires","Pilar","","Hipólito Yrigoyen 681, B1629 Pilar, Provincia De Buenos Aires, Argentina","1629","30-71593357-4","","Si","No"
"Farmacia Marquez 1213","Farmacia","Buenos Aires","Pilar","","Av. Tomás Márquez 1213","1629","30-71811304-7","","Si","No"
"Farmacia Pilar Farma","Farmacia","Buenos Aires","Pilar","","Manuel de Sarratea 15, Manuel Alberti, Pilar, Provincia de Buenos Aires, Argentina","1629","30-71532595-7","","Si","Si"
"Farmacia Pilu -  Nueva Rivadavia","Farmacia","Buenos Aires","Pilar","","Aal Pilar Centro Buenos Aires Ar, B. Rivadavia 516","1629","30-71178042-0","","Si","Si"
"Farmacia Sanguinetti","Farmacia","Buenos Aires","Pilar","","Avenida Tomás Márquez 1017, Pilar Centro, Provincia de Buenos Aires, Argentina","1629","33-71196906-9","","Si","No"
"Farmacia Tucuman","Farmacia","Buenos Aires","Pilar","","Tucuman 431","1629","27-14670480-3","","Si","Si"
"Farmaplus Sucursal 47 Pilar","Farmacia","Buenos Aires","Pilar","","Schubert 1950 ","1631","30-71779982-4","","Si","No"
"Km 47.5","Farmacia","Buenos Aires","Pilar","","Colectora Este Ramal Km 47,5","1629","30-71617761-7","","Si","Si"
"Las Magnolias Scs (Zona Vital Pilar)","Farmacia","Buenos Aires","Pilar","","PANAMERICANA KM 50 (JUNTO A JUMBO/EASY)","1629","30-69699885-6","","Si","Si"
"Misparza","Farmacia","Buenos Aires","Pilar","","La Escala, Paseo Comercial, R. Caamaño 1175, La Lonja, Provincia De Buenos Aires","1629","30-71862759-8","","No","No"
"Paraza","Farmacia","Buenos Aires","Pilar","","Ruta Panamericana Ramal Pilar Km. 50, Shopping Torres Del Sol","1629","30-71862756-3","","No","No"
"Quinta 46","Farmacia","Buenos Aires","Pilar","","Sor Teresa 169","1629","30-71780436-4","","Si","Si"
"Rossi","Farmacia","Buenos Aires","Pilar","","Quirno Costa 322","1633","20-27234930-5","","Si","Si"
"S.m.a.l. S.c.s.","Farmacia","Buenos Aires","Pilar","","Colectora Oeste 12 De Octubre 1453 Panamericana Ramal Pilar Km 52,5","1629","27-21786697-4","","Si","Si"
"Stringa","Farmacia","Buenos Aires","Pilar","","Av Colect Panam 12 De Octubre Km 56","1629","30-71728523-5","","Si","Si"
"Farmacia Ecofarma","Farmacia","Buenos Aires","Pinamar","","Av. Constitución 1781","7167","20-25569236-5","","No","No"
"Farmacia Osvaldini","Farmacia","Buenos Aires","Pinamar","","Del Lenguado 1296","7167","30-71536826-5","","Si","Si"
"Lopez-fariña","Farmacia","Buenos Aires","Pinamar","","Av. Enrique Shaw 351","7167","30-71078157-1","","Si","Si"
"Miguel ","Farmacia","Buenos Aires","Platanos","","C. 44 5805","1861","20-29812065-9","","No","No"
"Farmacia Nueva Derqui","Farmacia","Buenos Aires","Presidente Derqui","","Medrano 218","1635","27-32996931-8","","No","No"
"Farmacia Raspo Derqui","Farmacia","Buenos Aires","Presidente Derqui","","Avenida de Mayo 297","1635","27-10947452-0","","No","No"
"Farmacia Curie","Farmacia","Buenos Aires","Punta Alta","","25 de Mayo 571","8109","27-12802330-0","","Si","Si"
"Farmacia El Aguila","Farmacia","Buenos Aires","Punta Alta","","Bernardo De Irigoyen 111","8109","23-36794745-4","","No","No"
"Farmacia Zandonadi","Farmacia","Buenos Aires","Punta Alta","","Brown 151","8109","20-17478960-7","","Si","No"
"Galeno Punta Alta","Farmacia","Buenos Aires","Punta Alta","","Mitre 913","8109","30-71133712-8","","No","No"
"Villate","Farmacia","Buenos Aires","Quequen","","C. 517 1365","7631","27-26172037-5","","Si","No"
"Di Ilio","Farmacia","Buenos Aires","Quilmes","","Azcuénaga 2002,","878","27-18163327-7","","Si","Si"
"Curado","Farmacia","Buenos Aires","Quilmes","","Mitre 402","1878","27-92867854-2","","Si","Si"
"Farmacia Feldman ","Farmacia","Buenos Aires","Quilmes","","Avenida Carlos Pellegrini 48, Quilmes, Provincia de Buenos Aires, Argentina","1878","27-20666419-9","","No","No"
"Farmacia Fialco","Farmacia","Buenos Aires","Quilmes","","Av. La Madrid 338","1878","30-68938628-4","","No","No"
"Farmacia Gregori","Farmacia","Buenos Aires","Quilmes","","Carlos Pellegrini 502","1878","27-05711449-0","","No","No"
"Farmacia Pellegrino","Farmacia","Buenos Aires","Quilmes","","José Craviotto 3527","1878","27-24439841-9","","No","No"
"Farmacia Villari","Farmacia","Buenos Aires","Quilmes","","HUMBERTO PRIMO 570","1878","27-18039128-8","","No","No"
"Farmaplus 35 (prieto)","Farmacia","Buenos Aires","Quilmes","","Alsina 127","1878","30-70797740-6","","No","No"
"Maga Shop Moreno ","Farmacia","Buenos Aires","Quilmes","","Moreno 745","1878","30-71168693-9","","Si","No"
"Nueva Era","Farmacia","Buenos Aires","Quilmes","","Av. Mitre 801","1878","30-71490316-7","","Si","Si"
"Sanchez","Farmacia","Buenos Aires","Quilmes","","AVENIDA VICENTE LOPEZ 1400 ","1878","27-14103066-9","","Si","Si"
"Soy A. Baranda Central","Farmacia","Buenos Aires","Quilmes","","Andrés Baranda 200, Quilmes, Provincia de Buenos Aires, Argentina","B1878DKB","30-57027605-7","","No","No"
"Soy Sanar 12","Farmacia","Buenos Aires","Quilmes","","Andrés Baranda 1177, Quilmes, Provincia de Buenos Aires, Argentina","1879","30-71135342-5","","No","No"
"Soy Sanar 2","Farmacia","Buenos Aires","Quilmes","","Avenida Calchaquí 5186, Ezpeleta Oeste, Quilmes, Provincia de Buenos Aires, Argentina","B1878TIC","33-70896054-9","","No","No"
"Soy Sanar 52 Centro","Farmacia","Buenos Aires","Quilmes","","Avenida Hipólito Yrigoyen 321, Buenos Aires, Argentina","1878","30-71520869-1","","No","No"
"Tallarico ","Farmacia","Buenos Aires","Quilmes","","Triunvirato 1654","1879","30-71837478-9","","Si","Si"
"Vacunatorio Fundacion Doctor Mario Socolinsky Mitre (Proteger Vacunacion)","Vacunatorio","Buenos Aires","Quilmes","","Av. Mitre 803","1878","30-65282353-6","","Si","No"
"Castelli Diego","Farmacia","Buenos Aires","Rafael Calzada","","Colón 3351","1847","20-20682741-7","","No","No"
"Colon","Farmacia","Buenos Aires","Rafael Calzada","","20 de septiembre 1746","1704","20-14877400-6","","Si","Si"
"Farmacia Nueva Castelli","Farmacia","Buenos Aires","Rafael Calzada","","Coronel Arias 2031","1847","20-22717850-8","","No","No"
"Farmacia Syc","Farmacia","Buenos Aires","Rafael Calzada","","Av. San Martín 3241","1847","33-70880629-9","","No","No"
"Farmacia Duplofarm","Farmacia","Buenos Aires","Rafael Castillo","","AV. CRISTIANIA 205","1755","30-71623152-2","","Si","Si"
"Basso","Farmacia","Buenos Aires","Ramallo","","Av. Gral. San Martín 531","2914","27-17285684-0","","No","No"
"Saba","Farmacia","Buenos Aires","Ramallo","","Av. Gral. San Martín 1286, B2914 Ramallo, Provincia De Buenos Aires","2915","23-33851997-4","","No","No"
"Caldarelli","Farmacia","Buenos Aires","Ramos Mejia","","Av. Gral. San MartíN 1631, B1704abd Ramos MejíA, Provincia De Buenos Aires","1704","30-70995793-3","","Si","No"
"Carbone","Farmacia","Buenos Aires","Ramos Mejia","","Cnel. Brandsen 1081","1704","27-17759683-9","","No","No"
"Central Oeste - Social Ramos Mejia","Farmacia","Buenos Aires","Ramos Mejia","","Avenida De Mayo 39","1704","30-68600927-7","","Si","No"
"Central Oeste Avenida","Farmacia","Buenos Aires","Ramos Mejia","","AVENIDA DE MAYO 427","1704","30-71429791-7","","Si","No"
"Central Oeste Para Ti","Farmacia","Buenos Aires","Ramos Mejia","","RIVADAVIA AVDA. 14002","1704","30-71428259-6","","No","No"
"Central Oeste Ramos ","Farmacia","Buenos Aires","Ramos Mejia","","AVENIDA DE MAYO 899","1704","30-70827792-0","","No","No"
"Dodera","Farmacia","Buenos Aires","Ramos Mejia","","BARTOLOMÉ MITRE 71","1704","20-92326435-4","","No","No"
"Estudiantil","Farmacia","Buenos Aires","Ramos Mejia","","RIVADAVIA AVDA 13236","1704","30-70346516-8","","No","No"
"Farmacia Brikman","Farmacia","Buenos Aires","Ramos Mejia","","BALCARCE 1197","1704","23-14102216-4","","Si","Si"
"Farmacia Cuadra","Farmacia","Buenos Aires","Ramos Mejia","","Avenida de Mayo 1857","1704","27-20349187-0","","No","No"
"Farmacia Dr. Salud","Farmacia","Buenos Aires","Ramos Mejia","","AV. VILLEGAS 497 ESQUINA ARRIOLA","1704","30-70897715-9","","Si","Si"
"Farmacia Rosenfeld S.C.S","Farmacia","Buenos Aires","Ramos Mejia","","ALVARADO 896","1704","30-71480577-7","","Si","Si"
"Farmacia Turek","Farmacia","Buenos Aires","Ramos Mejia","","BOLIVAR 1364","1704","20-25332550-0","","No","No"
"Marin","Farmacia","Buenos Aires","Ramos Mejia","","J.L. Pereyra 210","1704","30-71741636-4","","Si","No"
"Melaragno","Farmacia","Buenos Aires","Ramos Mejia","","Av. De Mayo 2296, B1704 Ramos Mejía, Provincia De Buenos Aires","1704","27-18458967-8","","Si","Si"
"San Juan","Farmacia","Buenos Aires","Ramos Mejia","","DR. ARDOINO 640","1704","30-71595708-2","","No","No"
"Su Farmacia Triunvirato 1265 S.C.S.","Farmacia","Buenos Aires","Ramos Mejia","","Medrano 859","1704","30-70901931-3","","No","No"
"Vacunatorio Fundacion Doctor Mario Socolinsky Moreno(Proteger Vacunacion)","Vacunatorio","Buenos Aires","Ramos Mejia","","MORENO 288","1704","30-65282353-6","","Si","No"
"Farmacia O'Donnell","Farmacia","Buenos Aires","Ranelagh","","CALLE 316 NRO 1983 - Ranelagh, Buenos Aires","1886","20-24343785-8","","Si","No"
"Farmacia Dean","Farmacia","Buenos Aires","Rauch","","AV SAN MARTIN 1040","7203","27-30954833-2","","No","No"
"Volzone","Farmacia","Buenos Aires","Rauch","","Cnel. Suárez 53,b7203aqb B7203aqf, B7203aqa Rauch, Provincia De Buenos Aires","7203","27-12314112-7","","Si","No"
"Farmacia La Farma","Farmacia","Buenos Aires","Remedios De Escalada","","HIPOLITO YRIGOYEN 6053","1826","30-58570436-5","","Si","Si"
"Ramirez","Farmacia","Buenos Aires","Remedios De Escalada","","Uriarte 101","1828","27-17062242-7","","No","No"
"Uom (Lanus Union Escalada)","Farmacia","Buenos Aires","Remedios De Escalada","","Avenida Hipolito Yrigoyen 6501, Remedios de Escalada, Provincia de Buenos Aires, Argentina","1826","30-71107635-9","","No","No"
"Openfarma Sucursal Delta","Farmacia","Buenos Aires","Rincon De Milberg","","Avenida Santa María de las Conchas 4793","1624","30-71240030-3","","No","No"
"Farmacia Fermanelli ","Farmacia","Buenos Aires","Ringuelet","","Av. 520 763, B1901 Ringuelet, Provincia De Buenos Aires, Argentina","1901","27-22022030-9","","No","No"
"Delbaldo","Farmacia","Buenos Aires","Rojas","","General Paz 164","2705","27-16475034-0","","Si","Si"
"Montenovo","Farmacia","Buenos Aires","Rojas","","Dardo Rocha 235","2705","27-17609384-1","","Si","Si"
"Argentina","Farmacia","Buenos Aires","Roque Perez","","Mitre, Sarmiento Y, B7245 Roque Pérez","7245","27-33348715-8","","Si","Si"
"Schiavi","Farmacia","Buenos Aires","Roque Perez","","Mitre 1257","7245","20-13209259-2","","No","No"
"Abelenda","Farmacia","Buenos Aires","Saladillo","","Rivadavia 3846","7260","30-71546685-2","","Si","No"
"Farmacia Cartelle","Farmacia","Buenos Aires","Saladillo","","MORENO 2734","7260","27-17209281-6","","No","No"
"Farmacia Demaria S.C.S. (Farmacia Demaria)","Farmacia","Buenos Aires","Saladillo","","AV RIVADAVIA 3188","7260","30-52780758-8","","No","No"
"Farmacia Juan Martin","Farmacia","Buenos Aires","Saladillo","","CABRAL 3227","7260","20-10841229-2","","Si","Si"
"Farmacia Orianda","Farmacia","Buenos Aires","Saladillo","","Av. Belgrano 3498","7260","27-33262835-1","","Si","No"
"Marcos","Farmacia","Buenos Aires","Saladillo","","Mitre 2798","7260","20-20033258-0","","Si","No"
"Saladillo","Farmacia","Buenos Aires","Saladillo","","RIVADAVIA 3158","7260","30-71647514-6","","No","No"
"San Andres Golf","Farmacia","Buenos Aires","San Andres","","Enrique Marengo 3100","1651","27-24313434-5","","No","No"
"Farmacia Mascardi","Farmacia","Buenos Aires","San Andres De Giles","","Urquiza 1073","6720","20-22257774-9","","Si","Si"
"Farmacia Modelo De Giles S.c.s.","Farmacia","Buenos Aires","San Andres De Giles","","Moreno 620, San Andres De Giles, Provincia De Buenos Aires","6720","30-66624725-2","","No","No"
"Farmacia Berola","Farmacia","Buenos Aires","San Antonio De Areco","","Alsina 550","2760","27-13286534-0","","No","No"
"Farmacia Risolino","Farmacia","Buenos Aires","San Antonio De Areco","","Arellano 249 ","2760","27-23096085-8","","No","No"
"Rodriguez Scheys","Farmacia","Buenos Aires","San Antonio De Areco","","Avenida Vieytes 549, San Antonio de Areco, Buenos Aires Province, Argentina","2760","27-21501053-3","","No","No"
"Aparicio","Farmacia","Buenos Aires","San Antonio De Padua","","AVENIDA PTE J D PERON 23870","1718","30-71160045-7","","No","No"
"Botica Noguera","Farmacia","Buenos Aires","San Antonio De Padua","","Pedro Noguera 2045","1718","33-71597386-9","","Si","Si"
"Central Oeste - Antigua Farmacia Noguera ","Farmacia","Buenos Aires","San Antonio De Padua","","NOGUERA 23","1718","30-70745496-9","","No","No"
"Farmacia Guercio","Farmacia","Buenos Aires","San Antonio De Padua","","Int. Mendiluce 1608","1718","27-13522708-6","","Si","Si"
"Nuova Farmacia Varrone","Farmacia","Buenos Aires","San Antonio De Padua","","Pedro Noguera 600, B1718 San Antonio De Padua, Provincia De Buenos Aires, Argentina","1718","30-69705706-0","","Si","Si"
"Sullivan","Farmacia","Buenos Aires","San Antonio De Padua","","Sullivan 1484, B1718 San Antonio De Padua, Provincia De Buenos Aires","1718","30-70533923-2","","Si","No"
"Farmacia Filgueira Chiozza","Farmacia","Buenos Aires","San Bernardo","","CHIOZZA 2428","6561","20-05255910-4","","No","No"
"Farmafil","Farmacia","Buenos Aires","San Bernardo","","Chiozza 2686","3265","30-71556250-9","","No","No"
"Siano","Farmacia","Buenos Aires","San Bernardo","","Chiozza 1755","7111","27-17263320-5","","No","No"
"Farmacia Gomez Arrospide","Farmacia","Buenos Aires","San Carlos Bolivar","","B6550 San Carlos De Bolivar, Provincia De Buenos Aires, Argentina","6550","27-17865742-4","","Si","Si"
"Argentina","Farmacia","Buenos Aires","San Cayetano","","Rivadavia 171","7521","30-66642585-1","","No","No"
"Canal San Fernando","Farmacia","Buenos Aires","San Fernando","","3 De Febrero 1","1646","30-70700855-1","","Si","No"
"De Maria","Farmacia","Buenos Aires","San Fernando","","H Yrigoyen 2098","1648","30-71854995-3","","Si","Si"
"Farma 365 - Grupo Fabole","Farmacia","Buenos Aires","San Fernando","","Dr. René Favaloro 3395, B1644 Victoria, Provincia De Buenos Aires, Argentina","1609","33-71592897-9","","Si","Si"
"Farmacia Andreu","Farmacia","Buenos Aires","San Fernando","","CONSTITUCION 1286","1646","20-04686046-3","","No","No"
"Farmacia Bustelo","Farmacia","Buenos Aires","San Fernando","","PTE PERON AVDA. 1801","1646","33-71489172-9","","No","No"
"La Sante - Sanfar","Farmacia","Buenos Aires","San Fernando","","AV. HIPÓLITO YRIGOYEN 3636","1646","30-68861258-2","","Si","No"
"Savini","Farmacia","Buenos Aires","San Fernando","","Av. Sobremonte 299","1646","27-25558817-1","","Si","Si"
"Maga Shop Maly-Maga Shop Expres","Farmacia","Buenos Aires","San Francisco Solano","","AVENIDA 829 NÚMERO 4294","1846","30-71059700-2","","No","No"
"Palopoli Ana (Farmacia Palopoli)","Farmacia","Buenos Aires","San Francisco Solano","","AVDA.844 NUMERO 600","1846","20-10611896-6","","Si","No"
"Asame","Farmacia","Buenos Aires","San Isidro","","Avenida Fondo de la Legua 2889","1607","27-16495851-0","","No","No"
"Farma 365 - Iglesia","Farmacia","Buenos Aires","San Isidro","","Av. Juan Segundo Fernández 105","1642","30-71159889-4","","No","No"
"Farmacia Añon","Farmacia","Buenos Aires","San Isidro","","ROLON 138","1642","27-21509254-8","","Si","No"
"Farmacia De La Costa","Farmacia","Buenos Aires","San Isidro","","PEDRO DE MENDOZA 635","1642","30-71584306-0","","No","No"
"Farmacia Fabris","Farmacia","Buenos Aires","San Isidro","","CAR, Avenida Centenario 448, San Isidro, Provincia de Buenos Aires, Argentina","B1642CAR","23-17477311-4","","Si","Si"
"Farmacia Sindical","Farmacia","Buenos Aires","San Isidro","","Cosme Beccar 446","1642","30-61411665-6","","Si","Si"
"Farmacia Walker ","Farmacia","Buenos Aires","San Isidro","","Martin y Omar 487, San Isidro, Provincia de Buenos Aires, Argentina","1642","30-68635444-6","","Si","Si"
"Farmaplus 21 Las Lomas I","Farmacia","Buenos Aires","San Isidro","","AV. DIEGO CARMAN 539","1642","30-70716326-3","","No","No"
"Farmaplus 23 Las Lomas Iii","Farmacia","Buenos Aires","San Isidro","","Avenida Centenario 700","1642","30-70966661-0","","No","No"
"Salud Global-Garcilazo Gustavo A.","Farmacia","Buenos Aires","San Isidro","","Avenida Fondo de la Legua 872, Villa Adelina, Provincia de Buenos Aires, Argentina","1642","33-71442000-9","","Si","No"
"Selma Antonello","Farmacia","Buenos Aires","San Isidro","","9 DE JULIO 329","1642","30-68638733-6","","No","No"
"Selma San Isidro","Farmacia","Buenos Aires","San Isidro","","Avenida Centenario 300","1642","33-70817613-9","","No","No"
"Vacunatorio Fundacion Doctor Mario Socolinsky Actis (Proteger Vacunacion)","Vacunatorio","Buenos Aires","San Isidro","","ACTIS 555","1642","30-65282353-6","","Si","No"
"Vacunatorio Previvax Siccentro","Vacunatorio","Buenos Aires","San Isidro","","MARTIN Y OMAR 352","1642","30-71441776-9","","Si","No"
"Vacunatorio Vacunar Sede Las Lomas","Vacunatorio","Buenos Aires","San Isidro","","MONSEÑOR MAGLIANO 3041","1642","30-70730135-6","","Si","No"
"Pasos","Farmacia","Buenos Aires","San Jose","","Av. Tte. Gral. Donato Álvarez 1608,","","30-71749754-2","","Si","Si"
"Central Oeste San Justo","Farmacia","Buenos Aires","San Justo","","AV. DR A ILLIA 2302","1754","30-71475698-9","","No","No"
"Central Oeste San Justo","Farmacia","Buenos Aires","San Justo","","Comisionado Jose Indart 2593","7118","30-71749145-5","","No","No"
"Farmacia Moscovich","Farmacia","Buenos Aires","San Justo","","HIPOLITO YRIGOYEN 2305","1754","27-17933625-7","","Si","Si"
"Farmily Castro","Farmacia","Buenos Aires","San Justo","","Tomás Justo Villegas 2661","1754","30-71761758-0","","No","No"
"Nueva Caba ","Farmacia","Buenos Aires","San Justo","","M Santamaria 2665","1765","30-70833868-7","","Si","No"
"Vilela Arieta","Farmacia","Buenos Aires","San Justo","","Av. Dr. Ignacio Arieta 3230, San Justo, Provincia de Buenos Aires, Argentina","B1754AQF","30-57161462-2","","Si","Si"
"Vilela Bodrum","Farmacia","Buenos Aires","San Justo","","Pres. Juan Domingo Perón 3298, B1754 San Justo, Provincia de Buenos Aires","1754","30-71659892-2","","No","No"
"Vilela Nuevo Milenio","Farmacia","Buenos Aires","San Justo","","Av. Dr. Ignacio Arieta 3570","1754","30-70348048-5","","Si","Si"
"Vilela Pasteur San Justo","Farmacia","Buenos Aires","San Justo","","Av. Pres. Dr. Arturo Umberto Illia 3199","1754","30-71417790-3","","Si","Si"
"Vilela Plaza San Justo","Farmacia","Buenos Aires","San Justo","","Perú 2538, San Justo, Provincia de Buenos Aires, Argentina","O1754ZZZ","30-69413212-6","","No","No"
"Farmacia D'Auro","Farmacia","Buenos Aires","San Manuel","","Belgrano 200 Esquina Rivadavia","7007","27-23229175-9","","Si","Si"
"Adelina Hue","Farmacia","Buenos Aires","San Martin","","Av. Ricardo Balbín 3129","1651","30-71547847-8","","Si","No"
"Alvear De V. Ballester","Farmacia","Buenos Aires","San Martin","","Alvear 2800","1653","30-71028187-4","","Si","Si"
"Belgrano","Farmacia","Buenos Aires","San Martin","","Belgrano 3302","1650","30-53066099-7","","No","No"
"Del Progreso","Farmacia","Buenos Aires","San Martin","","Mart N, Matheu 4459","1650","30-69625794-5","","No","No"
"Faerbri Ambas De San Martin","Farmacia","Buenos Aires","San Martin","","Gral. Roca 1782","1650","33-71559480-9","","Si","No"
"Farmacia Central Del Ferrocarril","Farmacia","Buenos Aires","San Martin","","Belgrano 3202","1650","30-70972158-1","","Si","No"
"Farmacia Goldin","Farmacia","Buenos Aires","San Martin","","Necochea 2038","1650","27-17539796-0","","No","No"
"Farmacia Gremial Sutiaga","Farmacia","Buenos Aires","San Martin","","18 DE DICIEMBRE 2053","1650","34-54423666-2","","Si","Si"
"Farmacia Nueva Pascual","Farmacia","Buenos Aires","San Martin","","Belgrano 3600","1650","33-71120134-9","","Si","No"
"Farmacia Raspo San Martin","Farmacia","Buenos Aires","San Martin","","Félix Ballester 2200","1650","30-70805380-1","","No","No"
"La Sante - Nobleza","Farmacia","Buenos Aires","San Martin","","Avenida Del Libertador General San Martín 420","1650","30-68478368-4","","Si","No"
"Nueva Teran","Farmacia","Buenos Aires","San Martin","","SAN LORENZO 2200","1650","30-70975586-9","","No","No"
"Republica Nueva Libano","Farmacia","Buenos Aires","San Martin","","Av. República del Líbano 4113","1672","30-71540784-8","","Si","No"
"Villa Billinghurst","Farmacia","Buenos Aires","San Martin","","Moreno 4106","1650","30-71496147-7","","Si","No"
"Central Oeste San Miguel","Farmacia","Buenos Aires","San Miguel","","LEANDRO N ALEM1696","1663","33-71432261-9","","No","No"
"Farmacia Alcaraz","Farmacia","Buenos Aires","San Miguel","","Muñoz 2711,","1663","30-71832676-8","","Si","Si"
"Farmacia Gaspar Campos","Farmacia","Buenos Aires","San Miguel","","Av. Dr. Ricardo Balbín 2506","1663","27-14435465-1","","No","No"
"Farmacia Muscolini","Farmacia","Buenos Aires","San Miguel","","PRESIDENTE PERON AVDA. 1284","1663","23-17273866-4","","Si","Si"
"Farmacia Raspo San Miguel","Farmacia","Buenos Aires","San Miguel","","Avenida Doctor Ricardo Balbín 855","1663","30-71336510-2","","Si","Si"
"Farmacia Said","Farmacia","Buenos Aires","San Miguel","","PERON AVDA. 1874","1663","20-11499081-8","","Si","Si"
"Farmacia Social Del Aguila","Farmacia","Buenos Aires","San Miguel","","Av. Dr. Ricardo Balbín 1346","B1663NDN","30-68872153-5","","No","No"
"Farmacia Tonella","Farmacia","Buenos Aires","San Miguel","","Maestro Ángel D'elía 1240","1663","30-71794564-2","","No","No"
"Lai 1 Scs","Farmacia","Buenos Aires","San Miguel","","Av. Pte. J. D. Perón 2097,","1663","30-71734933-0","","Si","Si"
"Para Ti - Del Pueblo","Farmacia","Buenos Aires","San Miguel","","Domingo Faustino Sarmiento 1610","1663","30-71131030-0","","Si","Si"
"Tkl San Miguel","Farmacia","Buenos Aires","San Miguel","","Avenida Mitre 1181","1663","33-69649064-9","","Si","No"
"Nueva Monte S.C.S","Farmacia","Buenos Aires","San Miguel Del Monte","","Avenida San Martín 601, San Miguel, Provincia de Buenos Aires, Argentina","7220","30-70830864-8","","Si","Si"
"Del Oeste","Farmacia","Buenos Aires","San Nicolas","","Av. Pres. Juan Domingo Perón 1366","2900","30-71795081-6","","Si","Si"
"Diamante","Farmacia","Buenos Aires","San Nicolas","","Av. Gral. Benito Álvarez 98, B2900 San Nicolás De Los Arroyos, Provincia De Buenos Aires","2900","23-20642287-4","","Si","Si"
"Farmacia Gagliardo","Farmacia","Buenos Aires","San Nicolas","","Av. Pres. Juan Domingo PeróN 1035","2900","30-71433075-2","","Si","Si"
"Taljame","Farmacia","Buenos Aires","San Nicolas","","Av. Alberdi 346","2900","20-13032629-4","","No","No"
"Andrada ","Farmacia","Buenos Aires","San Nicolas De Los Arroyos","","Av Savio 601","2900","27-22435574-8","","No","No"
"Del Santuario","Farmacia","Buenos Aires","San Nicolas De Los Arroyos","","Illia 643 (Avellaneda Y G. Costa)","2900","30-71741391-8","","Si","No"
"Don Bosco","Farmacia","Buenos Aires","San Nicolas De Los Arroyos","","San José Obrero 449","2900","30-61587353-1","","No","No"
"Farías","Farmacia","Buenos Aires","San Nicolas De Los Arroyos","","Savio 238","2900","20-31994628-5","","Si","No"
"Farmacia Amefarma","Farmacia","Buenos Aires","San Nicolas De Los Arroyos","","Bartolomé Mitre 200","2900","30-71414072-4","","No","No"
"Farmacia Brasesco","Farmacia","Buenos Aires","San Nicolas De Los Arroyos","","Av Savio 1270","2900","27-22194330-4","","No","No"
"Farmacia Cej","Farmacia","Buenos Aires","San Nicolas De Los Arroyos","","Maipu 495, San Nicolás de los Arroyos, Provincia de Buenos Aires, Argentina","2900","20-16535389-8","","No","No"
"Farmacia Cesari","Farmacia","Buenos Aires","San Nicolas De Los Arroyos","","Nación 183","2900","27-31152962-0","","No","No"
"Farmacia De Los Arroyos","Farmacia","Buenos Aires","San Nicolas De Los Arroyos","","De La Nación 102","2900","30-71826791-5","","Si","Si"
"Farmacia Del Parana","Farmacia","Buenos Aires","San Nicolas De Los Arroyos","","Italia 350","2900","30-71872434-8","","Si","No"
"Farmacia Fenix San Nicolas","Farmacia","Buenos Aires","San Nicolas De Los Arroyos","","Garibaldi 281","2900","30-71559136-3","","Si","Si"
"Farmacia Mutual Acindar Salud","Farmacia","Buenos Aires","San Nicolas De Los Arroyos","","MARIANO MORENO AVDA.42","2900","30-54617227-5","","No","No"
"Farmacia Pacin","Farmacia","Buenos Aires","San Nicolas De Los Arroyos","","CALLE DE LA NACION 314","2900","27-21434687-2","","No","No"
"Farmacia Palau","Farmacia","Buenos Aires","San Nicolas De Los Arroyos","","Av. Central Malvinas Argentinas  Ex Central - 2215, B2900 San Nicolás De L","2900","27-18522098-8","","Si","Si"
"Farmacia Pucciarelli","Farmacia","Buenos Aires","San Nicolas De Los Arroyos","","Lavalle 215 Bis","2900","20-16443886-5","","No","No"
"Farmacia Salvador","Farmacia","Buenos Aires","San Nicolas De Los Arroyos","","Avenida Mariano Moreno 220, San Nicolás de los Arroyos, Provincia de Buenos Aires, Argentina","2900","27-22194622-2","","Si","No"
"Frattini","Farmacia","Buenos Aires","San Nicolas De Los Arroyos","","Av. Mariano Moreno 108,","2900","20-21890460-3","","Si","Si"
"Go Vacunatorio","Vacunatorio","Buenos Aires","San Nicolas De Los Arroyos","","José Hernández 1249,","2900","33-71130940-9","","Si","Si"
"Hegouaburu","Farmacia","Buenos Aires","San Nicolas De Los Arroyos","","Bartolomé Mitre 601","2900","33-71807775-9","","Si","Si"
"Nueva Plaza Sarmiento","Farmacia","Buenos Aires","San Nicolas De Los Arroyos","","Rivadavia 197-mq8q+xg San Nicolás De Los Arroyos, Provincia De Buenos Aires","","30-71065513-4","","Si","Si"
"Nuvo Del Pueblo","Farmacia","Buenos Aires","San Nicolas De Los Arroyos","","De La Nación 450","2900","33-71728705-9","","Si","Si"
"Ospacarp","Farmacia","Buenos Aires","San Nicolas De Los Arroyos","","España 512","2900","30-57213224-9","","No","No"
"Prina","Farmacia","Buenos Aires","San Nicolas De Los Arroyos","","Pres. Illia 739, B2900 San Nicolás De Los Arroyos, Provincia De Buenos Aires","2900","27-24055986-8","","Si","Si"
"Radium","Farmacia","Buenos Aires","San Nicolas De Los Arroyos","","De La Nación 352","2900","33-71591023-9","","Si","Si"
"Rasetto","Farmacia","Buenos Aires","San Nicolas De Los Arroyos","","Luis Viale 401","2900","23-16594968-4","","No","No"
"Farmacia Antelo","Farmacia","Buenos Aires","San Pedro","","MITRE 3190 (ENTRE ESQUIU Y FRENCH)","2930","20-17685711-1","","Si","Si"
"Farmacia Bella Vita","Farmacia","Buenos Aires","San Pedro","","Mansilla 199","2930","30-71658287-2","","No","No"
"Farmacia Botta","Farmacia","Buenos Aires","San Pedro","","3 de febrero 601","2930","20-31474193-6","","No","No"
"Farmacia La Central","Farmacia","Buenos Aires","San Pedro","","25 De Mayo 802","2930","27-14404841-0","","No","No"
"Farmacia Rosa","Farmacia","Buenos Aires","San Pedro","","Carlos Pellegrini 1366","2930","27-13937292-7","","Si","Si"
"Universal","Farmacia","Buenos Aires","San Pedro","","Carlos Pellegrini 1001, San Pedro, Provincia de Buenos Aires, Argentina","2930","20-27723549-9","","No","No"
"Farmacia Nueva Ocampo Scs","Farmacia","Buenos Aires","San Vicente","","Avenida Sarmiento 423, San Vicente, Provincia de Buenos Aires, Argentina","1865","30-71193078-3","","Si","Si"
"Nueva Vicente","Farmacia","Buenos Aires","San Vicente","","Av. Pres. Perón 1177, B1865azv San Vicente, Provincia De Buenos Aires","1865","30-71685951-3","","Si","Si"
"Farmacia Lopez","Farmacia","Buenos Aires","Santos Lugares","","RODRIGUEZ PEÑA 1301","1676","27-23701316-1","","No","No"
"Farmacia Pasteur ","Farmacia","Buenos Aires","Santos Lugares","","Av. La Plata 3718, Santos Lugares, Buenos Aires Province, Argentina","1676","20-21059053-7","","Si","Si"
"Soy Del Alto","Farmacia","Buenos Aires","Sarandi","","General Güemes 850","1870","33-70913936-9","","Si","No"
"Farmacia Jardin De La Sierra","Farmacia","Buenos Aires","Sierra De Los Padres","","Avenida Antártida Argentina 360","7608","30-70861557-5","","Si","No"
"Farmacia A.M.M.B.A. Sierras Bayas","Farmacia","Buenos Aires","Sierras Bayas","","Julio Argentino Roca 2338, Sierras Bayas, Provincia de Buenos Aires, Argentina","7403","30-63497331-8","","No","No"
"Farmacia Perez","Farmacia","Buenos Aires","Sourigues","","Camino Belgrano 4228","1837","27-20364889-3","","No","No"
"Charreria","Farmacia","Buenos Aires","Suipacha","","D F, Sarmiento 549","6612","20-20428588-9","","No","No"
"Farmacia Daglio","Farmacia","Buenos Aires","Suipacha","","25 De Mayo 556, B6612 Suipacha, Provincia De Buenos Aires, Argentina","6612","27-17377388-4","","No","No"
"Farmacia Di Pisa","Farmacia","Buenos Aires","Tablada","","Av. crovara 4389","1766","27-13086395-2","","No","No"
"Alperin","Farmacia","Buenos Aires","Tandil","","Rosales 551","7000","27-29510751-6","","Si","Si"
"Asociacion Mutual Empleados Municipales Tandil (Amemt)","Farmacia","Buenos Aires","Tandil","","San Martín 840","7000","30-64125329-0","","Si","No"
"Brasil ","Farmacia","Buenos Aires","Tandil","","Av. Brasil 165","7000","27-25435561-0","","Si","Si"
"Calvi","Farmacia","Buenos Aires","Tandil","","Av. Buzón 542","7000","27-26489423-4","","Si","Si"
"Daniel Matti (Farmacia Avellaneda)","Farmacia","Buenos Aires","Tandil","","Avenida Avellaneda 998","7000","20-23450465-8","","Si","No"
"Famacia Sanchez","Farmacia","Buenos Aires","Tandil","","ACTIS 1738","7001","27-23455596-6","","No","No"
"Family Farm-Berlari","Farmacia","Buenos Aires","Tandil","","Figueroa 719, Tandil, Provincia de Buenos Aires, Argentina","B7001JEI","27-16610298-2","","Si","Si"
"Farmacia (Amemt)","Farmacia","Buenos Aires","Tandil","","Gral. Rodríguez 589","7000","30-64125329-0","","No","No"
"Farmacia Amemt Iii","Farmacia","Buenos Aires","Tandil","","4 DE ABRIL 1099 ","","30-64125329-0","","Si","No"
"Farmacia Amu","Farmacia","Buenos Aires","Tandil","","Hipolito Irigoyen 662 ","7000","30-65592027-3","","Si","Si"
"Farmacia Avenida","Farmacia","Buenos Aires","Tandil","","SANTAMARINA 512","7000","23-23091693-4","","No","No"
"Farmacia Beiter","Farmacia","Buenos Aires","Tandil","","Colombia 1198","7000","30-71766102-4","","Si","Si"
"Farmacia Bufor","Farmacia","Buenos Aires","Tandil","","Avenida Buzón 1057","7000","27-12401389-0","","Si","Si"
"Farmacia Cicala","Farmacia","Buenos Aires","Tandil","","Quintana 658","","20-21503476-4","","Si","Si"
"Farmacia Colon (Tandil)","Farmacia","Buenos Aires","Tandil","","COLON AVDA. 1201","7000","23-21501450-9","","No","No"
"Farmacia Del Centro De Las Sierras S.C.S","Farmacia","Buenos Aires","Tandil","","General Rodríguez 667, Tandil, Provincia de Buenos Aires, Argentina","7000","33-69145548-9","","Si","Si"
"Farmacia Del Lago ","Farmacia","Buenos Aires","Tandil","","Av. Falucho 1182","7001","30-71412653-5","","No","No"
"Farmacia Heer","Farmacia","Buenos Aires","Tandil","","Chacabuco 185","","27-10418277-7","","Si","No"
"Farmacia Homeopatica Garbellini","Farmacia","Buenos Aires","Tandil","","Avellaneda 1498","7000","27-12063315-0","","No","No"
"Farmacia Kuala Lumpur","Farmacia","Buenos Aires","Tandil","","Pinto 308, B7000 Tandil, Provincia De Buenos Aires, Argentina","7000","30-71845712-9","","Si","Si"
"Farmacia Lucchetti ","Farmacia","Buenos Aires","Tandil","","ALEM 1334","7000","20-20686663-3","","No","No"
"Farmacia Marzocca","Farmacia","Buenos Aires","Tandil","","MARCONI AVDA.1201","7000","30-71432573-2","","Si","Si"
"Farmacia Novafarma","Farmacia","Buenos Aires","Tandil","","QUINTANA 303","7000","33-71159709-9","","Si","No"
"Farmacia Pedemonte","Farmacia","Buenos Aires","Tandil","","Av. del Valle 174 entre Lunghi y Alonso","7000","27-21504869-7","","Si","Si"
"Farmacia Rubbi","Farmacia","Buenos Aires","Tandil","","CHACABUCO 302","7000","20-20673413-3","","No","No"
"Farmacia Serrana","Farmacia","Buenos Aires","Tandil","","Av. Lunghi 2317","7000","30-71793177-3","","No","No"
"Farmacia Subelza","Farmacia","Buenos Aires","Tandil","","Avenida Falucho 701, Tandil, Provincia de Buenos Aires, Argentina","7000","20-17532011-4","","Si","No"
"Farmacia Traverso","Farmacia","Buenos Aires","Tandil","","AVENIDA GRAL SIMON BOLIVAR 301","7000","27-17730961-9","","Si","Si"
"Farmacia Vera","Farmacia","Buenos Aires","Tandil","","Av. españa 958","7000","27-28691996-6","","No","No"
"Ghio","Farmacia","Buenos Aires","Tandil","","Franklin 1550","7000","27-36214544-4","","Si","Si"
"La Mutual","Farmacia","Buenos Aires","Tandil","","Av. Colón 1359","7000","27-12065763-7","","No","No"
"Roma","Farmacia","Buenos Aires","Tandil","","Sarmiento 798","7000","30-71131732-1","","No","No"
"Salceda","Farmacia","Buenos Aires","Tandil","","Av. Salceda 1515","7000","27-33845790-7","","Si","Si"
"Siempre Farmacias Central","Farmacia","Buenos Aires","Tandil","","General Rodríguez 423","7000","20-16507152-3","","Si","Si"
"Siempre Farmacias Darragueira","Farmacia","Buenos Aires","Tandil","","Darragueira 1970","7000","30-70726055-2","","Si","Si"
"Siempre Farmacias Roveda","Farmacia","Buenos Aires","Tandil","","9 De Julio 853","7000","30-71119965-5","","No","No"
"Strada","Farmacia","Buenos Aires","Tandil","","Lavalle 670","7000","23-27082535-4","","Si","Si"
"Teren","Farmacia","Buenos Aires","Tandil","","Av. Perón 1198","7000","30-70917984-1","","Si","Si"
"Vasca","Farmacia","Buenos Aires","Tandil","","General Paz 764, Tandil, Provincia de Buenos Aires, Argentina","7000","27-17253169-0","","Si","No"
"Farma 24 Hiper Farmaceutica Temperley Scs","Farmacia","Buenos Aires","Temperley","","CORONEL MANUEL DORREGO 324","B1834GJH","30-70751566-6","","No","No"
"Farmacia Clem Farm Scs","Farmacia","Buenos Aires","Temperley","","ALTE BROWN AVDA. 2820","1834","30-68822066-8","","Si","Si"
"Farmacia Martinez","Farmacia","Buenos Aires","Temperley","","Albarracin 21","1834","27-92358939-8","","No","No"
"Farmacia Pasco","Farmacia","Buenos Aires","Temperley","","Av. Pte Peron 1216","7001","30-70732816-5","","Si","No"
"Farmacia Patat","Farmacia","Buenos Aires","Temperley","","25 de mayo 399","1834","20-23754938-5","","No","No"
"Nueva Temperley S.C.S.","Farmacia","Buenos Aires","Temperley","","Avenida Hipolito Yrigoyen 10583, Temperley, Provincia de Buenos Aires, Argentina","1834","30-69907409-4","","Si","No"
"Vacunatorio Previvax Temperley","Vacunatorio","Buenos Aires","Temperley","","AV. ALMTE. BROWN 2779","1834","30-71441776-9","","Si","No"
"Varela","Farmacia","Buenos Aires","Temperley","","Garibaldi 1002","1834","27-33587317-9 ","","Si","No"
"Arballos","Farmacia","Buenos Aires","Tigre","","1902, Dbn, Av. Liniers, B1648 Tigre, Provincia De Buenos Aires","1648","27-18165044-9","","Si","Si"
"Chielli","Farmacia","Buenos Aires","Tigre","","Avenida Dardo Rocha 1408","1648","20-17311361-8","","No","No"
"Farmacia Del Pueblo Expres","Farmacia","Buenos Aires","Tigre","","Av Cazón 635","1648","30-71163501-3","","Si","No"
"Farmacia Del Pueblo (Tigre)","Farmacia","Buenos Aires","Tigre","","CAZON AVDA. 1550","1648","20-11928263-3","","Si","No"
"Farmacia Ipharm","Farmacia","Buenos Aires","Tigre","","Av. de los Lagos 7010","1870","30-70887064-8","","No","No"
"Farmacia Ipharmplus","Farmacia","Buenos Aires","Tigre","","Av agustin M Garcia 8450, local 3y4","1670","30-71459436-9","","No","No"
"Ferreyra","Farmacia","Buenos Aires","Tigre","","AV SANTA MARIA 2418","1648","27-23887972-3","","No","No"
"Vacunatorio Proteger Nordelta","Vacunatorio","Buenos Aires","Tigre","","Av. de los Lagos 6785","1648","30-65282353-6","","Si","No"
"Vantage - Farma Up","Farmacia","Buenos Aires","Tigre","","Avenida Agustín M. García 7353","1648","33-70902144-9","","Si","Si"
"Tolosa ","Farmacia","Buenos Aires","Tolosa","","Calle 528 Bis 860","1906","30-69208410-8","","Si","No"
"Farmacia Rodriguez","Farmacia","Buenos Aires","Torquinst","","Belgrano 351","8160","27-32670863-7","","No","No"
"Rusconi","Farmacia","Buenos Aires","Torquinst","","Av. San Martín 298","8160","20-23489367-0","","No","No"
"Briut Farm Scs","Farmacia","Buenos Aires","Tortuguitas","","CONSTITUYENTES 2096","1667","30-69651511-1","","Si","Si"
"Lepharm Tortugas","Farmacia","Buenos Aires","Tortuguitas","","Colectora Panamericana Ramal Norte 4002, Area De Promocion El Triangulo, Malvinas Argentinas","1667","20-38289297-7","","Si","Si"
"Argentina","Farmacia","Buenos Aires","Tres Arroyos","","Colón 200","7500","23-14770551-4","","Si","Si"
"Di Marco","Farmacia","Buenos Aires","Tres Arroyos","","SAN MARTIN 417","7500","20-20029375-5","","No","No"
"Farmacia Cepeda","Farmacia","Buenos Aires","Tres Arroyos","","Rivadavia N° 199","7500","20-23072490-4","","No","No"
"Farmacia Di Rocco","Farmacia","Buenos Aires","Tres Arroyos","","Avenida Moreno 953","7500","27-20044576-2","","No","No"
"Farmacia Kreff","Farmacia","Buenos Aires","Tres Arroyos","","Avenida Belgrano 301, Tres Arroyos, Provincia de Buenos Aires, Argentina","7500","23-23303383-9","","No","No"
"Farmacia Martinez","Farmacia","Buenos Aires","Tres Arroyos","","Av. Rivadavia N 661","7500","27-21636918-7","","No","No"
"Farmacia Pascual","Farmacia","Buenos Aires","Tres Arroyos","","LUCIO V. LOPEZ 81","7500","23-16475365-4","","No","No"
"Farmacia Podesta ","Farmacia","Buenos Aires","Tres Arroyos","","BETOLAZA 114","7500","27-20044227-5","","No","No"
"Farmacia Santirso","Farmacia","Buenos Aires","Tres Arroyos","","Avenida Primera Junta 92, B7500 Tres Arroyos, Provincia De Buenos Aires, Argentina","7500","23-14174453-4","","Si","No"
"Rendo","Farmacia","Buenos Aires","Tres Arroyos","","Humberto Primo 386","7500","30-71431818-3","","Si","Si"
"San Luis","Farmacia","Buenos Aires","Tres Arroyos","","Av. Belgrano 625","7500","20-18550382-9","","Si","Si"
"Tres Arroyos","Farmacia","Buenos Aires","Tres Arroyos","","Avenida San Martín 733, Tres Arroyos, Provincia de Buenos Aires, Argentina","7500","30-66749132-7","","No","No"
"Vidal","Farmacia","Buenos Aires","Tres Arroyos","","Bolívar 329","","27-31042338-1","","Si","Si"
"Farmacia Punto De Salud Xvii Scs","Farmacia","Buenos Aires","Tristan Suarez","","Las Hortensias 305, Tristán Suárez, Provincia de Buenos Aires, Argentina","1806","30-71509337-1","","Si","Si"
"Lai Marilo Scs","Farmacia","Buenos Aires","Trujui","","Vicente Yanez Pinzón 2076,","1736","30-71851120-4","","Si","Si"
"Farmacia De Caria","Farmacia","Buenos Aires","Turdera","","ANTARTIDA ARGENTINA 400","1836","27-17698402-9","","Si","Si"
"Queimaliños","Farmacia","Buenos Aires","Turdera","","Sto Tomás 173, B1833bze Turdera, Provincia De Buenos Aires","1833","23-12825356-4","","Si","Si"
"Farmacia Uom Del Puente","Farmacia","Buenos Aires","Valentin Alsina","","Avenida Presidente Juan Domingo Perón 3255, valentin alsina Provincia de Buenos Aires, Argentina","1822","30-71370210-9","","No","No"
"Uom (Lanus San Juan)","Farmacia","Buenos Aires","Valentin Alsina","","PRESIDENTE PERÓN AVDA. 2693","1882","30-70910845-6","","No","No"
"Trapaga","Farmacia","Buenos Aires","Vedia","","Av. Rivadavia 134","6030","23-23920410-4","","Si","Si"
"Farmacia Alende","Farmacia","Buenos Aires","Veronica","","Calle 30 N 1568","1917","27-29145556-0","","No","No"
"Carvajal","Farmacia","Buenos Aires","Vicente Lopez","","Av. Libertador 215 - Local 11","1638","30-62001924-7","","Si","No"
"Farma 365 - Curie","Farmacia","Buenos Aires","Vicente Lopez","","Abs, Av. Maipú 1860, B1602 Vicente López, Provincia De Buenos Aires, Argentina","1602","30-71739739-4","","Si","Si"
"Farmacia Schwartz","Farmacia","Buenos Aires","Vicente Lopez","","Avenida Maipu 1574","1636","30-71799540-4","","Si","No"
"Openfarma Sucursal Vicente Lopez","Farmacia","Buenos Aires","Vicente Lopez","","Avenida Maipú 918","1638","30-68358390-8","","Si","No"
"Pauwels","Farmacia","Buenos Aires","Vicente Lopez","","Av. Maipú 2102","1636","30-71882841-0","","Si","Si"
"Selma Vicente Lopez","Farmacia","Buenos Aires","Vicente Lopez","","Avenida Maipú 699","1638","30-66386023-9","","No","No"
"Vilela Nueva Del Libertador","Farmacia","Buenos Aires","Vicente Lopez","","Avenida del Libertador 1452, Vicente López, Provincia de Buenos Aires, Argentina","1638","30-71506976-4","","No","No"
"Zera S.c.s","Farmacia","Buenos Aires","Vicente Lopez","","Julio Argentino Roca 702","1638","30-71519230-2","","Si","Si"
"Blejer","Farmacia","Buenos Aires","Victoria","","Carlos Casares 3914","1644","30-67849114-0","","Si","Si"
"Farmacia Cimino","Farmacia","Buenos Aires","Victoria","","Carlos Casares 3164","1644","27-17998143-8","","Si","Si"
"Openfarma Iriondo","Farmacia","Buenos Aires","Victoria","","Av. Del Libertador 3061","1644","30-71775337-9 ","","Si","No"
"Pelman","Farmacia","Buenos Aires","Victoria","","Avenida Presidente Perón 3302, Victoria, Provincia de Buenos Aires, Argentina","1644","30-71485151-5","","No","No"
"Cargnoni ","Farmacia","Buenos Aires","Villa Adelina","","Av. De Mayo 900","1607","27-13664304-0","","Si","Si"
"Farmacia Del Pueblo","Farmacia","Buenos Aires","Villa Adelina","","PARANA 6400","1605","30-71464338-6","","Si","No"
"Selma Adelina","Farmacia","Buenos Aires","Villa Adelina","","PARANÀ 6502","1607","30-58304727-8","","No","No"
"Nueva Astolfi","Farmacia","Buenos Aires","Villa Astolfi","","Las Piedras 2865","1634","30-71657641-4","","No","No"
"Aguer","Farmacia","Buenos Aires","Villa Ballester","","PROFESOR AGUER 5989","1653","30-71639231-3","","No","No"
"Farmacia Antigua Del Aguila","Farmacia","Buenos Aires","Villa Ballester","","ALVEAR 251","O1653ZZZ","30-66252175-9","","No","No"
"Revelant","Farmacia","Buenos Aires","Villa Ballester","","Jose Hernandez 3000 Esq. Ameri","1653","27-93342968-2","","No","No"
"Vac Centro Pediatrico Ballester","Vacunatorio","Buenos Aires","Villa Ballester","","Alvear 2307","1653","20-17874771-2","","Si","No"
"Farmacia Bazzini","Farmacia","Buenos Aires","Villa Bosch","","Santos Vega 6217 ","1682","30-68532431-4","","No","No"
"Farmacia Gemma","Farmacia","Buenos Aires","Villa Bosch","","SANTOS VEGA 7510 E/CASTRO Y DEL KAISER","1682","30-70894503-6","","No","No"
"Farmacia Damore","Farmacia","Buenos Aires","Villa Celina","","Martiniano Chilavert 1498, B1768dqj Villa Celina, Provincia De Buenos Aires, Argentina","1772","23-20728327-4","","Si","No"
"Farmacia Wainstein","Farmacia","Buenos Aires","Villa Celina","","Unanue 400 Local 14, B1772 Villa Celina, Provincia De Buenos Aires","1772","20-31937993-3","","Si","Si"
"Farmacia Alvarez Villa De Mayo","Farmacia","Buenos Aires","Villa De Mayo","","Sucre 2359","1612","30-69651771-8","","Si","No"
"Dominico Scs-Maga Shop Expres","Farmacia","Buenos Aires","Villa Dominico","","AVENIDA MITRE 4701","1874","30-57747842-9","","No","No"
"Pasquali","Farmacia","Buenos Aires","Villa Elisa","","Cno. Gral. Manuel Belgrano 1120","1894","27-23349300-2","","Si","Si"
"Farmacia Malvaso","Farmacia","Buenos Aires","Villa Elvira","","Calle 120 1980 ","1906","27-03999360-6","","No","No"
"Pastore","Farmacia","Buenos Aires","Villa Elvira","","Av. 13 3367 ","1914","20-29954754-0 ","","Si","Si"
"Restu","Farmacia","Buenos Aires","Villa España","","C. 31 4552","1860","30-71621056-8","","No","No"
"Del Sol","Farmacia","Buenos Aires","Villa Gesell","","Av. 3 3050","7165","23-23349839-4","","Si","Si"
"Farmacia Cornalo","Farmacia","Buenos Aires","Villa Gesell",""," Av. 3 4199, Villa Gesell, Provincia de Buenos Aires","7165","20-20748602-8","","Si","Si"
"Farmacia Farmagesell","Farmacia","Buenos Aires","Villa Gesell","","Av. 4 & Paseo 114, Villa Gesell, Provincia de Buenos Aires, Argentina","7165","33-70947150-9","","No","No"
"Farmacia Farmar","Farmacia","Buenos Aires","Villa Gesell","","Av. 3 1151","7165","30-71774794-8","","Si","Si"
"Farmacia Filgueira Fernandez","Farmacia","Buenos Aires","Villa Gesell","","Av. 3 N 899 y Paseo 109","7165","30-71013521-1","","No","No"
"Farmacia Spiner","Farmacia","Buenos Aires","Villa Gesell","","AV BS AS 268","7165","27-11564898-0","","No","No"
"Gaita (villa Gesell)","Farmacia","Buenos Aires","Villa Gesell","","Blvr. S.gesell 1281, B7165 Villa Gesell, Provincia De Buenos Aires","7165","27-23193430-3","","Si","Si"
"Gesellfarma Scs (farmacor)","Farmacia","Buenos Aires","Villa Gesell","","Avenida 3 n 2049, Villa Gesell, Provincia de Buenos Aires, Argentina","7165","30-71615445-5","","No","No"
"Farmacia Miranda","Farmacia","Buenos Aires","Villa Luzuriaga","","Venezuela 4617","1754","27-24984468-9","","No","No"
"Farmily America","Farmacia","Buenos Aires","Villa Luzuriaga","","América 2076","1754","33-69406418-9","","No","No"
"Farmily Ancers","Farmacia","Buenos Aires","Villa Luzuriaga","","América 3290","1754","30-70345711-4","","Si","No"
"Farmily Sanchez","Farmacia","Buenos Aires","Villa Luzuriaga","","GARIBALDI 2366","1754","30-71632712-0","","No","No"
"Grasso","Farmacia","Buenos Aires","Villa Luzuriaga","","Guido Spano 2221","1754","20-22054451-7","","No","No"
"Farmacia Cerone","Farmacia","Buenos Aires","Villa Lynch","","Rodriguez Peña (22) N° 4475","1650","27-13131811-7","","Si","Si"
"Farmacia Couto ","Farmacia","Buenos Aires","Villa Madero","","CORONEL DOMINGUEZ 502","1751","27-14001893-2","","Si","No"
"Farmacia Yanson ","Farmacia","Buenos Aires","Villa Madero","","Avenida Vélez Sarsfield 998, Villa Madero, Provincia de Buenos Aires, Argentina","1768","27-33032425-8","","No","No"
"Caporale","Farmacia","Buenos Aires","Villa Maipu","","Estrada 2804, Villa Maipú, Provincia De Buenos Aires","1650","30-71717958-3","","No","No"
"Nudel","Farmacia","Buenos Aires","Villa Maipu","","E.c. Villegas 1960, Villa Maipú, Provincia De Buenos Aires","1650","30-71705767-4","","No","No"
"Antigua Farmacia Roma","Farmacia","Buenos Aires","Villa Martelli","","Laprida 3600, Villa Martelli, Provincia de Buenos Aires, Argentina","1603","30-70705769-2","","No","No"
"Farmacia Tapia","Farmacia","Buenos Aires","Villa Martelli","","LAPRIDA 4255","1603","20-13430966-1","","No","No"
"Openmitre","Farmacia","Buenos Aires","Villa Martelli","","Av. Bartolomé Mitre 620","1603","33-71863232-9","","Si","Si"
"Sanguinetti Farma","Farmacia","Buenos Aires","Villa Martelli","","Av. Bartolomé Mitre 122","1603","30-71737589-7","","Si","Si"
"Vilela","Farmacia","Buenos Aires","Villa Martelli","","Uruguay 308","1603","27-18093482-6","","Si","Si"
"Farmacia Reynaga","Farmacia","Buenos Aires","Villa Rosa","","Ruben Isais, Ruben Isaias Bertazzoni 5, B1631 Villa Rosa","1631","27-31644568-9","","No","No"
"Farmacia Schmidt","Farmacia","Buenos Aires","Villa Rosa","","Moreno 1240","1631","20-12841516-6","","No","No"
"La 25","Farmacia","Buenos Aires","Villa Rosa","","Av. Dr. Honorio Pueyrredón 2080","1631","30-71689661-3","","Si","Si"
"Selma Pilar","Farmacia","Buenos Aires","Villa Rosa","","Baldassare Verazzi 1665","1630","30-71762763-2","","Si","Si"
"Farmacia Central Tesei","Farmacia","Buenos Aires","Villa Tesei","","Av. Vergara 2363","1686","30-70845197-1","","Si","No"
"Farmacia Principal De Tesei","Farmacia","Buenos Aires","Villa Tesei","","Avenida Gobernador Vergara 2284, Villa Tesei, Provincia de Buenos Aires, Argentina","B1688GEZ","30-61398988-5","","No","No"
"Terranova ","Farmacia","Buenos Aires","Villa Tesei","","Av. Gdor. Vergara 1548, Villa Tesei, Provincia De Buenos Aires","1688","27-29093197-0","","Si","Si"
"Mastronardi","Farmacia","Buenos Aires","Virreyes","","Brandsen 2111","1645","20-14393974-0","","Si","Si"
"Farmacia Laborde","Farmacia","Buenos Aires","Wilde","","SALVADOR SOREDA 6161","1875","27-13438815-9","","Si","Si"
"Lopez","Farmacia","Buenos Aires","Wilde","","MITRE AVDA. 6498","1875","27-23148697-1","","Si","Si"
"Soy Argentina","Farmacia","Buenos Aires","Wilde","","Fabián Onsari 199, Gran Buenos Aires, Provincia de Buenos Aires, Argentina","B1875EJB","30-68375607-1","","No","No"
"Angiolini","Farmacia","Buenos Aires","William Morris","","Poeta Risso 3306","1681","27-21714733-1","","Si","Si"
"Cr Salud","Farmacia","Buenos Aires","Zarate","","Sarmiento 540","2800","30-70434752-5","","Si","Si"
"Farma 365 - Social Espanola","Farmacia","Buenos Aires","Zarate","","Independencia 899, B2800 Zárate, Provincia De Buenos Aires, Argentina","2800","30-68678782-2","","Si","Si"
"Farmacia Anfolisi ","Farmacia","Buenos Aires","Zarate","","Soler 1400","2800","27-14849172-6","","No","No"
"Farmacia Ferrari ","Farmacia","Buenos Aires","Zarate","","De la Torre 1501, Zárate, Provincia de Buenos Aires, Argentina","4590","20-16873500-7","","No","No"
"Farmacia Galatti","Farmacia","Buenos Aires","Zarate","","Justa Lima 701","2800","20-18531309-4","","No","No"
"Farmacia Mestre","Farmacia","Buenos Aires","Zarate","","Avenida Mitre 1355","2800","27-20343104-5","","No","No"
"Farmacia Montoya","Farmacia","Buenos Aires","Zarate","","Avenida Anta 905, Zárate, Provincia de Buenos Aires, Argentina","2800","30-71528125-9","","Si","No"
"Farmacia Parada","Farmacia","Buenos Aires","Zarate","","RIVADAVIA 1446","2800","20-16873448-5","","No","No"
"Farmacia Pasteur","Farmacia","Buenos Aires","Zarate","","25 de Mayo 440 ","2800","27-25974212-4","","No","No"
"Farmacia Stricker","Farmacia","Buenos Aires","Zarate","","RIVADAVIA 901","2800","27-22166013-2","","Si","Si"
"Farmacia Villa Fox","Farmacia","Buenos Aires","Zarate","","Justa Lima 1565","2800","30-71678060-7","","No","No"
"Guidi","Farmacia","Buenos Aires","Zarate","","Hipólito Yrigoyen 500, B2800 Zárate, Provincia De Buenos Aires","2800","27-16601412-9","","Si","No"
"Lopez","Farmacia","Buenos Aires","Zarate","","Evaristo Carriego 268 Pb, B2800 Zárate, Provincia De Buenos Aires","2800","27-34412293-3","","Si","Si"
"Madeira","Farmacia","Buenos Aires","Zarate","","Alferez Pacheco 1050 (Local 6) ","2800","20-34047984-0","","No","No"
"Ostrovsky","Farmacia","Buenos Aires","Zarate","","Av. Gral. Lavalle 1834","2800","27-14849457-1","","Si","Si"
"Perez Marquez","Farmacia","Buenos Aires","Zarate","","Avenida Rivadavia 545","2800","27-14249891-5","","Si","Si"
"Silvetti","Farmacia","Buenos Aires","Zarate","","JUSTA LIMA DE ATUCHA 330","2800","30-71500077-2","","No","No"
"Farmaplus 18 Caballito I","Farmacia","Capital Federal","Capital Federal","Caballito","Avenida Rivadavia 5014","1424","30-69914319-3","","No","No"
"Alberdi 5","Farmacia","Capital Federal","Capital Federal","Belgrano","Av. Del Libertador 4402","1426","33-69103333-9","","No","No"
"Anika Shop 1","Farmacia","Capital Federal","Capital Federal","La Paternal","Av. S. Martín 2159","1416","30-64798143-3","","Si","No"
"Anika Shop 2","Farmacia","Capital Federal","Capital Federal","La Paternal","Cuenca 2762, C1417aal Caba","1406","30-64798143-3","","Si","Si"
"Anika Shop 3","Farmacia","Capital Federal","Capital Federal","La Paternal","Av. S. Martín 2712","1406","30-64798143-3","","Si","Si"
"Anika Shop 4","Farmacia","Capital Federal","Capital Federal","La Paternal","Av. S. Martín 1669","1416","30-64798143-3","","Si","No"
"Anika Shop 5","Farmacia","Capital Federal","Capital Federal","Flores","Av. S. Martín 2321","1406","30-64798143-3","","Si","No"
"Antigua San Roque Srl","Farmacia","Capital Federal","Capital Federal","Villa Ortuzar","Avenida Álvarez Thomas 1555, CDC, Buenos Aires, Argentina","1427","30-65687578-6","","No","No"
"Arcos","Farmacia","Capital Federal","Capital Federal","Belgrano","Mariscal Antonio José de Sucre 2092, Buenos Aires, Argentina","1428","30-65757916-1","","No","No"
"Barrancas Center","Farmacia","Capital Federal","Capital Federal","Belgrano","Juramento 1799","1428","30-69757165-1","","No","No"
"Belen Parque Brown","Farmacia","Capital Federal","Capital Federal","Mataderos","Av. Gral. Francisco Fernández De La Cruz 4602, C1439 Cdad. Autónoma De Buenos Aires","1439","30-68969204-0","","Si","Si"
"Big Pharmacy","Farmacia","Capital Federal","Capital Federal","Retiro","Paraguay 615","1057","30-70814960-4","","Si","Si"
"Braver","Farmacia","Capital Federal","Capital Federal","Flores","Segurola 1574","1407","20-21483735-9","","Si","Si"
"Brocca","Farmacia","Capital Federal","Capital Federal","Almagro","Perón 4101","","30-51946207-5","","Si","Si"
"Buti Gel","Farmacia","Capital Federal","Capital Federal","Almagro","Presidente Juan Domingo Perón 3734, AAT, Buenos Aires, Argentina","1198","20-13677436-1","","Si","No"
"Caballito","Farmacia","Capital Federal","Capital Federal","Caballito","Neuquén 1034, C1405ckl Cdad. Autónoma De Buenos Aires","","33-71801913-9","","Si","No"
"Central Oeste - Cramer","Farmacia","Capital Federal","Capital Federal","Belgrano","Av. Crámer 2000","1428","30-71848134-8","","No","No"
"Central Oeste - Farmacia Monroe","Farmacia","Capital Federal","Capital Federal","Belgrano","Av. Monroe 2499","1428","30-71848134-8","","No","No"
"Central Oeste - Sanabria","Farmacia","Capital Federal","Capital Federal","Villa Devoto","Sanabria 3333","1419","30-71848134-8","","No","No"
"Central Oeste - Social Belgrano","Farmacia","Capital Federal","Capital Federal","Almagro","Av. Belgrano 3002, C1209aap Cdad. Autónoma De Buenos Aires","1210","30-71182968-3","","Si","Si"
"Centro Medico Barrio Norte Galeno","Vacunatorio","Capital Federal","Capital Federal","Recoleta","Av. Córdoba 1714","1055","30-52242816-3","","Si","Si"
"Daneri","Farmacia","Capital Federal","Capital Federal","Villa del Parque","CAMPANA 2502","C1417ACJ","30-70964194-4","","No","No"
"Danesa S.R.L.","Farmacia","Capital Federal","Capital Federal","Belgrano","Avenida Cabildo 2171, Buenos Aires, Argentina","C1428DNP","30-52636082-2","","No","No"
"Danesa Srl (Cramer)","Farmacia","Capital Federal","Capital Federal","Belgrano","Avenida Crámer 1963, Buenos Aires, Argentina","1428","30-52636082-2","","Si","No"
"Del Carmen","Farmacia","Capital Federal","Capital Federal","Recoleta","Avenida Córdoba 1701","1055","33-52694204-9","","No","No"
"Doctor Sabin","Farmacia","Capital Federal","Capital Federal","Retiro","Uruguay 1272, Buenos Aires, Argentina","1016","27-14689949-3","","No","No"
"Farcamias Oasis ","Farmacia","Capital Federal","Capital Federal","Belgrano","LIBERTADOR 5990","1428","30-70807965-7","","Si","Si"
"Farma 365 - Bucal","Farmacia","Capital Federal","Capital Federal","Villa Urquiza","Av. Gral. Mosconi 2102","1431","30-70720062-2","","Si","Si"
"Farma 365 - Buenos Aires ","Farmacia","Capital Federal","Capital Federal","Flores","Av. Rivadavia 6327, C1406 Cdad. Autónoma De Buenos Aires, Argentina","1406","30-62503758-8","","No","No"
"Farma 365 - Cuenca","Farmacia","Capital Federal","Capital Federal","Villa del Parque","Cuenca 3005","1417","30-70720062-2","","Si","Si"
"Farma 365 - Nueva Dickens ","Farmacia","Capital Federal","Capital Federal","Palermo","Av. Sta. Fe 3000, C1425 Bge, Cdad. Autónoma De Buenos Aires, Argentina","1425","30-66155009-7","","Si","Si"
"Farma 365 - Palermo","Farmacia","Capital Federal","Capital Federal","Palermo","Av. Sta. Fe 4571, C1425 Cdad. Autónoma De Buenos Aires","1425","30-71143701-7","","Si","Si"
"Farma 365 - Social Francesa","Farmacia","Capital Federal","Capital Federal","Caballito","Rivadavia 4544, C1212 Caba","1212","30-63368396-0","","Si","Si"
"Farma Star Cordoba","Farmacia","Capital Federal","Capital Federal","Palermo","Av. Córdoba 4300","1414","30-71787181-9","","Si","No"
"Farma Star Olazabal","Farmacia","Capital Federal","Capital Federal","Nuñez","Av. Olazábal 3668, C1430bqp Cdad. Autónoma De Buenos Aires","1430","30-71787181-9","","Si","No"
"Farma Star Pedraza Mas Farmacia (estacion Nuñez Pedraza) ","Farmacia","Capital Federal","Capital Federal","Nuñez","Manuela Pedraza 2044","1429","30-71574698-7","","No","No"
"Farma Star Ugarte","Farmacia","Capital Federal","Capital Federal","Nuñez","Manuel Ugarte 3799, C1430 Cdad. Autónoma De Buenos Aires","1430","30-71787181-9","","Si","Si"
"Farmabelen Suc. Alberdi","Farmacia","Capital Federal","Capital Federal","Mataderos","Av. Juan Bautista Alberdi 6151","1440","30-70885544-4","","No","No"
"Farmabelen Suc. Chilavert","Farmacia","Capital Federal","Capital Federal","Villa Riachuelo","Coronel Martiniano Chilavert 6364","1439","30-71221497-6","","No","No"
"Farmabelen Suc. Condor","Farmacia","Capital Federal","Capital Federal","Constitución","Sánchez De Bustamante 462","1173","30-70885544-4","","Si","Si"
"Farmabelen Suc. Corrales","Farmacia","Capital Federal","Capital Federal","Villa Lugano","Corrales 6302","1439","30-71639179-1","","No","No"
"Farmabelen Suc. Guamini","Farmacia","Capital Federal","Capital Federal","Villa Riachuelo","Coronel Martiniano Chilavert 6577","1439","30-71221497-6","","No","No"
"Farmabelen Suc. Lope De Vega","Farmacia","Capital Federal","Capital Federal","Monte Castro","Avenida Lope de Vega 1690, Buenos Aires, Argentina","1407","30-71221497-6","","No","No"
"Farmabelen Suc. Luro","Farmacia","Capital Federal","Capital Federal","Villa Luro","Av. Rivadavia 9626, C1203aas, C1407 Cdad. Autónoma De Buenos Aires","1407","30-68969204-0","","No","No"
"Farmabelen Suc. Murguiondo","Farmacia","Capital Federal","Capital Federal","Villa Lugano","Murguiondo 4064","1439","30-68969204-0","","No","No"
"Farmabelen Suc. Riestra","Farmacia","Capital Federal","Capital Federal","Villa Lugano","Av. Riestra 5701","1439","30-71221497-6","","Si","Si"
"Farmabelen Suc. Saenz","Farmacia","Capital Federal","Capital Federal","Nueva Pompeya","Av. Sáenz 928","1437","30-70885544-4","","No","No"
"Farmabelen Suc. Vega 1000","Farmacia","Capital Federal","Capital Federal","Flores","Av. Lope De Vega 1055","1407","30-70885544-4","","Si","Si"
"Farmaceutica Alberdi Srl (Alberdi)","Farmacia","Capital Federal","Capital Federal","Flores","Avenida Juan Bautista Alberdi 2188, Buenos Aires, Argentina","1406","30-70826743-7","","Si","No"
"Farmacia 5100 Mediterraneo","Farmacia","Capital Federal","Capital Federal","Abasto","Av. Corrientes 2890","1193","30-67594410-1","","No","No"
"Farmacia Alfa","Farmacia","Capital Federal","Capital Federal","Almagro","CORDOBA AVDA. 3902","1188","30-66154488-7","","Si","Si"
"Farmacia Almirante Brown 900","Farmacia","Capital Federal","Capital Federal","La Boca","Av. Almirante Brown 900","1159","30-63748835-6","","No","No"
"Farmacia Amfanor","Farmacia","Capital Federal","Capital Federal","Barracas","AVENIDA MONTES DE OCA 217","1270","33-64400903-9","","Si","Si"
"Farmacia Avenida Diaz Velez 3899 Srl","Farmacia","Capital Federal","Capital Federal","Almagro","Av. Díaz Vélez 3899","1200","30-71604090-5","","Si","No"
"Farmacia Azul","Farmacia","Capital Federal","Capital Federal","Balvanera","Avenida Entre Ríos 299, Buenos Aires, Argentina","C1079ABC","30-51584191-8","","Si","Si"
"Farmacia Cantilo","Farmacia","Capital Federal","Capital Federal","Villa Devoto","Lope de Vega 3249","1419","30-57166771-8","","Si","No"
"Farmacia Charite ","Farmacia","Capital Federal","Capital Federal","Palermo","PARAGUAY 5002","1425","30-71164954-5","","Si","Si"
"Farmacia Clifford","Farmacia","Capital Federal","Capital Federal","Recoleta","ARENALES 2045","1124","27-16208583-8","","No","No"
"Farmacia Constitucion","Farmacia","Capital Federal","Capital Federal","Constitución","Av. Brasil 1128","1154","30-71590803-0","","No","No"
"Farmacia Dameli","Farmacia","Capital Federal","Capital Federal","Colegiales","Virrey Aviles 3371","1426","30-69474068-1","","Si","Si"
"Farmacia De Prueba Zetti","Farmacia","Capital Federal","Capital Federal","Monserrat","Sin domicilio - Farmacia Prueba","1092","","","Si","No"
"Farmacia Del Arte Scs","Farmacia","Capital Federal","Capital Federal","Parque Patricios","Avenida Caseros 2915","1264","30-63993808-1","","No","No"
"Farmacia Del Viejo Palermo","Farmacia","Capital Federal","Capital Federal","Palermo","José A. Cabrera 5000","1414","20-16262570-6","","Si","No"
"Farmacia Directorio 4701","Farmacia","Capital Federal","Capital Federal","Parque Avellaneda","AV. DIRECTORIO 4701","1407","30-59766504-7","","No","No"
"Farmacia Farmafe","Farmacia","Capital Federal","Capital Federal","Almagro","AV. RIVADAVIA 4399","1205","33-71678341-9","","Si","No"
"Farmacia Farmafe","Farmacia","Capital Federal","Capital Federal","Palermo","AV. CORONEL DIAZ 2179","1435","30-58266425-7","","Si","No"
"Farmacia Farmafe","Farmacia","Capital Federal","Capital Federal","Caballito","AVENIDA RIVADAVIA 4634","1932","30-69605440-8","","No","No"
"Farmacia Farmafe","Farmacia","Capital Federal","Capital Federal","Monserrat","Av. Córdoba 1353","1015","33-68630340-9","","Si","Si"
"Farmacia Farmapal","Farmacia","Capital Federal","Capital Federal","Belgrano","LUIS MARIA CAMPOS AVDA. 751","1426","30-71054313-1","","Si","No"
"Farmacia Farmaplus Barrio Note Sucursal 11","Farmacia","Capital Federal","Capital Federal","Recoleta","Avenida Pueyrredón 1428","1118","30-70869087-9","","No","No"
"Farmacia Farmar I Ex Nikkei","Farmacia","Capital Federal","Capital Federal","Monserrat","AVENIDA CALLAO 321","1022","30-64767550-2","","No","No"
"Farmacia Farmatica","Farmacia","Capital Federal","Capital Federal","Caballito","Av. Díaz Vélez 5079, Buenos Aires, Argentina","1405","20-31963971-4","","No","No"
"Farmacia First","Farmacia","Capital Federal","Capital Federal","Caballito","Avenida Avellaneda 896","1405","20-18211748-0","","Si","Si"
"Farmacia Flores","Farmacia","Capital Federal","Capital Federal","Flores","Avenida Avellaneda 2014","1406","20-12849112-1","","Si","No"
"Farmacia Ges","Farmacia","Capital Federal","Capital Federal","Liniers","Av. Emilio Castro 7649","1408","30-62773971-7","","Si","Si"
"Farmacia Gran Callao ","Farmacia","Capital Federal","Capital Federal","Balvanera","Av. Callao 1379","1023","30-70908662-2","","No","No"
"Farmacia Gran San Juan","Farmacia","Capital Federal","Capital Federal","Boedo","Av. San Juan 3002, C1233 Cdad. Autónoma De Buenos Aires, Argentina","1233","27-26553300-6","","No","No"
"Farmacia Inglesa De Lugano","Farmacia","Capital Federal","Capital Federal","Mataderos","Somellera 5725, C1439aas Cdad. Autónoma De Buenos Aires, Argentina","1439","30-68576420-9","","Si","Si"
"Farmacia Inglesa Del Norte","Farmacia","Capital Federal","Capital Federal","Retiro","CARLOS PELLEGRINI 1091","1009","30-52822090-4","","Si","No"
"Farmacia La Botica De Berutti","Farmacia","Capital Federal","Capital Federal","Recoleta","Beruti 3300, Buenos Aires, Argentina","1425","30-60436007-9","","No","No"
"Farmacia La Placita ","Farmacia","Capital Federal","Capital Federal","Flores","Avenida Directorio 2601, Buenos Aires, Argentina","1406","30-70995944-8","","Si","Si"
"Farmacia Lider","Farmacia","Capital Federal","Capital Federal","Flores","EVA PERON 3642","1407","30-70794229-7","","No","No"
"Farmacia Lider Ii","Farmacia","Capital Federal","Capital Federal","Floresta","AV. RIVADAVIA 8749","1407","30-70794229-7","","Si","Si"
"Farmacia Mafei","Farmacia","Capital Federal","Capital Federal","La Paternal","Av. Alvarez Jonte 3202 Esquina, Cuenca, 1416 Buenos Aires","1416","30-60230289-6","","No","No"
"Farmacia Marina","Farmacia","Capital Federal","Capital Federal","Nueva Pompeya","LA PLATA AVDA. 2501","1437","30-52193626-2","","No","No"
"Farmacia Martín Rodríguez","Farmacia","Capital Federal","Capital Federal","La Boca","OLAVARRIA 443","1161","27-24129590-2","","No","No"
"Farmacia Matienzo","Farmacia","Capital Federal","Capital Federal","Palermo","Teniente Benjamin Matienzo 1714","1426","27-11957430-2","","No","No"
"Farmacia Muñeira Sa","Farmacia","Capital Federal","Capital Federal","Balvanera","PICHINCHA 211","1082","30-70739911-9","","No","No"
"Farmacia Naon","Farmacia","Capital Federal","Capital Federal","Belgrano","Romulo Naon 2357","1430","30-70858752-0","","Si","Si"
"Farmacia Nazca 1832 Scs ","Farmacia","Capital Federal","Capital Federal","Flores","Avenida Nazca 1876, ASU, Buenos Aires, Argentina","1416","30-70826743-7","","No","No"
"Farmacia Nueva Costa","Farmacia","Capital Federal","Capital Federal","Parque Patricios","La Rioja 2099, Parque Patricios, CABA, Argentina","1244","30-64384432-6","","Si","Si"
"Farmacia Nueva Delta","Farmacia","Capital Federal","Capital Federal","Palermo","Honduras 3702","1180","20-23723629-8","","Si","Si"
"Farmacia Nueva Julian Alvarez","Farmacia","Capital Federal","Capital Federal","Almagro","Tte. Gral. Juan Domingo Perón 4500","1199","30-71893760-0","","Si","No"
"Farmacia Nueva Lacroze Srl","Farmacia","Capital Federal","Capital Federal","Belgrano","Avenida Federico Lacroze 2599, Buenos Aires, Argentina","1426","30-70949130-6","","No","No"
"Farmacia Nueva Soper","Farmacia","Capital Federal","Capital Federal","Boedo","AVENIDA BOEDO 783","1218","30-68407863-8","","No","No"
"Farmacia Nueva Victoria (Ex Microcentro)","Farmacia","Capital Federal","Capital Federal","Caballito","Av. Angel Gallardo 964","1405","30-71076116-3","","No","No"
"Farmacia Oggi","Farmacia","Capital Federal","Capital Federal","San Cristobal","Avenida Juan de Garay 3101, ABA, Buenos Aires, Argentina","1256","20-31328121-4","","No","No"
"Farmacia Paris","Farmacia","Capital Federal","Capital Federal","Mataderos","Avenida Emilio Castro 6699","1408","30-55280620-0","","Si","Si"
"Farmacia Porteña Balvanera","Farmacia","Capital Federal","Capital Federal","Balvanera","Av Rivadavia 2398","","30-71655701-0","","Si","No"
"Farmacia Porteña Congreso ","Farmacia","Capital Federal","Capital Federal","Balvanera","RIVADAVIA AVDA. 2101","1084","30-70832651-4","","Si","No"
"Farmacia Porteña Retiro","Farmacia","Capital Federal","Capital Federal","Puerto Madero","Av. Pres. Ramón S. Castillo 1722, C1104 Cdad. Autónoma De Buenos Aires","1104","30-71726770-9","","No","No"
"Farmacia Rawson","Farmacia","Capital Federal","Capital Federal","La Paternal","General José Gervasio Artigas 1701","1416","30-71501694-6","","Si","No"
"Farmacia Rivadavia 2463 (Farmarina Srl )","Farmacia","Capital Federal","Capital Federal","Balvanera","RIVADAVIA AVDA. 2463","1034","30-71198402-6","","Si","Si"
"Farmacia Rodo","Farmacia","Capital Federal","Capital Federal","Caballito","AVENIDA DIAZ VELEZ 5402","1405","30-70883732-2","","Si","No"
"Farmacia S.A.G.","Farmacia","Capital Federal","Capital Federal","Caballito","Avenida Juan Bautista Alberdi 202","1424","27-14309210-6","","No","No"
"Farmacia Salvador","Farmacia","Capital Federal","Capital Federal","Tribunales","CALLAO AVDA. 689","1022","30-61205020-8","","No","No"
"Farmacia San Carlos","Farmacia","Capital Federal","Capital Federal","Villa Devoto","AVENIDA FRANCISCO BEIRO 4594","1419","33-52773985-9","","Si","No"
"Farmacia San Jorge","Farmacia","Capital Federal","Capital Federal","Villa Lugano","SANTANDER 5101","1439","27-14990891-4","","No","No"
"Farmacia Santa Ana","Farmacia","Capital Federal","Capital Federal","Villa Santa Rita","AV. NAZCA 1341","1416","27-18132099-6","","No","No"
"Farmacia Santa Fe","Farmacia","Capital Federal","Capital Federal","Palermo","SANTA FE AVDA. 4024","1425","27-93474667-3","","Si","Si"
"Farmacia Santa Rita","Farmacia","Capital Federal","Capital Federal","Villa Pueyrredon","Avenida General Mosconi 2799, Buenos Aires, Argentina","1419","23-04301832-9","","No","No"
"Farmacia Social Cobo Srl","Farmacia","Capital Federal","Capital Federal","Parque Chacabuco","COBO AVDA. 1185/89","1424","30-66127262-3","","Si","No"
"Farmacia Star","Farmacia","Capital Federal","Capital Federal","Villa del Parque","Bermúdez 2463","1417","23-21820505-4","","No","No"
"Farmacia Suiza","Farmacia","Capital Federal","Capital Federal","Boedo","AVENIDA BOEDO 937","1218","30-57825223-8","","No","No"
"Farmacia Urquiza","Farmacia","Capital Federal","Capital Federal","Villa Urquiza","Bauness 2600","1431","27-16493145-0","","Si","No"
"Farmacia Varela","Farmacia","Capital Federal","Capital Federal","Palermo","Cabello 3701","1425","30-65646649-5","","No","No"
"Farmacia Vital Sa","Farmacia","Capital Federal","Capital Federal","Villa Urquiza","DE LOS CONSTITUYENTES 6117 ","1431","30-64275741-1","","No","No"
"Farmacity - Suc 367","Farmacia","Capital Federal","Capital Federal","Constitución","Junín 835","1113","30-69213874-7","","No","No"
"Farmacity 103-Libertador","Farmacia","Capital Federal","Capital Federal","Nuñez","DEL LIBERTADOR AVDA. 6636","1429","30-69213874-7","","No","No"
"Farmacity 106-Beiro Ii","Farmacia","Capital Federal","Capital Federal","Villa Devoto","FRANCISCO BEIRO AVDA. 3566","1419","30-69213874-7","","No","No"
"Farmacity 107-Pedro Goyena","Farmacia","Capital Federal","Capital Federal","Caballito","PEDRO GROYENA 701","1416","30-69213874-7","","No","No"
"Farmacity 108-Chorroarin","Farmacia","Capital Federal","Capital Federal","Villa Urquiza","DE LOS INCAS AVDA. 4138","1431","30-69213874-7","","No","No"
"Farmacity 10-Carabobo","Farmacia","Capital Federal","Capital Federal","Flores","RIVADAVIA AVDA. 6398","1406","30-69213874-7","","No","No"
"Farmacity 110-Honduras","Farmacia","Capital Federal","Capital Federal","Palermo","HONDURAS 3953","1425","30-69213874-7","","No","No"
"Farmacity 112-La Plata 365","Farmacia","Capital Federal","Capital Federal","Caballito","LA PLATA AVDA. 365","1424","30-69213874-7","","No","No"
"Farmacity 114-Alberdi","Farmacia","Capital Federal","Capital Federal","Mataderos","SALADILLO 2016","1408","30-69213874-7","","No","No"
"Farmacity 115-Florida 3","Farmacia","Capital Federal","Capital Federal","San Nicolas","FLORIDA 52","1084","30-69213874-7","","No","No"
"Farmacity 116-V. Del Pino","Farmacia","Capital Federal","Capital Federal","Belgrano","VIRREY DEL PINO 2684","1428","30-69213874-7","","No","No"
"Farmacity 117-Chiclana (La Plata Iii)","Farmacia","Capital Federal","Capital Federal","Nueva Pompeya","LA PLATA AVDA. 2401","1437","30-69213874-7","","No","No"
"Farmacity 119-Beiro Iii","Farmacia","Capital Federal","Capital Federal","Villa Devoto","FRANCISCO BEIRO AVDA. 5278","1419","30-69213874-7","","No","No"
"Farmacity 120-Melincue","Farmacia","Capital Federal","Capital Federal","Villa del Parque","MELINCUE 3185","1417","30-69213874-7","","No","No"
"Farmacity 122-Guemes","Farmacia","Capital Federal","Capital Federal","Palermo","CORDOBA AVDA. 3949","1425","30-69213874-7","","No","No"
"Farmacity 123-Cid Campeador","Farmacia","Capital Federal","Capital Federal","Caballito","GAONA AVDA. 1101","1424","30-69213874-7","","No","No"
"Farmacity 127-Triunvirato Iii","Farmacia","Capital Federal","Capital Federal","Villa Urquiza","TRIUNVIRATO AVDA. 4451","1431","30-69213874-7","","No","No"
"Farmacity 12-Panama","Farmacia","Capital Federal","Capital Federal","Almagro","CORRIENTES AVDA. 4647","1195","30-69213874-7","","No","No"
"Farmacity 130-Suarez","Farmacia","Capital Federal","Capital Federal","Barracas","MONTES DE OCA AVDA. 894","1270","30-69213874-7","","No","No"
"Farmacity 132-Billinghurst","Farmacia","Capital Federal","Capital Federal","Palermo","CORDOBA AVDA. 3381","1425","30-69213874-7","","No","No"
"Farmacity 133-Jujuy Ii","Farmacia","Capital Federal","Capital Federal","San Cristobal","SAN JUAN AVDA. 2701","1229","30-69213874-7","","No","No"
"Farmacity 135-Pujol","Farmacia","Capital Federal","Capital Federal","Caballito","SAN MARTIN AVDA. 1854","1424","30-69213874-7","","No","No"
"Farmacity 136-Asamblea","Farmacia","Capital Federal","Capital Federal","Parque Chacabuco","ASAMBLEA 826","1406","30-69213874-7","","No","No"
"Farmacity 137-Mosconi","Farmacia","Capital Federal","Capital Federal","Villa Urquiza","GENERAL JOSE GERVASIO DE ARTIGAS 4684","1431","30-69213874-7","","No","No"
"Farmacity 13-Triunvirato","Farmacia","Capital Federal","Capital Federal","Villa Urquiza","TRIUNVIRATO AVDA. 4634","1431","30-69213874-7","","No","No"
"Farmacity 140-Gaona","Farmacia","Capital Federal","Capital Federal","Villa General Mitre","MANUEL RICARDO TRELLES 1065","1406","30-69213874-7","","No","No"
"Farmacity 142-Martinez","Farmacia","Capital Federal","Capital Federal","Belgrano","FEDERICO LACROZE AVDA. 3289","1428","30-69213874-7","","No","No"
"Farmacity 143-Belgrano","Farmacia","Capital Federal","Capital Federal","Monserrat","BELGRANO AVDA. 1194","1090","30-69213874-7","","No","No"
"Farmacity 144-Zabala","Farmacia","Capital Federal","Capital Federal","Colegiales","CABILDO AVDA. 1274","1426","30-69213874-7","","No","No"
"Farmacity 145-Defensa","Farmacia","Capital Federal","Capital Federal","San Telmo","SAN JUAN AVDA. 387","1147","30-69213874-7","","No","No"
"Farmacity 146-J.B.Justo","Farmacia","Capital Federal","Capital Federal","Villa Crespo","CORRIENTES AVDA. 5801","1414","30-69213874-7","","No","No"
"Farmacity 147-Newbery","Farmacia","Capital Federal","Capital Federal","Chacarita","ALVAREZ THOMAS AVDA. 284","1427","30-69213874-7","","No","No"
"Farmacity 14-Cabildo","Farmacia","Capital Federal","Capital Federal","Belgrano","AVENIDA CABILDO 2340","1428","30-69213874-7","","No","No"
"Farmacity 150-Mercedes","Farmacia","Capital Federal","Capital Federal","Floresta","RIVADAVIA AVDA. 8503","1407","30-69213874-7","","No","No"
"Farmacity 151-Larrea Y Peña","Farmacia","Capital Federal","Capital Federal","Recoleta","PEÑA 2383","1425","30-69213874-7","","No","No"
"Farmacity 158-Directorio","Farmacia","Capital Federal","Capital Federal","Parque Chacabuco","AVENIDA DIRECTORIO  2896","1406","30-69213874-7","","No","No"
"Farmacity 15-Las Heras","Farmacia","Capital Federal","Capital Federal","Recoleta","LAS HERAS AVDA. 2055","1425","30-69213874-7","","No","No"
"Farmacity 160-Gascon","Farmacia","Capital Federal","Capital Federal","Almagro","GASCON 632","1181","30-69213874-7","","No","No"
"Farmacity 161-Madero 3","Farmacia","Capital Federal","Capital Federal","Puerto Madero","JUANA MANSO 475","1107","30-69213874-7","","No","No"
"Farmacity 162-Urquiza","Farmacia","Capital Federal","Capital Federal","Almagro","RIVADAVIA AVDA. 3102","1200","30-69213874-7","","No","No"
"Farmacity 164-Bufano","Farmacia","Capital Federal","Capital Federal","Villa General Mitre","GAONA AVDA. 3004","1406","30-69213874-7","","Si","No"
"Farmacity 167-Rosetti","Farmacia","Capital Federal","Capital Federal","Chacarita","FEDERICO LACROZE AVDA. 3801","1424","30-69213874-7","","No","No"
"Farmacity 169-Mendoza","Farmacia","Capital Federal","Capital Federal","Belgrano","CABILDO AVDA. 2151","1428","30-69213874-7","","No","No"
"Farmacity 172-Nazca 2","Farmacia","Capital Federal","Capital Federal","Flores","NAZCA AVDA. 1982  ","1416","30-69213874-7","","No","No"
"Farmacity 176-Avellaneda","Farmacia","Capital Federal","Capital Federal","Caballito","FEDERICO GARCIA LORCA 399","1405","30-69213874-7","","No","No"
"Farmacity 177-Serrano","Farmacia","Capital Federal","Capital Federal","Palermo","SANTA FE AVDA. 4180","1425","30-69213874-7","","No","No"
"Farmacity 17-Once","Farmacia","Capital Federal","Capital Federal","Balvanera","PUEYRREDON AVDA. 539","1083","30-69213874-7","","No","No"
"Farmacity 180-Larrazabal","Farmacia","Capital Federal","Capital Federal","Mataderos","JUAN BAUTISTA ALBERDI AVDA. 5801","1440","30-69213874-7","","No","No"
"Farmacity 181-Peru","Farmacia","Capital Federal","Capital Federal","Monserrat","PERU 401","1067","30-69213874-7","","No","No"
"Farmacity 183-Saenz","Farmacia","Capital Federal","Capital Federal","Nueva Pompeya","AVENIDA SAENZ  1052","1437","30-69213874-7","","No","No"
"Farmacity 184 -Salvadores","Farmacia","Capital Federal","Capital Federal","Barracas","MONTES DE OCA AVDA.1608","1270","30-69213874-7","","No","No"
"Farmacity 186-La Rioja","Farmacia","Capital Federal","Capital Federal","San Cristobal","BELGRANO AVDA 3053","1210","30-69213874-7","","No","No"
"Farmacity 187-Moldes","Farmacia","Capital Federal","Capital Federal","Belgrano","MONROE AVDA. 2703","1428","30-69213874-7","","No","No"
"Farmacity 18-Liniers","Farmacia","Capital Federal","Capital Federal","Liniers","RIVADAVIA AVDA. 11420","1408","30-69213874-7","","No","No"
"Farmacity 191 – Hidalgo","Farmacia","Capital Federal","Capital Federal","Caballito","AVENIDA DIAZ VELEZ 5299","1405","30-69213874-7","","No","No"
"Farmacity 192 – Vernet","Farmacia","Capital Federal","Capital Federal","Parque Chacabuco","AVENIDA LA PLATA 1541","1250","30-69213874-7","","No","No"
"Farmacity 193-Balbin","Farmacia","Capital Federal","Capital Federal","Saavedra","DR RICARDO BALBIN AVDA. 3992","1430","30-69213874-7","","No","No"
"Farmacity 198-Av. De Mayo 2","Farmacia","Capital Federal","Capital Federal","Balvanera","AVENIDA DE MAYO 1470","1085","30-69213874-7","","No","No"
"Farmacity 19-Alsina","Farmacia","Capital Federal","Capital Federal","Monserrat","AVENIDA ENTRE RIOS 196","1090","30-69213874-7","","No","No"
"Farmacity 201-Arcos","Farmacia","Capital Federal","Capital Federal","Palermo","PARAGUAY 4979","1425","30-69213874-7","","No","No"
"Farmacity 204 -Yrigoyen ","Farmacia","Capital Federal","Capital Federal","Monserrat","HIPÓLITO YRIGOYEN 992/994/996/998/1000","1072","30-69213874-7","","No","No"
"Farmacity 207 - Constituyentes ","Farmacia","Capital Federal","Capital Federal","Villa Urquiza","AV. CONSTITUYENTES 6093/99","1431","30-69213874-7","","No","No"
"Farmacity 209 – Laboca","Farmacia","Capital Federal","Capital Federal","La Boca","AV. ALMIRANTE BROWN 794/796/800","1161","30-69213874-7","","No","No"
"Farmacity 20-Florida","Farmacia","Capital Federal","Capital Federal","San Nicolas","FLORIDA 474","1084","30-69213874-7","","No","No"
"Farmacity 211 – Entre Rios ","Farmacia","Capital Federal","Capital Federal","Monserrat","AV. ENTRE RÍOS Nº 668/670/672","1080","30-69213874-7","","No","No"
"Farmacity 216 - Monroe ","Farmacia","Capital Federal","Capital Federal","Villa Urquiza","MONROE Nº 4402/04/10/12/14/18","1028","30-69213874-7","","No","No"
"Farmacity 217 - Patricios ","Farmacia","Capital Federal","Capital Federal","La Boca","AV. REG. DE PATRICIOS Nº 501 AL 599","1270","30-69213874-7","","No","No"
"Farmacity 21-Vidt","Farmacia","Capital Federal","Capital Federal","Palermo","AVENIDA SANTA FE  3380","1425","30-69213874-7","","No","No"
"Farmacity 224 - Escalada ","Farmacia","Capital Federal","Capital Federal","Mataderos","DIRECTORIO N° 4801/05/09","1416","30-69213874-7","","No","No"
"Farmacity 226","Farmacia","Capital Federal","Capital Federal","Parque Chacabuco","Pedro Goyena 1315","1424","30-69213874-7","","No","No"
"Farmacity 228 - Oroño ","Farmacia","Capital Federal","Capital Federal","Flores","AV. RIVADAVIA Nº 5991/95/99","1416","30-69213874-7","","No","No"
"Farmacity 22-Nazca","Farmacia","Capital Federal","Capital Federal","Flores","RIVADAVIA AVDA. 7263","1406","30-69213874-7","","No","No"
"Farmacity 235 - Riobamba2 ","Farmacia","Capital Federal","Capital Federal","Balvanera","AV. RIVADAVIA 1911","1416","30-69213874-7","","No","No"
"Farmacity 237-Acoyte","Farmacia","Capital Federal","Capital Federal","Caballito","ACOYTE AVDA. 18","1405","30-69213874-7","","No","No"
"Farmacity 239 – Melian ","Farmacia","Capital Federal","Capital Federal","Coghlan","MELIAN 2502","1430","30-69213874-7","","No","No"
"Farmacity 23-Medrano","Farmacia","Capital Federal","Capital Federal","Almagro","AVENIDA CORRIENTES  3930","1200","30-69213874-7","","No","No"
"Farmacity 242 - Evaperon ","Farmacia","Capital Federal","Capital Federal","Mataderos","AV. EVA PERÓN Nº 4849/51 4849","1407","30-69213874-7","","No","No"
"Farmacity 24-Larrea","Farmacia","Capital Federal","Capital Federal","Recoleta","SANTA FE AVDA. 2453","1425","30-69213874-7","","No","No"
"Farmacity 25-Diagonal","Farmacia","Capital Federal","Capital Federal","San Nicolas","DIAGONAL ROQUE SAENZ PEÑA 910","1084","30-69213874-7","","No","No"
"Farmacity 267 - Donato ","Farmacia","Capital Federal","Capital Federal","La Paternal","AV. SAN MARTIN 2734","2734","30-69213874-7","","No","No"
"Farmacity 26-Castro Barros","Farmacia","Capital Federal","Capital Federal","Almagro","RIVADAVIA AVDA. 3827","1200","30-69213874-7","","No","No"
"Farmacity 27-La Plata","Farmacia","Capital Federal","Capital Federal","Almagro","RIVADAVIA AVDA. 4455","1200","30-69213874-7","","No","No"
"Farmacity 28- Rodriguez Peña","Farmacia","Capital Federal","Capital Federal","Recoleta","SANTA FE AVDA. 1740","1425","30-69213874-7","","No","No"
"Farmacity 289 - Baez ","Farmacia","Capital Federal","Capital Federal","Palermo","BAEZ 400","1426","30-69213874-7","","No","No"
"Farmacity 296– Constitucion","Farmacia","Capital Federal","Capital Federal","Constitución","LIMA 1615","1153","30-69213874-7","","No","No"
"Farmacity 297 - Pasteur ","Farmacia","Capital Federal","Capital Federal","Balvanera","AV. CORRIENTES 2345","1406","30-69213874-7","","No","No"
"Farmacity 29-Cuenca","Farmacia","Capital Federal","Capital Federal","Villa del Parque","CUENCA 3145","1417","30-69213874-7","","No","No"
"Farmacity 2-Lavalle","Farmacia","Capital Federal","Capital Federal","San Nicolas","LAVALLE 919","1084","30-69213874-7","","No","No"
"Farmacity 302– Alvarez Jonte","Farmacia","Capital Federal","Capital Federal","Monte Castro","ALVAREZ JONTE AVDA 4683","1407","30-69213874-7","","No","No"
"Farmacity 304 - Independencia","Farmacia","Capital Federal","Capital Federal","Monserrat","INDEPENDENCIA 1301","1099","30-69213874-7","","No","No"
"Farmacity 308 - Jm. Moreno","Farmacia","Capital Federal","Capital Federal","Caballito","J.M.MORENO 308","1424","30-69213874-7","","No","No"
"Farmacity 309 - Membrillar","Farmacia","Capital Federal","Capital Federal","Flores","DIRECTORIO 2324/26/28","1406","30-69213874-7","","No","No"
"Farmacity 30-Sucre","Farmacia","Capital Federal","Capital Federal","Belgrano","CABILDO AVDA. 1840","1428","30-69213874-7","","No","No"
"Farmacity 315-Chilavert","Farmacia","Capital Federal","Capital Federal","Villa Lugano","CREL. MARTINIANO CHILAVERT 6459","1439","30-69213874-7","","Si","No"
"Farmacity 316-Estado De Israel","Farmacia","Capital Federal","Capital Federal","Villa Crespo","AV. ESTADO DE ISRAEL 4503","1185","30-69213874-7","","No","No"
"Farmacity 31-Lacroze","Farmacia","Capital Federal","Capital Federal","Colegiales","CABILDO AVDA. 868","1426","30-69213874-7","","No","No"
"Farmacity 321-Humboldt","Farmacia","Capital Federal","Capital Federal","Palermo","AV. SANTA FE 4820","1425","30-69213874-7","","Si","No"
"Farmacity 322-Alberdi Y Cafayate","Farmacia","Capital Federal","Capital Federal","Mataderos","AVENIDA JUAN B ALBERDI 6294","1440","30-69213874-7","","No","No"
"Farmacity 323-Arias 2","Farmacia","Capital Federal","Capital Federal","Nuñez","AVENIDA DEL LIBERTADOR 8404","1429","30-69213874-7","","No","No"
"Farmacity 329  - Av. Santa Fe Y Billinghurst","Farmacia","Capital Federal","Capital Federal","Palermo","Av. Santa Fe 3175","1033","30-69213874-7","","No","No"
"Farmacity 330 - Dot","Farmacia","Capital Federal","Capital Federal","Saavedra","Vedia 3632","1430","30-69213874-7","","No","No"
"Farmacity 334 - Salguero Y Libertador","Farmacia","Capital Federal","Capital Federal","Retiro","Jerónimo Salguero 2963","1009","30-69213874-7","","Si","No"
"Farmacity 33-Aerop. Jorge Newbery","Farmacia","Capital Federal","Capital Federal","Retiro","AEROPARQUE JORGE NEWBERY","1365","30-69213874-7","","No","No"
"Farmacity 341 - Barrio Chino","Farmacia","Capital Federal","Capital Federal","Belgrano","Mendoza 1370","1428","30-69213874-7","","No","No"
"Farmacity 342","Farmacia","Capital Federal","Capital Federal","Boedo","Av. La Plata 797","1235","30-69213874-7","","No","No"
"Farmacity 343-fraga","Farmacia","Capital Federal","Capital Federal","Villa Ortuzar","Teodoro García 4007","1427","30-69213874-7","","No","No"
"Farmacity 350-dorrego","Farmacia","Capital Federal","Capital Federal","Palermo","Avenida Santa Fe 5381","1425","30-69213874-7","","No","No"
"Farmacity 353 - Lafinur","Farmacia","Capital Federal","Capital Federal","Palermo","Lafinur 3277","1425","30-69213874-7","","Si","No"
"Farmacity 355 - Moliere","Farmacia","Capital Federal","Capital Federal","Flores","Av. Rivadavia 9801","1407","30-69213874-7","","No","No"
"Farmacity 35-Tribunales","Farmacia","Capital Federal","Capital Federal","San Nicolas","CORRIENTES AVDA. 1236","1084","30-69213874-7","","No","No"
"Farmacity 37- L.m. Campos","Farmacia","Capital Federal","Capital Federal","Belgrano","Av. Luis María Campos 1501","1426","30-69213874-7","","No","No"
"Farmacity 371-varela","Farmacia","Capital Federal","Capital Federal","Centro","Varela 1121","","30-69213874-7","","No","No"
"Farmacity 372 - Montes De Oca","Farmacia","Capital Federal","Capital Federal","Barracas","Av. Montes De Oca 505","1270","30-69213874-7","","No","No"
"Farmacity 375 - Mariscal Sucre","Farmacia","Capital Federal","Capital Federal","San Telmo","Sucre 658","1039","30-69213874-7","","No","No"
"Farmacity 376 - Diaz Velez","Farmacia","Capital Federal","Capital Federal","Almagro","Av. Díaz Vélez 3894","1200","30-69213874-7","","No","No"
"Farmacity 38-Bustamante","Farmacia","Capital Federal","Capital Federal","Palermo","LAS HERAS AVDA. 2845","1425","30-69213874-7","","No","No"
"Farmacity 39 -Olleros","Farmacia","Capital Federal","Capital Federal","Colegiales","OLLEROS 1802","1426","30-69213874-7","","No","No"
"Farmacity 397 - Cramer","Farmacia","Capital Federal","Capital Federal","Belgrano","Av. Crámer 2882, C1428ctv Cdad. Autónoma De Buenos Aires","1428","30-69213874-7","","No","No"
"Farmacity 399 - Rivadavia Y Misiones","Farmacia","Capital Federal","Capital Federal","Monserrat","Misiones 6, C1083abb C1083abb, Cdad. Autónoma De Buenos Aires","1083","30-69213874-7","","Si","No"
"Farmacity 3-Flores","Farmacia","Capital Federal","Capital Federal","Flores","RIVADAVIA AVDA. 6882","1406","30-69213874-7","","No","No"
"Farmacity 400 - Alberdi Y Jm Moreno","Farmacia","Capital Federal","Capital Federal","Caballito","Av. José María Moreno 411, C1424aae Cdad. Autónoma De Buenos Aires","1424","30-69213874-7","","No","No"
"Farmacity 403-balbin","Farmacia","Capital Federal","Capital Federal","Nuñez","V. Dr. Ricardo Balbín 4999","1430","30-69213874-7","","No","No"
"Farmacity 405 - Del Arte","Farmacia","Capital Federal","Capital Federal","San Cristobal","Av. Caseros 2915","1264","30-69213874-7","","No","No"
"Farmacity 40-Vte Lopez","Farmacia","Capital Federal","Capital Federal","Recoleta","RODRIGUEZ PEÑA 1572","1425","30-69213874-7","","No","No"
"Farmacity 41-Reconquista","Farmacia","Capital Federal","Capital Federal","San Nicolas","CORRIENTES AVDA. 484","1084","30-69213874-7","","No","No"
"Farmacity 42-Recoleta","Farmacia","Capital Federal","Capital Federal","Recoleta","CALLAO AVDA. 1600","1425","30-69213874-7","","No","No"
"Farmacity 43-Uruguay","Farmacia","Capital Federal","Capital Federal","San Nicolas","CORDOBA AVDA. 1467","1084","30-69213874-7","","No","No"
"Farmacity 44-Uriburu","Farmacia","Capital Federal","Capital Federal","Balvanera","RIVADAVIA AVDA. 2215","1083","30-69213874-7","","No","No"
"Farmacity 45-Palermo","Farmacia","Capital Federal","Capital Federal","Palermo","RAUL SCALABRINI ORTIZ AVDA. 3149","1425","30-69213874-7","","No","No"
"Farmacity 46-Esmeralda","Farmacia","Capital Federal","Capital Federal","Retiro","SANTA FE AVDA. 802","1365","30-69213874-7","","No","No"
"Farmacity 47-Talcahuano","Farmacia","Capital Federal","Capital Federal","San Nicolas","SANTA FE AVDA. 1310","1084","30-69213874-7","","No","No"
"Farmacity 48-Guise","Farmacia","Capital Federal","Capital Federal","Palermo","REPUBLICA DOMINICANA 3358","1425","30-69213874-7","","No","No"
"Farmacity 49-Juramento","Farmacia","Capital Federal","Capital Federal","Belgrano","JURAMENTO 1941","1428","30-69213874-7","","No","No"
"Farmacity 4-Malabia","Farmacia","Capital Federal","Capital Federal","Villa Crespo","CORRIENTES AVDA. 5288","1414","30-69213874-7","","No","No"
"Farmacity 51-Incas","Farmacia","Capital Federal","Capital Federal","Villa Urquiza","TRIUNVIRATO AV. 3752","1431","30-69213874-7","","No","No"
"Farmacity 52-Av. De Mayo","Farmacia","Capital Federal","Capital Federal","Monserrat","DE MAYO AVDA. 602","1090","30-69213874-7","","No","No"
"Farmacity 53-Boedo","Farmacia","Capital Federal","Capital Federal","Boedo","BOEDO 955","1218","30-69213874-7","","No","No"
"Farmacity 54-Nuñez","Farmacia","Capital Federal","Capital Federal","Nuñez","DEL LIBERTADOR AVDA. 6068","1429","30-69213874-7","","No","No"
"Farmacity 55-Pueyrredon Iii","Farmacia","Capital Federal","Capital Federal","Recoleta","PUEYRREDON AVDA. 991","1425","30-69213874-7","","No","No"
"Farmacity 5-Callao","Farmacia","Capital Federal","Capital Federal","Balvanera","CORRIENTES AVDA. 1820","1083","30-69213874-7","","No","No"
"Farmacity 61-Congreso","Farmacia","Capital Federal","Capital Federal","Balvanera","CALLAO AVDA. 27","1083","30-69213874-7","","No","No"
"Farmacity 62-Libertad","Farmacia","Capital Federal","Capital Federal","Recoleta","LIBERTAD 1279","1425","30-69213874-7","","No","No"
"Farmacity 63-Elcano","Farmacia","Capital Federal","Capital Federal","Belgrano","ELCANO AVDA. 3102","1428","30-69213874-7","","No","No"
"Farmacity 64-Juncal","Farmacia","Capital Federal","Capital Federal","Palermo","JUNCAL 2781","1425","30-69213874-7","","No","No"
"Farmacity 65-Cramer","Farmacia","Capital Federal","Capital Federal","Belgrano","CRAMER AVDA. 2301","1428","30-69213874-7","","No","No"
"Farmacity 67-Las Heras Iii","Farmacia","Capital Federal","Capital Federal","Recoleta","LAS HERAS AVDA. 2324","1425","30-69213874-7","","No","No"
"Farmacity 68-Alem","Farmacia","Capital Federal","Capital Federal","San Nicolas","LEANDRO N. ALEM 702","1084","30-69213874-7","","No","No"
"Farmacity 69-Paroissien","Farmacia","Capital Federal","Capital Federal","Nuñez","CABILDO AVDA. 4001","1429","30-69213874-7","","No","No"
"Farmacity 6-Barrio Norte","Farmacia","Capital Federal","Capital Federal","Recoleta","SANTA FE AVDA. 2822","1425","30-69213874-7","","No","No"
"Farmacity 7 - Primera Jta. ","Farmacia","Capital Federal","Capital Federal","Caballito","RIVADAVIA 5375","1424","30-69213874-7","","No","No"
"Farmacity 71-Madero Ii","Farmacia","Capital Federal","Capital Federal","Puerto Madero","JUANA MANSO 1189","1107","30-69213874-7","","No","No"
"Farmacity 72-Beiro","Farmacia","Capital Federal","Capital Federal","Villa Devoto","FRANCISCO BEIRO AVDA. 4366","1419","30-69213874-7","","No","No"
"Farmacity 73-Canning","Farmacia","Capital Federal","Capital Federal","Palermo","CORDOBA AVDA. 4601","1425","30-69213874-7","","No","No"
"Farmacity 76-Arias","Farmacia","Capital Federal","Capital Federal","Nuñez","CABILDO AVDA. 4633","1429","30-69213874-7","","No","No"
"Farmacity 78-Labiela","Farmacia","Capital Federal","Capital Federal","Recoleta","ROBERTO MARCELINO ORTIZ 1861","1425","30-69213874-7","","No","No"
"Farmacity 82-Maipu","Farmacia","Capital Federal","Capital Federal","San Nicolas","CORDOBA AVDA. 685","1084","30-69213874-7","","No","No"
"Farmacity 84-Lacarra","Farmacia","Capital Federal","Capital Federal","Floresta","RIVADAVIA AVDA. 8784","1407","30-69213874-7","","No","No"
"Farmacity 85-Maure","Farmacia","Capital Federal","Capital Federal","Belgrano","MAURE 1615","1428","30-69213874-7","","No","No"
"Farmacity 87-Quesada","Farmacia","Capital Federal","Capital Federal","Belgrano","CABILDO AVDA. 2967","1428","30-69213874-7","","No","No"
"Farmacity 89-Jujuy","Farmacia","Capital Federal","Capital Federal","Balvanera","INDEPENDENCIA AVDA. 2676","1083","30-69213874-7","","No","No"
"Farmacity 8-Pueyrredon","Farmacia","Capital Federal","Capital Federal","Recoleta","PUEYRREDON AVDA. 1845","1425","30-69213874-7","","No","No"
"Farmacity 92-Soler","Farmacia","Capital Federal","Capital Federal","Palermo","SCALABRINI ORTIZ 1868","1425","30-69213874-7","","No","No"
"Farmacity 93-Caseros","Farmacia","Capital Federal","Capital Federal","Parque Patricios","BOEDO AVDA. 2054","1264","30-69213874-7","","No","No"
"Farmacity 94-Sarmiento","Farmacia","Capital Federal","Capital Federal","San Nicolas","SARMIENTO 1490","1084","30-69213874-7","","No","No"
"Farmacity 95-Pedraza","Farmacia","Capital Federal","Capital Federal","Belgrano","CABILDO AVDA. 3422","1428","30-69213874-7","","No","No"
"Farmacity 96-Riobamba","Farmacia","Capital Federal","Capital Federal","Recoleta","CORDOBA AVDA. 1861","1425","30-69213874-7","","No","No"
"Farmacity 98-Abasto","Farmacia","Capital Federal","Capital Federal","Almagro","CORRIENTES AVDA. 3202","1200","30-69213874-7","","No","No"
"Farmacity 9-Junin","Farmacia","Capital Federal","Capital Federal","Recoleta","SANTA FE AVDA. 2139","1425","30-69213874-7","","No","No"
"Farmaet","Farmacia","Capital Federal","Capital Federal","Villa Devoto","Avenida Francisco Beiró 3602, Buenos Aires, Argentina","1419","30-70995665-1","","No","No"
"Farmafe","Farmacia","Capital Federal","Capital Federal","Recoleta","LIBERTAD 1092","1012","33-52991831-9","","Si","No"
"Farmaki","Farmacia","Capital Federal","Capital Federal","San Nicolas","AVENIDA DE MAYO 675","1084","30-70831464-8","","No","No"
"Farmalife La Porteña I","Farmacia","Capital Federal","Capital Federal","Almagro","CORRIENTES AVDA. 4027","C1194AAG","30-70829822-7","","No","No"
"Farmaplus 07 (Gabuid)","Farmacia","Capital Federal","Capital Federal","Caballito","Avenida Rivadavia 4718","1424","30-70871348-8","","No","No"
"Farmaplus 09 Pompeya","Farmacia","Capital Federal","Capital Federal","Nueva Pompeya","Avenida Sáenz 1187","1437","30-70869087-9","","No","No"
"Farmaplus 10 Devoto","Farmacia","Capital Federal","Capital Federal","Villa Devoto","Avenida Francisco Beiró 5402","1419","30-70869087-9","","No","No"
"Farmaplus 12 La Imprenta","Farmacia","Capital Federal","Capital Federal","Belgrano","MAURE 1732","1426","30-70869087-9","","No","No"
"Farmaplus 16 (nuñez)","Farmacia","Capital Federal","Capital Federal","Nuñez","Avenida Cabildo 3834","1429","30-70831259-9","","No","No"
"Farmaplus 24 Belgrano","Farmacia","Capital Federal","Capital Federal","Belgrano","JURAMENTO 2741","1428","30-62144535-5","","No","No"
"Farmaplus 26 Echeverria ","Farmacia","Capital Federal","Capital Federal","Belgrano","ECHEVERRIA 3187","1428","30-70869087-9","","No","No"
"Farmaplus 27 Podesta ","Farmacia","Capital Federal","Capital Federal","Villa Urquiza","Avenida Triunvirato 4602","1431","30-70869087-9","","No","No"
"Farmaplus 28 Nazca ","Farmacia","Capital Federal","Capital Federal","Villa del Parque","Avenida Nazca 2301, ASZ, Buenos Aires, Argentina","1416","30-70869087-9","","No","No"
"Farmaplus 29 Los Incas ","Farmacia","Capital Federal","Capital Federal","Villa Urquiza","Avenida Triunvirato 3749","1427","30-70869087-9","","No","No"
"Farmaplus 38 (cuenca)","Farmacia","Capital Federal","Capital Federal","Villa del Parque","Cuenca 3190","","30-68728807-2","","No","No"
"Farmaplus 42 Barracas","Farmacia","Capital Federal","Capital Federal","Barracas","Av. Montes De Oca 895, C1270aai Caba","1270","30-68728807-2 ","","Si","No"
"Farmaplus 43 Bajo Belgrano","Farmacia","Capital Federal","Capital Federal","Centro","Av. Del Libertador 6283","","30-68728807-2","","Si","No"
"Farmaplus Clinicas 17 ","Farmacia","Capital Federal","Capital Federal","Recoleta","Avenida Córdoba 2501","1120","30-70743034-2","","No","No"
"Farmaplus Devoto Ii","Farmacia","Capital Federal","Capital Federal","Villa Devoto","Nueva York 4074, C1419hdr Cdad. Autónoma De Buenos Aires, Argentina","1419","30-68728807-2","","No","No"
"Farmaplus Palermo 3","Farmacia","Capital Federal","Capital Federal","Centro","Av. Sta. Fe 3350","","30-68728807-2","","No","No"
"Farmaplus Sucursal 20 Flores","Farmacia","Capital Federal","Capital Federal","Flores","Avenida Rivadavia 6854","1406","30-70869087-9","","No","No"
"Farmaplus Sucursal 49 Guemes( Farmaplus Palermo Ii)","Farmacia","Capital Federal","Capital Federal","Palermo","Av. Cnel. Díaz 1796, C1425dqq Cdad. Autónoma De Buenos Aires","1174","30-52636082-2","","Si","No"
"Farmaplus Sucursal 52 Luro","Farmacia","Capital Federal","Capital Federal","Flores","Av. Lope De Vega 1397","1407","30-68728807-2","","Si","Si"
"Farmaplusp02 (Pacifico)","Farmacia","Capital Federal","Capital Federal","Retiro","Avenida Córdoba 533","1365","30-64275727-6","","No","No"
"Farmasalud","Farmacia","Capital Federal","Capital Federal","Boedo","Av. San Juan 2833","1232","20-22024186-7","","No","No"
"Farmatodo Botánico","Farmacia","Capital Federal","Capital Federal","Palermo","Av. Sta. Fe 3601","1425","30-71622733-9","","Si","Si"
"Farmavital","Farmacia","Capital Federal","Capital Federal","Belgrano","Teodoro García 2377, C1426 Cdad. Autónoma De Buenos Aires, Argentina","1426","30-70909647-4","","Si","Si"
"Farsico","Farmacia","Capital Federal","Capital Federal","Recoleta","Av Santa Fe 3089","1425","30-57174721-5","","Si","No"
"Fenix Profasan Mosconi","Farmacia","Capital Federal","Capital Federal","Villa Pueyrredon","GENERAL JOSE GERVASIO ARTIGAS 4702","1419","30-70899590-4","","Si","No"
"Gran Acoyte","Farmacia","Capital Federal","Capital Federal","Caballito","AVENIDA AVELLANEDA 469","1405","30-70829600-3","","No","No"
"Gran Botica La Genial ","Farmacia","Capital Federal","Capital Federal","Flores","Sanabria 1880, C1407 Cdad. Autónoma De Buenos Aires, Argentina","1407","27-23695774-3","","Si","Si"
"Gran Farmacia Constituyentes","Farmacia","Capital Federal","Capital Federal","Saavedra","Av. De Los Constituyentes 6163","1431","30-57580490-6","","Si","No"
"Gran Farmacia Larocca","Farmacia","Capital Federal","Capital Federal","Almagro","Av. Rivadavia 3600","1204","30-60257992-8","","No","No"
"Gran Sur ","Farmacia","Capital Federal","Capital Federal","La Boca","ENTRE RIOS AVDA. 1177","1080","30-60824688-2","","No","No"
"Grimaldi (Fcia Gamma)","Farmacia","Capital Federal","Capital Federal","Palermo","BULNES 1770","1425","23-04420660-9","","Si","Si"
"Grupo Pediatrico","Vacunatorio","Capital Federal","Capital Federal","Palermo","Agüero 1972","1425","30-71110659-2","","Si","Si"
"Helios Salud - Carabobo 825","Vacunatorio","Capital Federal","Capital Federal","Flores","Av. Carabobo 825","1406","30-68210722-3","","Si","Si"
"Helios Salud - Mendoza 2772","Vacunatorio","Capital Federal","Capital Federal","Belgrano","Mendoza 2772","1428","30-68210722-3","","Si","Si"
"Herrera","Farmacia","Capital Federal","Capital Federal","Centro","Beruti 1188","1669","","","No","Si"
"Hospital Alemán","Farmacia","Capital Federal","Capital Federal","Centro","Av. Pueyrredón 1640","1640","30-54584303-6","","Si","Si"
"Hospital Britanico","Vacunatorio","Capital Federal","Capital Federal","Constitución","Perdriel 74, AEB, Buenos Aires, Argentina","1280","30-54593356-6","","No","No"
"Inserpharma Sa (Retiro)","Farmacia","Capital Federal","Capital Federal","Retiro","AV. RAMOS MEJIA 1340 LOCAL 23","1104","30-71590803-0","","No","No"
"Julian Alvarez","Farmacia","Capital Federal","Capital Federal","Palermo","JULIAN ALVAREZ 601","1414","33-69454615-9","","Si","No"
"La Sante - Colegiales","Farmacia","Capital Federal","Capital Federal","Colegiales","Av. Elcano 3380, Buenos Aires, Argentina","1626","30-71181768-5","","Si","No"
"La Sante - Cosmopolita","Farmacia","Capital Federal","Capital Federal","Flores","NAZCA 1120","1416","30-70210341-6","","Si","No"
"La Sante - Devoto","Farmacia","Capital Federal","Capital Federal","Villa Devoto","VARELA 4720","1417","30-71181768-5","","Si","No"
"La Sante - Gallo","Farmacia","Capital Federal","Capital Federal","Recoleta","AV.CORDOBA 3199","1187","30-69793419-3","","Si","No"
"La Sante - Gran Ferrari Sa","Farmacia","Capital Federal","Capital Federal","Constitución","CASEROS AVDA. 1990","1152","30-55691189-0","","Si","No"
"La Sante - Lupo","Farmacia","Capital Federal","Capital Federal","Parque Patricios","CASEROS AVDA. 2620","1264","30-52950872-3","","Si","No"
"La Sante - Ms Patricios","Farmacia","Capital Federal","Capital Federal","Parque Patricios","CASEROS AVDA. 2980","1264","30-70710077-6","","Si","No"
"La Sante - Pedriel","Farmacia","Capital Federal","Capital Federal","Constitución","CASEROS AVDA. 1902","1152","30-68901952-4","","Si","No"
"La Sante - Politi","Farmacia","Capital Federal","Capital Federal","Recoleta","Marcelo T. de Alvear 2408, Buenos Aires, Argentina","1122","30-68589352-1","","Si","Si"
"La Sante - Rivadavia","Farmacia","Capital Federal","Capital Federal","Caballito","Avenida Rivadavia 5892","1406","30-64290199-7","","Si","No"
"La Sante - Salguero","Farmacia","Capital Federal","Capital Federal","Palermo","Jerónimo Salguero 3172","1425","30-71181768-5","","Si","No"
"La Sante Scalabrini","Farmacia","Capital Federal","Capital Federal","Palermo","Av. Raúl Scalabrini Ortiz 361/365, C1414 Cdad. Autónoma De Buenos Aires","1414","30-71670436-6","","Si","Si"
"Lelisa","Farmacia","Capital Federal","Capital Federal","Palermo","Av. Raúl Scalabrini Ortiz 1999","1425","20-27476620-5","","Si","Si"
"Leloir","Farmacia","Capital Federal","Capital Federal","Recoleta","Larrea 1249, ABI, Buenos Aires, Argentina","1117","33-60922078-9","","Si","No"
"Lider Iii","Farmacia","Capital Federal","Capital Federal","Flores","Parque Avellaneda, Av. Eva Perón 4896","1407","30-70799300-2","","Si","Si"
"Liniers","Farmacia","Capital Federal","Capital Federal","Liniers","Avenida Rivadavia 11552, Buenos Aires, Argentina","1408","30-68745459-2","","No","No"
"Logispharma","Farmacia","Capital Federal","Capital Federal","Flores","Av. Eva Perón 4802","1407","30-71881271-9","","No","No"
"Mas Farmacia - Farmastar","Farmacia","Capital Federal","Capital Federal","Saavedra","Av. Monroe 3317","1430","30-71574698-7","","Si","Si"
"Mas Farmacia Srl","Farmacia","Capital Federal","Capital Federal","Nuñez","Av. Crisólogo Larralde 3197","1429","30-71574698-7","","Si","Si"
"Ms Superi Sa ","Farmacia","Capital Federal","Capital Federal","Villa Urquiza","LA PAMPA 3400","1430","30-69880829-9","","No","No"
"Mundo Farma","Farmacia","Capital Federal","Capital Federal","Flores","Av. Álvarez Jonte 5402, C1407gpv Cdad. Autónoma De Buenos Aires, Argentina","1407","30-71476088-9","","No","No"
"Muro","Farmacia","Capital Federal","Capital Federal","Flores","Cuzco 125, C1408 Blc, Cdad. Autónoma De Buenos Aires","1408","30-70978445-1","","Si","Si"
"Necochea","Farmacia","Capital Federal","Capital Federal","La Boca","Necochea 635, Ciudad De Buenos Aires","1158","23-14647076-9","","Si","Si"
"Nobel","Farmacia","Capital Federal","Capital Federal","San Nicolas","Lavalle 1401","1048","20-12021315-7","","Si","No"
"Nueva Directorio","Farmacia","Capital Federal","Capital Federal","Caballito","Av. Directorio 701","1424","27-29107772-8","","Si","Si"
"Nueva Farmacia Arenales Scs","Farmacia","Capital Federal","Capital Federal","Palermo","ARENALES 3810/14","1425","30-52113642-8","","No","No"
"Nueva Farmacia Oro","Farmacia","Capital Federal","Capital Federal","Palermo","Fray Justo Sta. María De Oro 3018, C1425 Fov, Cdad. Autónoma De Buenos Aires","1425","20-10201944-0","","Si","No"
"Nueva Incaica","Farmacia","Capital Federal","Capital Federal","Villa del Parque","BEIRO AVDA. 3160","1417","20-16131592-4","","Si","No"
"Nueva Social Fenix Griveo","Farmacia","Capital Federal","Capital Federal","Villa Pueyrredon","GENERAL JOSE GERVASIO ARTIGAS 4901","1419","30-70899590-4","","Si","No"
"Nueva Viels","Farmacia","Capital Federal","Capital Federal","Caballito","Formosa 302","1424","20-16985063-2","","No","No"
"Nuevo Diegos","Farmacia","Capital Federal","Capital Federal","Balvanera","La Rioja 287, ADE, Ciudad de Buenos Aires, Argentina","1214","33-58254961-9","","No","No"
"Olivera","Farmacia","Capital Federal","Capital Federal","San Telmo","AV. CASEROS 1000","1152","27-14137636-0","","No","No"
"Openfarma - Sucursal Finochietto","Farmacia","Capital Federal","Capital Federal","Recoleta","Avenida Córdoba 2639","1187","30-62624453-6","","Si","No"
"Openfarma Gran Rural","Farmacia","Capital Federal","Capital Federal","Palermo","Avenida Santa Fe 4228","1425","30-62624453-6","","Si","Si"
"Openfarma Sucursal Beiro","Farmacia","Capital Federal","Capital Federal","Villa Devoto","Avenida Francisco Beiró 5800","1419","30-62624453-6","","No","No"
"Openfarma Sucursal Bikaner","Farmacia","Capital Federal","Capital Federal","Balvanera","Avenida Corrientes 1880, AAN, Buenos Aires, Argentina","1045","30-71124567-3","","No","No"
"Openfarma Sucursal Daflo","Farmacia","Capital Federal","Capital Federal","Monserrat","Blanco Encalada 1609","1428","30-62624453-6","","Si","No"
"Openfarma Sucursal Gran Contemporanea","Farmacia","Capital Federal","Capital Federal","Caballito","Avenida Rivadavia 5444","C1424CEW","30-62624453-6","","No","No"
"Openfarma Sucursal Orien","Farmacia","Capital Federal","Capital Federal","Balvanera","Avenida Entre Ríos 205, Buenos Aires, Argentina","1079","30-68626231-2","","No","No"
"Openfarma Sucursal Perles","Farmacia","Capital Federal","Capital Federal","Monserrat","Adolfo Alsina 1801","1090","30-67968356-6","","No","No"
"Optica  Montesini","Farmacia","Capital Federal","Capital Federal","Flores","Avenida Varela 794, EKP, Buenos Aires, Argentina","1406","30-58522253-0","","Si","Si"
"Porteña Indira","Farmacia","Capital Federal","Capital Federal","Palermo","Av. Córdoba 2691","1187","30-71828987-0","","No","No"
"Porteña Medicfarm","Farmacia","Capital Federal","Capital Federal","Balvanera","Av. Pueyrredón 778,","1032","30-71088747-7","","Si","Si"
"Porteña Sarmiento","Farmacia","Capital Federal","Capital Federal","Balvanera","Sarmiento 2102","1044","30-71790851-8","","No","No"
"Ptomaderosur 354","Farmacia","Capital Federal","Capital Federal","Barracas","Boulevard Rosario Vera Peñaloza 303","1107","30-69213874-7","","No","No"
"Romy","Farmacia","Capital Federal","Capital Federal","Mataderos","Av. Juan bautista alberdi 7461","1440","30-59146845-2","","Si","Si"
"Rp Botanico ","Farmacia","Capital Federal","Capital Federal","Palermo","Av. Santa Fe 3709","Av. Santa Fe 3709","30-70916144-6","","Si","Si"
"Rp Callao","Farmacia","Capital Federal","Capital Federal","Balvanera","Av. Callao 1289, C1023aaf Cdad. Autónoma De Buenos Aires","1023","30-70916144-6","","Si","No"
"Rp La Botica De Martin","Farmacia","Capital Federal","Capital Federal","San Nicolas","Lavalle 646, San Nicolás, CABA, Argentina","1047","30-70757958-3","","No","No"
"Rp Porteña","Farmacia","Capital Federal","Capital Federal","Monserrat","Corrientes 1499","1042","30-70916144-6","","No","No"
"Rp Recoleta ","Farmacia","Capital Federal","Capital Federal","Recoleta","Las Heras 2002","1127","30-70916144-6","","Si","Si"
"Rp Scannapieco","Farmacia","Capital Federal","Capital Federal","San Nicolas","Esmeralda 599, San Nicolás, CABA, Argentina","1007","30-70757958-3","","No","No"
"Rp Viamonte","Farmacia","Capital Federal","Capital Federal","Monserrat","Viamonte 891","1053","30-70757958-3","","No","No"
"Rp Went","Farmacia","Capital Federal","Capital Federal","San Nicolas","Avenida Corrientes 901, Buenos Aires, Argentina","1043","30-70757958-3","","No","No"
"Salud Global Juncal","Farmacia","Capital Federal","Capital Federal","Palermo","Juncal 4590","1425","30-71702215-3","","Si","No"
"Salud Global Libertador","Farmacia","Capital Federal","Capital Federal","Belgrano","Av. Libertador 6239","1428","30-71702975-1","","Si","No"
"Salud Global-Ac Farmaceutica","Farmacia","Capital Federal","Capital Federal","Palermo","Avenida Cabildo 100, AAN, Buenos Aires, Argentina","1426","30-59930101-8","","Si","No"
"Salud Global-Av. Santa Fe 3934 De Adrian Nepomneschi","Farmacia","Capital Federal","Capital Federal","Palermo","Avenida Santa Fe 3944, Buenos Aires, Argentina","1425","20-21022681-9","","Si","No"
"Salud Global-Farmacia Cerviño","Farmacia","Capital Federal","Capital Federal","Palermo","Avenida Cerviño 4716, Buenos Aires, Argentina","1425","30-70815709-7","","Si","No"
"San Pedrito","Farmacia","Capital Federal","Capital Federal","Flores","Av San Pedrito 296","1406","20-14925357-3","","Si","No"
"Santa Ana - D´amico Pablo","Farmacia","Capital Federal","Capital Federal","Nuñez","García del Rio 4097","1430","33-71464871-9","","Si","Si"
"Scienza Güemes","Farmacia","Capital Federal","Capital Federal","Palermo","Güemes 3500, 1425bkl Cdad. Autónoma De Buenos Aires, Argentina","1425","30-68178305-5","","Si","No"
"Scienza Pelligrini","Farmacia","Capital Federal","Capital Federal","Monserrat","Carlos Pellegrini 163, C1009 Cdad. Autónoma De Buenos Aires, Argentina","1009","30-68178305-5","","Si","No"
"Scienza Pueyrredon","Farmacia","Capital Federal","Capital Federal","Barrio Norte","Av. Pueyrredón 1460, C1118 Aar, Cdad. Autónoma De Buenos Aires, Argentina","1118","30-68178305-5","","Si","No"
"Selma Salvatori ","Farmacia","Capital Federal","Capital Federal","Belgrano","Avenida Juramento 2013","1428","30-56158081-9","","Si","No"
"Siempre Farmacias Colon ","Farmacia","Capital Federal","Capital Federal","Balvanera","Av. Callao 1521","1024","30-53261098-9","","Si","Si"
"Social Cruz","Farmacia","Capital Federal","Capital Federal","Villa Lugano","Av F De La Cruz 6245","1439","30-64672665-0","","Si","Si"
"Social Devoto","Farmacia","Capital Federal","Capital Federal","Villa Devoto","Av. S. Martín 6473","1419","30-68066912-7","","Si","Si"
"Social La B2","Farmacia","Capital Federal","Capital Federal","Caballito","Av. José María Moreno 300","1424","30-66125402-1","","No","No"
"Sofiba","Farmacia","Capital Federal","Capital Federal","Recoleta","Güemes 3200, BKF, Buenos Aires, Argentina","1425","30-60149167-9","","Si","No"
"Soy La Recova","Farmacia","Capital Federal","Capital Federal","Retiro","Avenida del Libertador 810, Buenos Aires, Argentina","1001","30-59525954-8","","No","No"
"Soy Laiglon Syb","Farmacia","Capital Federal","Capital Federal","Balvanera","Avenida Callao 200, Buenos Aires, Argentina","1083","30-69934601-9","","Si","No"
"Soy San Nicolas Syb","Farmacia","Capital Federal","Capital Federal","Recoleta","Avenida Santa Fe 1299, ABG, Buenos Aires, Argentina","1425","30-69934601-9","","No","No"
"Stamboulian - Arenales","Vacunatorio","Capital Federal","Capital Federal","Palermo","Arenales 2777","1425","30-64178361-3","","Si","Si"
"Stamboulian - Blanco Encalada","Vacunatorio","Capital Federal","Capital Federal","Belgrano","Blanco Encalada 2557","1428","30-64178361-3","","Si","Si"
"Stamboulian - Sánchez De Loria","Vacunatorio","Capital Federal","Capital Federal","Constitución","Sánchez De Loria 117","1173","30-64178361-3","","Si","Si"
"Suiza","Farmacia","Capital Federal","Capital Federal","San Nicolas","TUCUMAN 701","1049","30-70764318-4","","No","No"
"Suiza","Farmacia","Capital Federal","Capital Federal","Belgrano","Jerónimo Salguero 3080, DFO, Buenos Aires, Argentina","1425","30-71020377-2","","No","No"
"Superfarma S.A.Farmaplus 4","Farmacia","Capital Federal","Capital Federal","Recoleta","Avenida General Las Heras 2273","1127","30-70869087-9","","Si","No"
"Tkl America","Farmacia","Capital Federal","Capital Federal","Recoleta","Avenida Córdoba 1402, Buenos Aires, Argentina","1055","20-04268027-4","","Si","No"
"Tkl Ayacucho","Farmacia","Capital Federal","Capital Federal","Recoleta","Marcelo T. de Alvear 2045, AAE, Buenos Aires, Argentina","1122","30-58267237-3","","Si","No"
"Tkl Etcheverry","Farmacia","Capital Federal","Capital Federal","San Nicolas","Avenida Callao 299, Buenos Aires, Argentina","1022","30-66036850-3","","Si","No"
"Tkl Galesa","Farmacia","Capital Federal","Capital Federal","Belgrano","Avenida Cabildo 1631, ABD, Buenos Aires, Argentina","C1426ABD","30-70214893-2","","Si","No"
"Tkl Naveira","Farmacia","Capital Federal","Capital Federal","Recoleta","Avenida General Las Heras 2318, ASN, Buenos Aires, Argentina","1425","30-62379384-9","","Si","No"
"Tkl Nueva Gonzalez","Farmacia","Capital Federal","Capital Federal","Caballito","Avenida Rivadavia 5415, Buenos Aires, Argentina","1424","30-68257642-8","","No","No"
"Tkl Quintana","Farmacia","Capital Federal","Capital Federal","Recoleta","Avenida Presidente Manuel Quintana 392, Buenos Aires, Argentina","1014","30-58070875-3","","Si","No"
"Tkl San Agustin","Farmacia","Capital Federal","Capital Federal","Recoleta","Avenida General Las Heras 2699, Buenos Aires, Argentina","1425","30-69076363-6","","No","No"
"Tkl Tekiel","Farmacia","Capital Federal","Capital Federal","Recoleta","Avenida Santa Fe 2399, AAF, Buenos Aires, Argentina","1123","30-61080234-2","","Si","No"
"Trujillo Italiana","Farmacia","Capital Federal","Capital Federal","Almagro","POTOSI 4100","1199","30-66154488-7","","Si","Si"
"Vacunar - Abasto","Vacunatorio","Capital Federal","Capital Federal","Abasto","Abasto Shopping, Av. Corrientes 3247 Nivel 2,","1193","30-70730135-6","","Si","Si"
"Vacunar Recoleta","Vacunatorio","Capital Federal","Capital Federal","San Nicolas","Marcelo Torcuato De Alvear 2383","1061","30-70730135-6","","Si","Si"
"Vacunar Sede Dot","Vacunatorio","Capital Federal","Capital Federal","Nuñez","Vedia 3788","1430","30-70730135-6","","Si","No"
"Vacunatorio Cabildo","Vacunatorio","Capital Federal","Capital Federal","Belgrano","Av. Cabildo 1183 1ero B","1426","20-10705500-4","","Si","No"
"Vacunatorio Fundacion Doctor Mario Socolinsky Callao (Proteger Vacunacion)","Vacunatorio","Capital Federal","Capital Federal","Recoleta","AV. CALLAO 850","1023","30-65282353-6","","Si","No"
"Vacunatorio Fundacion Doctor Mario Socolinsky Vuelta De Obligado(Proteger Vacunacion)","Vacunatorio","Capital Federal","Capital Federal","Belgrano","VUELTA DE OBLIGADO 2453","1428","30-65282353-6","","Si","No"
"Vacunatorio Helios Salud","Vacunatorio","Capital Federal","Capital Federal","Nueva Pompeya","Perú 1515","1141","30-68210722-3","","Si","Si"
"Vacunatorio Previvax Bazterrica","Vacunatorio","Capital Federal","Capital Federal","Recoleta","Juncal 3002","1425","30-71441776-9","","Si","No"
"Vacunatorio Previvax Flores","Vacunatorio","Capital Federal","Capital Federal","Flores","AVENIDA DIRECTORIO 2037","1406","30-71441776-9","","Si","No"
"Vacunatorio Previvax Palermo","Vacunatorio","Capital Federal","Capital Federal","Palermo","AV. CORDOBA 5775","1414","30-71441776-9","","Si","No"
"Vacunatorio Previvax Recoleta","Vacunatorio","Capital Federal","Capital Federal","Recoleta","MARCELO T DE ALVEAR 2346","1122","30-71441776-9","","Si","No"
"Vacunatorio Stamboulian - Belgrano","Vacunatorio","Capital Federal","Capital Federal","Belgrano","Av. del Libertador 5868","1428","30-64178361-3","","Si","No"
"Vacunatorio Stamboulian - Flores","Vacunatorio","Capital Federal","Capital Federal","Flores","Av. Carabobo 443","1406","30-64178361-3","","Si","No"
"Vacunatorio Stamboulian - Melo","Vacunatorio","Capital Federal","Capital Federal","Recoleta","José Andrés Pacheco de Melo 2941","1425","30-64178361-3","","Si","No"
"Vacunatorio Stamboulian - Microcentro","Vacunatorio","Capital Federal","Capital Federal","Microcentro","25 de Mayo 464","1002","30-64178361-3","","Si","No"
"Vacunatorio Stamboulian - Villa Crespo","Vacunatorio","Capital Federal","Capital Federal","Villa Crespo","Raúl Scalabrini Ortiz 696","1414","30-64178361-3","","Si","No"
"Vacunatorio Stamboulian - Villa Urquiza","Vacunatorio","Capital Federal","Capital Federal","Villa Urquiza","Av. Olazábal 5670","1431","30-64178361-3","","Si","No"
"Vacunatorio Vacunar Sede Belgrano","Vacunatorio","Capital Federal","Capital Federal","Belgrano","JOSE HERNANDEZ 2562","1426","30-70730135-6","","Si","No"
"Vacunatorio Vacunar Sede Caballito","Vacunatorio","Capital Federal","Capital Federal","Caballito","AVENIDA ACOYTE 185","1405","30-70730135-6","","Si","No"
"Vacunatorio Vacunar Sede Cañitas","Vacunatorio","Capital Federal","Capital Federal","Las Cañitas","AVENIDA LUIS MARÍA CAMPOS 765","1426","30-70730135-6","","Si","No"
"Vacunatorio Vacunar Sede Devoto","Vacunatorio","Capital Federal","Capital Federal","Villa Devoto","EMILIO LAMARCA 3388","1417","30-70730135-6","","Si","No"
"Vacunatorio Vacunar Sede Liniers","Vacunatorio","Capital Federal","Capital Federal","Liniers","MONTIEL 174","1408","30-70730135-6","","Si","No"
"Vacunatorio Vacunar Sede Mater Dei","Vacunatorio","Capital Federal","Capital Federal","Palermo","San Martin De Tours 2952","1425","30-70730135-6","","Si","No"
"Vacunatorio Vacunar Sede Otamendi","Vacunatorio","Capital Federal","Capital Federal","Recoleta","AZCUENAGA 870","1128","30-70730135-6","","Si","No"
"Vacunatorio Vacunar Sede Palermo","Vacunatorio","Capital Federal","Capital Federal","Palermo","PARAGUAY 3949","1425","30-70730135-6","","Si","No"
"Vacunatorio Vacunar Sede Urquiza","Vacunatorio","Capital Federal","Capital Federal","Villa Urquiza","BLANCO ENCALADA 4881","1431","30-70730135-6","","Si","No"
"Vacunatorio Vacunar Sede Vacunar En Casa","Vacunatorio","Capital Federal","Capital Federal","Mitre","Posta 4789, Polo Dot Edificio Zetta","1430","30-70730135-6","","Si","No"
"Victor Abel Sobrero (Farmacia 5100)","Farmacia","Capital Federal","Capital Federal","Palermo","A.J. CARRANZA 2388","1425","20-18286657-2","","Si","No"
"Central - Minerva","Farmacia","Catamarca","San Fernando Del Valle De Catamarca","","Rivadavia 652","4751","30-66805478-8","","No","No"
"Farmacia 9 De Julio - Minerva","Farmacia","Catamarca","San Fernando Del Valle De Catamarca","","REPUBLICA Y 9 DE JULIO","4700","30-66805478-8","","No","No"
"Farmacia Virgen Del Carmen","Farmacia","Catamarca","San Fernando Del Valle De Catamarca","","SAN MARTIN 675","4700","30-64767550-2","","No","No"
"Martina","Farmacia","Catamarca","Santa Maria","","9 De Julio 800","3149","27-21057452-8","","Si","Si"
"Farmacia Farmar I Barranqueras","Farmacia","Chaco","Barranqueras","","DIAGONAL EVA PERON 501","3503","30-64767550-2","","No","No"
"Farmacia Sindical Bancaria Barranqueras","Farmacia","Chaco","Barranqueras","","Diagonal Eva Perón 80","3503","30-65898392-6","","No","No"
"Farmacia Ameb","Farmacia","Chaco","Charata","","Gûemes 149","3730","30-65898392-6","","No","No"
"Farmacia Farmar I Charata","Farmacia","Chaco","Charata","","GÜEMES AVDA. ESQUINA MEXICO","3730","30-64767550-2","","Si","No"
"Polini Guemes","Farmacia","Chaco","Charata","","GENERAL GÜEMES 302","3730","20-20264162-9","","Si","No"
"Farmacia Catedral Sp (Farmar)","Farmacia","Chaco","Presidente Roque Saenz Peña","","SAN MARTIN  66","3700","30-67017034-5","","Si","No"
"Farmacia Vedia","Farmacia","Chaco","Presidente Roque Saenz Peña","","SAN MARTIN 402","3700","30-67015267-3","","No","No"
"Farmacity 156-Saenz Peña Chaco","Farmacia","Chaco","Presidente Roque Saenz Peña","","SAN MARTIN 131","3500","30-69213874-7","","No","No"
"Fatima","Farmacia","Chaco","Presidente Roque Saenz Peña","","Av. Sarmiento 369, H3700aad SáEnz PeñA, Chaco","3700","27-20651790-0","","No","No"
"Vedia Iv","Farmacia","Chaco","Presidente Roque Saenz Peña","","SAN MARTIN 901","3700","30-67015267-3","","No","No"
"Catedral Ii","Farmacia","Chaco","Resistencia","","PERÓN 9","3500","30-67017034-5","","No","No"
"Catedral S.C.S. Iii","Farmacia","Chaco","Resistencia","","BARTOLOME MITRE 101","3500","30-67017034-5","","No","No"
"Catedral V","Farmacia","Chaco","Resistencia","","ARTURO ILLIA 502","3500","30-67017034-5","","No","No"
"Farmacia Catedral I (Farmar)","Farmacia","Chaco","Resistencia","","JULIO A ROCA 101","3500","30-67017034-5","","No","No"
"Farmacia Centenario (Farmar)","Farmacia","Chaco","Resistencia","","25 DE MAYO 301","3500","30-67017034-5","","No","No"
"Farmacia De La Asociacion Mutual De Empleados Bancarios","Farmacia","Chaco","Resistencia","","Av. 25 De Mayo 256","3500","30-65898392-6","","No","No"
"Farmacia Farmar I ","Farmacia","Chaco","Resistencia","","STA.MARIA DE ORO 366","3500","30-64767550-2","","No","No"
"Farmacia Farmar Ii","Farmacia","Chaco","Resistencia","","AVENIDA 9 DE JULIO 1050 - LOCAL 15","3500","30-64767550-2","","No","No"
"Farmacia Farmar Iv","Farmacia","Chaco","Resistencia","","AV. NECOCHEA 101","3500","30-64767550-2","","No","No"
"Farmacia Las Heras (Farmar)","Farmacia","Chaco","Resistencia","","LAS HERAS 301","3500","30-67017034-5","","No","No"
"Farmacia Libertad","Farmacia","Chaco","Resistencia","","Av. Marconi 1330, H3500 Resistencia, Chaco","3500","27-20387652-7","","No","No"
"Farmacia Sindical Bancaria","Farmacia","Chaco","Resistencia","","AV. ALVEAR 1498","3730","30-65898392-6","","No","No"
"Farmacia Sindical Bancaria","Farmacia","Chaco","Resistencia","","Av. 9 De Julio 132","3500","30-65898392-6","","No","No"
"Farmacia Sindical Bancaria","Farmacia","Chaco","Resistencia","","Av. Las Heras 150","3500","30-65898392-6","","No","No"
"Farmacia Vedia","Farmacia","Chaco","Resistencia","","JUAN DOMINGO PERON 202","3500","30-67015267-3","","No","No"
"Farmacia Vedia V (Farmar)","Farmacia","Chaco","Resistencia","","AV. PARAGUAY 8","3500","30-67015267-3","","No","No"
"Farmacia Vedia Viii","Farmacia","Chaco","Resistencia","","Av. Hipolito Irigoyen N 901","3705","30-67015267-3","","No","No"
"Farmacia Zaks (Farmar)","Farmacia","Chaco","Resistencia","","25 DE MAYO 886","3500","30-67017034-5","","No","No"
"Farmacity 104-Resistencia 1","Farmacia","Chaco","Resistencia","","JOSE MARIA PAZ 151","3500","30-69213874-7","","No","No"
"Farmacity 125-Resistencia 3 - Güemes","Farmacia","Chaco","Resistencia","","GUEMES 475","3500","30-69213874-7","","No","No"
"Farmacity 126-Resistencia 2 - Peron","Farmacia","Chaco","Resistencia","","JUAN DOMINGO PERON 100","3500","30-69213874-7","","No","No"
"Farmacity 148-Resistencia 5 - 9 De Julio","Farmacia","Chaco","Resistencia","","9 DE JULIO AVDA. 1050-LOCAL 01 Y 02","3500","30-69213874-7","","No","No"
"Farmacity 155-Resistencia 4 - Irigoyen","Farmacia","Chaco","Resistencia","","GÜEMES 101","3500","30-69213874-7","","No","No"
"Farmacity 163-Chaco - 7 Las Heras","Farmacia","Chaco","Resistencia","","LAS HERAS 736","3500","30-69213874-7","","No","No"
"Farmacity 174-Chaco 8 - Sarmiento","Farmacia","Chaco","Resistencia","","SARMIENTO AVDA. 744","3500","30-69213874-7","","No","No"
"Farmalife Del Hiper","Farmacia","Chaco","Resistencia","","H2PM+X2 Resistencia, Chaco, Argentina","3500","30-71609650-1","","No","No"
"Farmalife Iii De Terminal","Farmacia","Chaco","Resistencia","","Av. Mac Lean 2347","3500","30-71609650-1","","No","No"
"Farmalife San Pedro","Farmacia","Chaco","Resistencia","","ASB, Julio Argentino Roca 37","3500","30-71609650-1","","No","No"
"Nuestra Señora De Guadalupe","Farmacia","Chaco","Resistencia","","Santa Fe 590","3500","20-27324179-6","","No","No"
"Red Resistencia","Farmacia","Chaco","Resistencia","","Santa Fe 124, Resistencia, Chaco, Argentina","3500","30-71569993-8","","No","No"
"Vedia Iii","Farmacia","Chaco","Resistencia","","MARTIN MIGUEL DE GUEMES 98 ESQUINA HIPOLITO IRIGOYEN","3500","30-67015267-3","","No","No"
"Ammach Saenz Peña","Farmacia","Chaco","Saenz Peña","","Pelegrini Nº 373","3700","30-67011524-7","","No","No"
"Itati","Farmacia","Chaco","Saenz Peña","","San Martín 502","3700","33-67007835-9","","No","No"
"Tres Isletas","Farmacia","Chaco","Tres Isletas","","Av. Acceso Ex Combatiente De Malvinas N° 490","3703","30-67015267-3","","No","No"
"Farmacia San Agustin","Farmacia","Chaco","Villa Angela","","Av. Pte Peron 500 ","3703","20-29120792-9","","Si","No"
"Farmacia Amanus I","Farmacia","Chubut","Comodoro Rivadavia","","Rawson 1320","9000","30-71511404-2","","Si","No"
"Farmacia Amanus Ii","Farmacia","Chubut","Comodoro Rivadavia","","Ameghino 1315","9000","30-71511404-2","","No","No"
"La Farmacia Del Valle Iii","Farmacia","Chubut","Comodoro Rivadavia","","Av. Hipólito Yrigoyen 1017","9000","30-71511404-2","","No","No"
"Mediven - Social 1","Farmacia","Chubut","Comodoro Rivadavia","","Mitre 867","9000","30-70771533-9","","No","No"
"Mediven - Social 10","Farmacia","Chubut","Comodoro Rivadavia","","Avenida Tehuelche 125","9000","30-70771533-9","","Si","No"
"Mediven - Social 11","Farmacia","Chubut","Comodoro Rivadavia","","Avenida Alejandro Maiz 625","9000","30-70771533-9","","Si","No"
"Mediven - Social 13","Farmacia","Chubut","Comodoro Rivadavia","","Av Kennedy 2772","9000","30-70771533-9","","No","No"
"Mediven - Social 16","Farmacia","Chubut","Comodoro Rivadavia","","Avenida Kennedy 3113","9000","30-70771533-9","","Si","No"
"Mediven - Social 18","Farmacia","Chubut","Comodoro Rivadavia","","Avenida Polonia 505","9000","30-70771533-9","","No","No"
"Mediven - Social 19","Farmacia","Chubut","Comodoro Rivadavia","","Av. José Ingenieros 1205 Km5","9000","30-70771533-9","","No","No"
"Mediven - Social 2","Farmacia","Chubut","Comodoro Rivadavia","","Avenida Rivadavia 1598","9000","30-70771533-9","","No","No"
"Mediven - Social 21","Farmacia","Chubut","Comodoro Rivadavia","","Av. Nahuel Huapi 515, U9000 Comodoro Rivadavia, Chubut","9000","30-70771533-9","","No","No"
"Mediven - Social 23","Farmacia","Chubut","Comodoro Rivadavia","","Cuba 685","9000","30-70771533-9","","No","No"
"Mediven - Social 4","Farmacia","Chubut","Comodoro Rivadavia","","San Martin 801","9000","30-70771533-9","","No","No"
"Mediven - Social 7","Farmacia","Chubut","Comodoro Rivadavia","","Avenida Roca 316","9000","30-70771533-9","","No","No"
"Mediven - Social 8","Farmacia","Chubut","Comodoro Rivadavia","","Avenida Comodoro Rivadavia 596","9000","30-70771533-9","","No","No"
"Patagonicas Comodoro","Farmacia","Chubut","Comodoro Rivadavia","","SAN MARTIN 880","9000","30-67051290-4","","Si","No"
"Mediven - Social 14","Farmacia","Chubut","Esquel","","Belgrano 702","9200","30-70771533-9","","No","No"
"Mediven - Social 5","Farmacia","Chubut","Esquel","","Avenida Alvear 978","9200","30-70771533-9","","Si","No"
"Patagonicas Suc. Esquel","Farmacia","Chubut","Esquel","","25 DE MAYO 543","9200","30-67051290-4","","No","No"
"Farmacia Central Pm ","Farmacia","Chubut","Puerto Madryn","","25 De Mayo 272","9120","30-57237419-6","","No","No"
"Farmacia Global Madryn Gales","Farmacia","Chubut","Puerto Madryn","","GALES 1310","9120","33-70999748-9","","No","No"
"Farmacia Oeste","Farmacia","Chubut","Puerto Madryn","","25 De Mayo 59","9120","20-24245609-3","","Si","Si"
"Farmacia Prosalud","Farmacia","Chubut","Puerto Madryn","","Bartolomé Mitre 705","9120","20-23194658-7","","Si","Si"
"Global Madryn Mitre","Farmacia","Chubut","Puerto Madryn","","Bartolomé Mitre 357","9120","33-70999748-9","","No","No"
"Mediven - Social 17","Farmacia","Chubut","Puerto Madryn","","Marcos A. Zar 398","9120","30-70771533-9","","No","No"
"Mediven - Social 28","Farmacia","Chubut","Puerto Madryn","","Av. Hipolito Yrigoyen N°802","","30-70771533-9","","Si","No"
"Patagonicas Fournier","Farmacia","Chubut","Puerto Madryn","","Av. J. A. Roca 1395","9120","30-67051290-4","","No","No"
"Patagonicas Suc. 28 De Juli","Farmacia","Chubut","Puerto Madryn","","28 DE JULIO 348","9120","30-67051290-4","","Si","No"
"Patagonicas Suc. Costanera","Farmacia","Chubut","Puerto Madryn","","JULIO ARGENTINO ROCA AVDA. 315","9120","30-67051290-4","","No","No"
"Fcia De La Villa","Farmacia","Chubut","Rada Tilly","","Almirante Brown 645","9001","30-71498807-3","","Si","No"
"Mediven - Social 12","Farmacia","Chubut","Rada Tilly","","Avenida Fragata Moyano 1711","9011","30-70771533-9","","No","No"
"Neofarma","Farmacia","Chubut","Rada Tilly","","Av. Automovil Club Argentino 2360, U9001arq Rada Tilly, Chubut, Argentina","9001","30-71216761-7","","No","No"
"Farma Srl","Farmacia","Chubut","Rawson","","SARMIENTO 445","9103","30-67051290-4","","No","No"
"Mediven - Social 20","Farmacia","Chubut","Rawson","","Av. Tte. Coronel Murga 344","9103","30-70771533-9","","No","No"
"Mediven - Social 6","Farmacia","Chubut","Sarmiento","","Uruguay 325","9020","30-70771533-9","","No","No"
"Farmacias Patagonicas Sucursal Avenida","Farmacia","Chubut","Trelew","","HIPÓLITO YRIGOYEN 1516","U9102BGX","30-67051290-4","","No","No"
"Mediven - Social 24","Farmacia","Chubut","Trelew","","A. P. Bell 344","9100","30-70771533-9","","Si","Si"
"Mediven - Social 25","Farmacia","Chubut","Trelew","","López Y Planes 1375","9100","30-70771533-9","","No","No"
"Mediven - Social 3","Farmacia","Chubut","Trelew","","San Martin 791","9100","30-70771533-9","","No","No"
"Mediven - Social 9","Farmacia","Chubut","Trelew","","Pellegrini 502","9100","30-70771533-9","","No","No"
"Patagonias Shopping","Farmacia","Chubut","Trelew","","SHOPPING PORTAL TW","9100","30-67051290-4","","No","No"
"Patagonicas Clinicas","Farmacia","Chubut","Trelew","","SAN MARTIN 709","9100","30-67051290-4","","No","No"
"Patagonicas Pellegrini","Farmacia","Chubut","Trelew","","PELLEGRINI 1362","9100","30-67051290-4","","Si","No"
"Sader","Farmacia","Chubut","Trelew","","Belgrano 790","9100","27-18016939-9","","No","No"
"Sader Ii","Farmacia","Chubut","Trelew","","Mitre 1122","9100","27-18016939-9","","No","No"
"Sader Iii","Farmacia","Chubut","Trelew","","Michael Jones 1346","9100","27-18016939-9","","No","No"
"Sucursal Plaza - Trelew","Farmacia","Chubut","Trelew","","RIVADAVIA 348","9100","30-67051290-4","","No","No"
"Sucursal Querol - Trelew","Farmacia","Chubut","Trelew","","25 DE MAYO 401","9100","30-67051290-4","","No","No"
"Mediven - Social 22","Farmacia","Chubut","Trevelin","","Av. San Martín 995","","30-70771533-9","","No","No"
"Farmasalud","Farmacia","Cordoba","Adelia Maria","Adelia Maria","Av. Pres. Peron 808, X5843 Adelia María, Córdoba, Argentina","5843","27-37522296-0","","No","No"
"Bella Vista ","Farmacia","Cordoba","Adelia Maria","Adelia Maria","Av. Cordoba 391, X5813 Alcira Gigena, Córdoba, Argentina","5813","30-71886335-6","","Si","No"
"Bianco","Farmacia","Cordoba","Adelia Maria","Adelia Maria","25 De Mayo 70","2550","20-16972778-4","","No","No"
"Del Valle","Farmacia","Cordoba","Adelia Maria","Adelia Maria","Carlos Avetta 165,","2686","27-21625224-7","","Si","Si"
"Favaro Margarita Elena","Farmacia","Cordoba","Adelia Maria","Adelia Maria","Pedro C. Molina 300","5854","27-12423660-1","","Si","No"
"Sastre","Farmacia","Cordoba","Adelia Maria","Adelia Maria","AV. SARMIENTO 598","5186","27-27046004-1","","Si","No"
"Badesso","Farmacia","Cordoba","Adelia Maria","Adelia Maria","Chumamaya 611 B° Villa Camiares","5186","27-23536620-2","","No","No"
"Bonciolini","Farmacia","Cordoba","Adelia Maria","Adelia Maria","Av del Libertador 1069","5186","27-23536510-9","","No","No"
"De La Estancia","Farmacia","Cordoba","Adelia Maria","Adelia Maria","Paraguay 981","5186","27-17319476-0","","Si","Si"
"El Algarrobo","Farmacia","Cordoba","Adelia Maria","Adelia Maria","Pedro Butori 410","5186","27-33044715-5","","No","No"
"Farmacia Alta Gracia ","Farmacia","Cordoba","Adelia Maria","Adelia Maria","San Martín 134","5186","27-14478775-2","","No","No"
"Farmacia Barrandeguy","Farmacia","Cordoba","Adelia Maria","Adelia Maria","24 de Septiembre 179","5186","20-17393035-7","","Si","No"
"Farmacia Del Hospital Italiano Dino 3","Farmacia","Cordoba","Adelia Maria","Adelia Maria","Gabino Ezeiza 1080 - Local 16","5086","33-70819586-9","","No","No"
"Farmacia Del Pueblo","Farmacia","Cordoba","Adelia Maria","Adelia Maria","ESPAÑA 105","5186","23-21400683-9","","No","No"
"Farmacia Nakasone","Farmacia","Cordoba","Adelia Maria","Adelia Maria","LINIERS 389","5186","27-94706991-3","","No","No"
"Farmacia Nicolli","Farmacia","Cordoba","Adelia Maria","Adelia Maria","Paraguay 321, Norte X5186eug, X5186ghg Alta Gracia, Córdoba, Argentina","5186","27-18062790-7","","No","No"
"Farmacia Sierras","Farmacia","Cordoba","Adelia Maria","Adelia Maria","Av. Sarmiento 415, Alta Gracia, Provincia de Córdoba, Argentina","5186","23-20575842-9","","No","No"
"General Paz Alta Gracia","Farmacia","Cordoba","Adelia Maria","Adelia Maria","Lucas V. Córdoba 240, Alta Gracia, Provincia de Córdoba, Argentina","5186","30-68978301-1","","Si","No"
"Lcfarma","Farmacia","Cordoba","Adelia Maria","Adelia Maria","Avenido Hipólito Yrigoyen 1350","5186","27-32279742-2","","No","No"
"Olsina","Farmacia","Cordoba","Adelia Maria","Adelia Maria","Avenida Belgrano 199","5186","20-23110237-0","","Si","Si"
"Piccone","Farmacia","Cordoba","Adelia Maria","Adelia Maria","Ingeniero Olmos 102, Alta Gracia, Provincia De Córdoba, Argentina","5186","23-24841186-4","","No","No"
"Pussetto","Farmacia","Cordoba","Adelia Maria","Adelia Maria","Lucas V. Córdoba 651","","27-33501607-1","","Si","Si"
"Ricca","Farmacia","Cordoba","Adelia Maria","Adelia Maria","Av. Belgrano 411","5186","20-17213470-0","","Si","No"
"Farmasoff Ii","Farmacia","Cordoba","Amboy","Amboy","Velez Sarsfield 210, Rp23, Amboy, Córdoba","5199","27-27871040-3","","No","No"
"Belgauss","Farmacia","Cordoba","Arguello","Arguello","AV. GAUSS 5153","5147","20-93446914-4","","Si","No"
"Farmacia Rio","Farmacia","Cordoba","Arguello","Arguello","Recta Martinoli 8254","5147","27-22512018-3","","No","No"
"General Paz Heriberto","Farmacia","Cordoba","Arguello","Arguello","Heriberto Martínez 6630","5021","30-68978301-1","","No","No"
"Red Martinolli","Farmacia","Cordoba","Arguello","Arguello","Av. Recta Martinolli 8853","5021","30-71569993-8","","Si","Si"
"Iezzi","Farmacia","Cordoba","Arias","Arias","Av.EspañA 881","2624","27-16169831-3","","No","No"
"Farmacia Romero I ","Farmacia","Cordoba","Arroyito","Arroyito","Dalle Mura 1230, Arroyito, Provincia de Córdoba, Argentina","2434","27-17892479-1","","No","No"
"Garrone 3","Farmacia","Cordoba","Arroyito","Arroyito","Sarmiento, 9 De Julio","2434","20-16957056-7","","No","No"
"Marcelo Olocco","Farmacia","Cordoba","Arroyito","Arroyito","Avenida Mariano Moreno 742","2434","20-20577632-0","","No","No"
"Panero De Bosetti I","Farmacia","Cordoba","Arroyito","Arroyito","Mariano Moreno 1960 ","2434","23-14036704-4","","No","No"
"Pintucci Veronica ( Vp)","Farmacia","Cordoba","Arroyito","Arroyito","Avenida Arturo Illia 809","2434","27-34460098-3","","Si","Si"
"Romero Viviana Irma  (Farmacia Romero Ii )","Farmacia","Cordoba","Arroyito","Arroyito","Calle 25 de Mayo 1102, Arroyito, Córdoba, Argentina","2434","27-17892479-1","","No","No"
"Sanchez Antoniolli 17","Farmacia","Cordoba","Arroyito","Arroyito","Justo José de Urquiza 381, Ciudad de Córdoba, Provincia de Córdoba, Argentina","2434","30-70882226-0","","No","No"
"Silvana Ciancia","Farmacia","Cordoba","Arroyito","Arroyito","Bartolome Mitre 230","2434","27-22357975-8","","Si","Si"
"Farmacia Sales","Farmacia","Cordoba","Ausonia","Ausonia","San Martin 111","5901","27-14995700-1","","No","No"
"Farmaplus","Farmacia","Cordoba","Ballesteros","Ballesteros","Pres. Perón 52","2572","27-36186561-3","","Si","Si"
"Ascasubi","Farmacia","Cordoba","Bell Ville","Bell Ville","Bv. Ascasubi 498","2550","27-34051932-4","","No","No"
"Farmabell","Farmacia","Cordoba","Bell Ville","Bell Ville","Av. España 8,","2550","27-34051932-4","","Si","No"
"Farmacia Alladio","Farmacia","Cordoba","Bell Ville","Bell Ville","SARMIENTO 89","2550","30-70889665-5","","Si","No"
"Farmacia Moderna Xi","Farmacia","Cordoba","Bell Ville","Bell Ville","Pío Angulo 899","2550","30-70889665-5","","No","No"
"Farmacia Perez Alvarez Ii","Farmacia","Cordoba","Bell Ville","Bell Ville","CORDOBA 479","2550","27-17955693-1","","No","No"
"Moderna Iv","Farmacia","Cordoba","Bell Ville","Bell Ville","AGI, Hipólito Yrigoyen 495, Bell Ville, Córdoba, Argentina","2550","30-66942814-2","","No","No"
"Muscatelo","Farmacia","Cordoba","Bell Ville","Bell Ville","Blvd. Colón 279","2550","27-17281655-5","","Si","Si"
"Ramello","Farmacia","Cordoba","Bell Ville","Bell Ville","Tucuman 503","2550","20-14280881-2","","Si","No"
"Berrotarán","Farmacia","Cordoba","Berrotaran","Berrotaran","Ing. Ríos 1","5817","27-22027881-1","","Si","No"
"Navarro","Farmacia","Cordoba","Berrotaran","Berrotaran","LUDOVINA TOCOLLI DE CONTI 765","5817","23-33136119-4","","No","No"
"Pueblo","Farmacia","Cordoba","Berrotaran","Berrotaran","Mariano Moreno 232","5817","27-28650645-9","","No","No"
"Noya","Farmacia","Cordoba","Bialet Masse","Bialet Masse","RUTA 38 ESQUINA CARCANO","5158","30-71670016-6","","No","No"
"Rebaudengo","Farmacia","Cordoba","Calchin Oeste","Calchin Oeste","Av. Rafael Obligado 192","5964","23-21540518-4","","Si","Si"
"Labori ","Farmacia","Cordoba","Canals","Canals","Roque Saenz Peña 80","2650","27-32954157-1","","No","No"
"Farmacia Capilla Del Monte","Farmacia","Cordoba","Capilla Del Monte","Capilla Del Monte","Diagonal Buenos Aires 118","5184","30-71181849-5","","No","No"
"Nueva Patria - Acerbi I ","Farmacia","Cordoba","Capilla Del Monte","Capilla Del Monte","Rivadavia 420","5184","30-70851740-9","","No","No"
"Vacunatorio Mega Salud - Suc. Cerro","Vacunatorio","Cordoba","Cerro De Las Rosas","Cerro De Las Rosas","Cnel. Juan Beverina 2085","5009","30-71437593-4","","Si","No"
"Ana Londero De Arguello","Farmacia","Cordoba","Colonia Caroya","Colonia Caroya","San Martin 3895","5223","30-71503679-3","","Si","Si"
"Farmacia Del Hospital Italiano Dino 4","Farmacia","Cordoba","Colonia Caroya","Colonia Caroya","Rn9 Km 748","5223","33-70819586-9","","No","No"
"Farmacia Romanutti","Farmacia","Cordoba","Colonia Caroya","Colonia Caroya","C. Humberto Venturini Sur 161","5223","20-25139373-8","","Si","No"
"Farmacia Scerbo Iii","Farmacia","Cordoba","Colonia Caroya","Colonia Caroya","SAN MARTIN AVDA.3773","5223","23-29162897-4","","Si","Si"
"Flores Iv","Farmacia","Cordoba","Colonia Caroya","Colonia Caroya","Av. San Martin 2785","5223","30-71037100-4","","No","No"
"Martin","Farmacia","Cordoba","Colonia Caroya","Colonia Caroya","Don Bosco 3694","5223","20-16542127-3","","Si","Si"
"Nueva Monserrat","Farmacia","Cordoba","Colonia Caroya","Colonia Caroya","Don Bosco 3585","5223","27-18178436-4","","No","No"
"Farmacias Argentinas Unidas Sociedad Por Acciones Simplificada","Farmacia","Cordoba","Cordoba","Cordoba","Int. José Froute 114","5923","20-38289297-7","","No","No"
"Oulton","Farmacia","Cordoba","Cordoba","Cordoba","Av. Vélez Sarsfield 566, X5000 Jjs, Córdoba","5000","30-70889665-5","","No","No"
"Aldaya","Farmacia","Cordoba","Cordoba","Poeta Lugones","Javier Lascano Colodrero 2771","5008","30-70766939-6","","Si","No"
"Alesso","Farmacia","Cordoba","Cordoba","San Martin","Blvd. 9 De Julio 1475","2421","20-36883268-6","","Si","Si"
"Alto Palermo","Farmacia","Cordoba","Cordoba","Cordoba","Rodríguez Del Busto 2441 Local 5","5009","27-37619277-1","","No","No"
"Alvear ","Farmacia","Cordoba","Cordoba","Yofre Norte","REPUBLICA DE CHINA 1151(LOC 9 Y 10)","5003","30-71537734-5","","No","No"
"Analia Corte","Farmacia","Cordoba","Cordoba","Cordoba","Estados Unidos 4111","","27-26484316-8","","No","No"
"A.P.S.E.","Farmacia","Cordoba","Cordoba","Cordoba","Rivadeo 1231, Córdoba, Argentina","5000","30-64695123-9","","No","No"
"Araoz Papera","Farmacia","Cordoba","Cordoba","Cordoba","Benito Cotolengo 1488","5117","27-17385948-7","","No","No"
"Asociación Mutual De Profesionales Del Hi  Deheza","Farmacia","Cordoba","Cordoba","Cordoba","GRAL ROMAN DEHEZA 514","5004","30-71056623-9","","No","No"
"Asociación Mutual De Profesionales Del Hi  Oncativo","Farmacia","Cordoba","Cordoba","Cordoba","ONCATIVO 1501","5004","30-71056623-9","","No","No"
"Bafarma","Farmacia","Cordoba","Cordoba","Cordoba","AV. MAIPU 139","5000","20-13539713-0","","Si","Si"
"Bendita Farma","Farmacia","Cordoba","Cordoba","Cordoba","Pje. Manuel Escalante 2687","5000","20-26490494-4","","Si","No"
"Blanco","Farmacia","Cordoba","Cordoba","Cordoba","DOMINGO SARMIENTO 47","5000","20-07972539-1","","No","No"
"Borgnino","Farmacia","Cordoba","Cordoba","Cerro de las Rosas","FERNANDO FADER AVDA.4057","5900","27-17155441-7","","Si","No"
"Cabrera","Farmacia","Cordoba","Cordoba","Cordoba","Av. MonseñOr Pablo Cabrera 2724","5000","30-71720168-6","","No","No"
"Capdevila Ii","Farmacia","Cordoba","Cordoba","Cordoba","Jose Manuel Estrada Esq Catamarca N 1110","5220","27-22183780-6","","No","No"
"Cardea","Farmacia","Cordoba","Cordoba","Cordoba","ONCATIVO 1307","5004","30-71447364-2","","Si","No"
"Casalis De Lencina","Farmacia","Cordoba","Cordoba","General Bustos","Mauricio Yadarola 1321","5001","27-17169790-0","","No","No"
"Claudia Romero","Farmacia","Cordoba","Cordoba","Cabildo","AV. AMADEO SABATTINI 2314","5014","27-20882192-5","","No","No"
"Del Libertador S.A. (Farmacia Catedral)","Farmacia","Cordoba","Cordoba","Centro","25 DE MAYO 151","5000","30-70806108-1","","Si","No"
"Difarma","Farmacia","Cordoba","Cordoba","Talleres","Jacinto de Altolaguirre 2244, Córdoba, Argentina","5012","30-70915213-7","","Si","No"
"Difarma Salud Ii","Farmacia","Cordoba","Cordoba","Yofre Norte","Jacinto De Altolaguirre 2619, Córdoba, Argentina","5012","30-70915213-7","","Si","No"
"Difarma Salud Iii","Farmacia","Cordoba","Cordoba","Yofre Norte","Jacinto de Altolaguirre 1701, Córdoba, Argentina","5000","30-70915213-7","","No","No"
"Difarma Salud Iv","Farmacia","Cordoba","Cordoba","Cofico","Avenida 24 de Septiembre 1371, FTM, Córdoba, Argentina","5004","30-70915213-7","","No","No"
"Difarma V","Farmacia","Cordoba","Cordoba","Cordoba","Rivera Indarte 1398","5000","30-70915213-7","","No","No"
"Difarma Vi","Farmacia","Cordoba","Cordoba","Manantiales","Calle Publica N° 3951 Mzna 69 Lote 7 Local 2 B° Manantiales Ii","2671","30-70915213-7","","No","No"
"Difarma Vii","Farmacia","Cordoba","Cordoba","Nueva Córdoba","Félix Frías 899","5004","30-70915213-7","","No","No"
"Docfarma 1","Farmacia","Cordoba","Cordoba","Villa Corina","Bajada Pucará 1749","5014","30-71148775-8","","No","No"
"Docfarma 2","Farmacia","Cordoba","Cordoba","Cofico","Pueyrredon 650","5000","30-71148775-8","","No","No"
"El Circulo","Farmacia","Cordoba","Cordoba","Talleres","Av. Duarte Quirós 3891","5003","27-36142593-1","","Si","No"
"El Circulo Iii","Farmacia","Cordoba","Cordoba","Cordoba","Félix Paz 1196","5003","30-71682460-4","","Si","No"
"El Circulo Iv","Farmacia","Cordoba","Cordoba","Cordoba","Santiago Baravino 4442","5003","30-71682460-4","","Si","Si"
"Espora","Farmacia","Cordoba","Cordoba","San Vicente","Espora 1439","5010","27-22322605-7","","No","No"
"Farma Amiga","Farmacia","Cordoba","Cordoba","Cordoba","Sta Rosa 2522, X5003 Córdoba, Argentina","5003","20-17936622-4","","No","No"
"Farma Libertad ","Farmacia","Cordoba","Cordoba","Parque Chacabuco","Avenida Amadeo Sabattini 3250","5014","30-71600808-4","","Si","Si"
"Farmacetto ","Farmacia","Cordoba","Cordoba","Cordoba","Sarmiento 177","5000","27-11673965-3","","No","No"
"Farmacetto Ii","Farmacia","Cordoba","Cordoba","Talleres","Ferroviarios 1421","5014","30-71557312-8","","No","No"
"Farmacetto Iii","Farmacia","Cordoba","Cordoba","Parque Chacabuco","Av. Cjal. Felipe Belardinelli 3150, X5016eih Córdoba","5016","30-71557312-8","","Si","Si"
"Farmacetto Iv","Farmacia","Cordoba","Cordoba","Cordoba","Santiago Costamagna 7086, X5003 Córdoba","","30-71557312-8","","Si","Si"
"Farmacia 27 De Abril","Farmacia","Cordoba","Cordoba","San Martin","27 de abril 668","5000","30-70832457-0","","No","No"
"Farmacia Abril","Farmacia","Cordoba","Cordoba","Arguello","Av. Armada Argentina 46 B","5016","27-16906775-4","","No","No"
"Farmacia Alvear","Farmacia","Cordoba","Cordoba","Cordoba","General Alvear 500, EAL, Córdoba, Argentina","5000","30-71139040-1","","No","No"
"Farmacia Amadeo","Farmacia","Cordoba","Cordoba","Parque Chacabuco","Avenida Sabattini 2648","5014","27-22774617-9","","No","No"
"Farmacia Asociacion Mutual De Profesionales Hi  Cerro","Farmacia","Cordoba","Cordoba","Villa Warcalde","RAFAEL NUÑEZ 3672","5009","30-71056623-9","","No","No"
"Farmacia Asociacion Mutual De Profesionales Hi Roma","Farmacia","Cordoba","Cordoba","Cordoba","ROMA 550 ","5009","30-71056623-9","","No","No"
"Farmacia Brandana","Farmacia","Cordoba","Cordoba","Cofico","Av. Villavicencio 1051","5016","20-23389719-2","","No","No"
"Farmacia Buenos Aires","Farmacia","Cordoba","Cordoba","Cordoba","Buenos Aires 128","5000","30-70832457-0","","No","No"
"Farmacia Colon Srl","Farmacia","Cordoba","Cordoba","Cordoba","COLON 502","5000","33-70819586-9","","No","No"
"Farmacia Del Cerro","Farmacia","Cordoba","Cordoba","Cordoba","Gregorio Y Gavier 1922","5009","27-23100495-0","","Si","No"
"Farmacia Del Hospital Italiano Dino 1","Farmacia","Cordoba","Cordoba","Cordoba","RODRIGUEZ DEL BUSTO 4086 LOC 11","5009","33-70819586-9","","No","No"
"Farmacia Del Sanatorio ","Farmacia","Cordoba","Cordoba","Nueva Córdoba","OBISPO ORO 40","5000","30-54587142-0","","No","No"
"Farmacia Del Sanatorio Ii","Farmacia","Cordoba","Cordoba","Cerro de las Rosas","PEDRO LAPLACE 5749","5000","30-54587142-0","","No","No"
"Farmacia Del Sanatorio Iv","Farmacia","Cordoba","Cordoba","Nueva Córdoba","INDEPENDENCIA 765","5000","30-54587142-0","","No","No"
"Farmacia Del Sanatorio V ","Farmacia","Cordoba","Cordoba","Nueva Córdoba","HIPOLITO IRIGOYEN AVDA. 386","5000","30-54587142-0","","No","No"
"Farmacia Farmashop","Farmacia","Cordoba","Cordoba","Cerro de las Rosas","MONSEÑOR P CABRERA 3392","5008","27-13819029-9","","No","No"
"Farmacia Farmasoff","Farmacia","Cordoba","Cordoba","Cordoba","CRISOL 30/36","5000","27-27871040-3","","No","No"
"Farmacia Gauss","Farmacia","Cordoba","Cordoba","Cerro de las Rosas","GAUSS 5538","5021","30-71139040-1","","No","No"
"Farmacia Giraudo Carignani","Farmacia","Cordoba","Cordoba","Cordoba","Obispo Trejo 602, X5000iyn Córdoba","5001","20-23122085-3","","No","No"
"Farmacia Lider Clinicas","Farmacia","Cordoba","Cordoba","Cordoba","Santa Rosa 1565, Córdoba, Argentina","5000","30-70928404-1","","No","No"
"Farmacia Lider Jujuy ","Farmacia","Cordoba","Cordoba","Cordoba","Jujuy 520, Córdoba, Argentina","5000","30-70928404-1","","No","No"
"Farmacia Lider Laprida","Farmacia","Cordoba","Cordoba","Cordoba","Francisco N de Laprida 41, Córdoba, Argentina","5000","30-70928404-1","","No","No"
"Farmacia Lider Ohiggins","Farmacia","Cordoba","Cordoba","Villa Warcalde","Ohiggins 5591","5014","30-70928404-1","","No","No"
"Farmacia Lider Recta","Farmacia","Cordoba","Cordoba","Villa del Lago","Av. Recta Martinoli 7415","5000","30-70928404-1","","No","No"
"Farmacia Lider Richieri","Farmacia","Cordoba","Cordoba","Villa el Libertador","Avenida Tte Gral Pablo Riccheri 3316","5014","30-70928404-1","","No","No"
"Farmacia Lider Sa","Farmacia","Cordoba","Cordoba","Cordoba","Belgrano 66, JQB, Córdoba, Argentina","5000","30-70928404-1","","No","No"
"Farmacia Lider Sa","Farmacia","Cordoba","Cordoba","General Paz","Oncativo 1366, FHR, Córdoba, Argentina","5000","30-70928404-1","","No","No"
"Farmacia Lider Sa 526","Farmacia","Cordoba","Cordoba","Cordoba","Humberto Primo 208, Córdoba, Argentina","5000","30-70928404-1","","No","No"
"Farmacia Lider W","Farmacia","Cordoba","Cordoba","Villa Warcalde","Jose Maria Zanon 9107 - local 2 - Villa Warcalde ","5000","30-70928404-1","","No","No"
"Farmacia Lista De Miretti","Farmacia","Cordoba","Cordoba","Villa Aeronautica","Av. Richieri 3210","5000","23-20151108-9","","Si","Si"
"Farmacia Maco","Farmacia","Cordoba","Cordoba","Villa Corina","MANUEL SOLARES 1047","5006","20-12996957-2","","Si","No"
"Farmacia Magna","Farmacia","Cordoba","Cordoba","Cordoba","Calle Fray L Beltran 2657","5008","27-20268756-9","","Si","Si"
"Farmacia Medicarlo Red Suc 1","Farmacia","Cordoba","Cordoba","Cordoba","DUARTE QUIROS 377","5000","30-68225346-7","","No","No"
"Farmacia Moderna V ","Farmacia","Cordoba","Cordoba","Nueva Córdoba","Chacabuco 502","5000","30-70889665-5","","No","No"
"Farmacia Moderna Vi","Farmacia","Cordoba","Cordoba","Cordoba","Avenida Vélez Sarsfield 144","5000","30-70889665-5","","No","No"
"Farmacia Moderna Vii ","Farmacia","Cordoba","Cordoba","Nueva Córdoba","Marcos Juarez 1900","5000","30-70889665-5","","No","No"
"Farmacia Monica Martinez","Farmacia","Cordoba","Cordoba","Villa Aeronautica","Avenida Fuerza Aerea 2831","5011","27-14536942-3","","Si","Si"
"Farmacia Mora","Farmacia","Cordoba","Cordoba","Villa del Lago","Avenida Recta Martinolli 7850","5021","20-22776677-9","","Si","No"
"Farmacia Mutual","Farmacia","Cordoba","Cordoba","Cordoba","Dean Funes 862, AAR, Provincia de Córdoba, Argentina","5000","30-63243897-0","","Si","No"
"Farmacia Mutual Federada (Cordoba)","Farmacia","Cordoba","Cordoba","Cordoba","Humberto 1º 670, X5016 Córdoba","5004","30-54159260-8","","Si","Si"
"Farmacia Ninin","Farmacia","Cordoba","Cordoba","Cabildo","Av. Dr. Amadeo Sabattini 2393, Río Cuarto, Provincia de Córdoba, Argentina","5014","20-17001419-8","","No","No"
"Farmacia Nueva Del Marques","Farmacia","Cordoba","Cordoba","Marqués de Sobremonte","Fray Miguel De Mojica 1473","5000","27-24498075-4","","Si","No"
"Farmacia Peragallo","Farmacia","Cordoba","Cordoba","Cordoba","27 DE ABRIL 217","5000","27-16180630-2","","No","No"
"Farmacia Rivera","Farmacia","Cordoba","Cordoba","Cordoba","Arroyito 8018, X5018 Córdoba, Argentina","5018","27-21514320-7","","No","No"
"Farmacia Roma","Farmacia","Cordoba","Cordoba","Cordoba","Augusto López 1089, Córdoba, Argentina","5001","20-29189360-1","","No","No"
"Farmacia San Carlos Sud","Farmacia","Cordoba","Cordoba","Cofico","Bernardo O'Higgins 2643","5014","24-30968106-8","","No","No"
"Farmacia Sindical Sutiaga I (Farmacia Sindical Sutiaga I)","Farmacia","Cordoba","Cordoba","Cordoba","Paraná 497, HXI, Provincia de Córdoba, Argentina","5000","30-54000445-1","","No","No"
"Farmacia Vermouth","Farmacia","Cordoba","Cordoba","Cordoba","MARCELO T. DE ALVEAR 704","X5014MFA","20-34315928-6","","Si","No"
"Farmacia Xancó","Farmacia","Cordoba","Cordoba","Cabildo","Av. Sabattini 1814","5000","27-10904311-2","","Si","No"
"Farmacity - Suc 368","Farmacia","Cordoba","Cordoba","Cordoba","Av. Recta Martinolli 8512","","30-69213874-7","","No","No"
"Farmacity 101-Peatonal Cba","Farmacia","Cordoba","Cordoba","San Martin","9 DE JULIO 336","5000","30-69213874-7","","No","No"
"Farmacity 109-Cerro Las Rosas Iii","Farmacia","Cordoba","Cordoba","Villa Warcalde","RAFAEL NUÑEZ AVDA. 3660","5000","30-69213874-7","","No","No"
"Farmacity 131-La Cañada","Farmacia","Cordoba","Cordoba","Cordoba","LAVALLEJA 34","5000","30-69213874-7","","No","No"
"Farmacity 157-Boulevard San Juan","Farmacia","Cordoba","Cordoba","San Martin","BOULEVARD SAN JUAN 24","5000","30-69213874-7","","No","No"
"Farmacity 168-La Cordillera - Cba","Farmacia","Cordoba","Cordoba","Cordoba","LA CORDILLERA 3941","5000","30-69213874-7","","No","No"
"Farmacity 210 - Cba Fza Aerea ","Farmacia","Cordoba","Cordoba","Cabildo","AV. FUERZA AEREA ARGENTINA 1895","5000","30-69213874-7","","No","No"
"Farmacity 223 - Cba Velez Sarsfield 2 ","Farmacia","Cordoba","Cordoba","Parque Vélez Sarsfield","AV. VELEZ SARSFIELD 3335","5000","30-69213874-7","","No","No"
"Farmacity 259 - Cbafrague ","Farmacia","Cordoba","Cordoba","Alta Cordoba","FRAGUEIRO 2070, ALTA CÓRDOBA","5001","30-69213874-7","","No","No"
"Farmacity 266 - Cbaplazasm","Farmacia","Cordoba","Cordoba","Cordoba","ROSARIO DE SANTA FE 17/19/25","5000","30-69213874-7","","No","No"
"Farmacity 274 - Fuerza Aérea Ii ","Farmacia","Cordoba","Cordoba","Villa Aeronautica","FUERZA AÉREA II 2789","5000","30-69213874-7","","No","No"
"Farmacity 285 - Cba Elias Yofre ","Farmacia","Cordoba","Cordoba","Cordoba","ELIASYOFRE 965","5000","30-69213874-7","","No","No"
"Farmacity 295 – Colon 3 Cba","Farmacia","Cordoba","Cordoba","Alta Cordoba","COLON 1356","5000","30-69213874-7","","No","No"
"Farmacity 300-Gral Paz","Farmacia","Cordoba","Cordoba","Cordoba","GRAL PAZ 36/38","5000","30-69213874-7","","No","No"
"Farmacity 306-Granaderos ","Farmacia","Cordoba","Cordoba","Cordoba","BV. LOS GRANADEROS 2455","5008","30-69213874-7","","No","No"
"Farmacity 312 - Recta Martinioli","Farmacia","Cordoba","Cordoba","Villa del Lago","Martinolli 7759","5000","30-69213874-7","","No","No"
"Farmacity 313- Felix Frias Cba","Farmacia","Cordoba","Cordoba","Alta Cordoba","25 DE MAYO 998","5004","30-69213874-7","","Si","No"
"Farmacity 314","Farmacia","Cordoba","Cordoba","San Martin","Boulevard San Juan n° 460/466 460","5000","30-69213874-7","","No","No"
"Farmacity 318","Farmacia","Cordoba","Cordoba","Cabildo","Av. Sabattini 2225","5000","30-69213874-8","","No","No"
"Farmacity 349 – Ghandi","Farmacia","Cordoba","Cordoba","Cofico","Av. Mahatma Gandhi 951","5000","30-69213874-7","","No","No"
"Farmacity 34-Aerop. Intern. Pajas Blancas","Farmacia","Cordoba","Cordoba","Pajas Blancas","AEROPUERTO INTERNACIONAL PAJAS BLANCAS","5000","30-69213874-7","","No","No"
"Farmacity 351-valle Escondido","Farmacia","Cordoba","Cordoba","Cordoba","Av. República De China 1871","5023","30-69213874-7","","No","No"
"Farmacity 374 - Ricardo Rojas","Farmacia","Cordoba","Cordoba","Cordoba","Av. Ricardo Rojas 7312","5021","30-69213874-7","","No","No"
"Farmacity 401-funes","Farmacia","Cordoba","Cordoba","Cordoba","José Roque Funes 1173","5009","30-69213874-7","","No","No"
"Farmacity 412 - Colon 4","Farmacia","Cordoba","Cordoba","Villa Cabrera","Av. Colón 3825","5003","30-69213874-7","","Si","No"
"Farmacity 58-Colon","Farmacia","Cordoba","Cordoba","Cordoba","COLON 66","5000","30-69213874-7","","No","No"
"Farmacity 59-Velez Sarfield","Farmacia","Cordoba","Cordoba","Cordoba","VELEZ SARFIELD 294","5000","30-69213874-7","","No","No"
"Farmacity 60-Cerro Las Rosas","Farmacia","Cordoba","Cordoba","Cerro de las Rosas","RAFAEL NUÑEZ 4053","5000","30-69213874-7","","No","No"
"Farmacity 66-Chacabuco","Farmacia","Cordoba","Cordoba","Alta Cordoba","CHACABUCO 588","5000","30-69213874-7","","No","No"
"Farmacity 70-Estrada","Farmacia","Cordoba","Cordoba","Cordoba","JOSE MANUEL ESTRADA 153","5000","30-69213874-7","","No","No"
"Farmacity 74-Irigoyen","Farmacia","Cordoba","Cordoba","Cordoba","HIPOLITO IRIGOYEN 396","5000","30-69213874-7","","No","No"
"Farmacity 75-Colon Ii","Farmacia","Cordoba","Cordoba","Cordoba","COLON 717","5000","30-69213874-7","","No","No"
"Farmacity 79-Chacabuco Ii","Farmacia","Cordoba","Cordoba","Cordoba","CHACACUCO 79","5000","30-69213874-7","","No","No"
"Farmacity 83-27 De Abril","Farmacia","Cordoba","Cordoba","Cordoba","27 DE ABRIL 284","5000","30-69213874-7","","No","No"
"Farmacity 86-Cerro Ii","Farmacia","Cordoba","Cordoba","Cerro de las Rosas","RAFAEL NUÑEZ AVDA. 4418","5000","30-69213874-7","","No","No"
"Farmacity 88-Pueyrredon 60","Farmacia","Cordoba","Cordoba","Cordoba","PUEYRREDON 60","5000","30-69213874-7","","No","No"
"Farmacity 90-Castro Barros Cba","Farmacia","Cordoba","Cordoba","Nueva Córdoba","CASTRO BARROS 523","5000","30-69213874-7","","No","No"
"Farmacrece","Farmacia","Cordoba","Cordoba","Parque las Palmas","Juan B Justo 2359","5001","27-29473726-5","","Si","No"
"Farmaflores Ii","Farmacia","Cordoba","Cordoba","Cordoba","Ruta E 66 Esquina San Juan Local 12","5220","30-71037100-4","","No","No"
"Farmagroup Srl","Farmacia","Cordoba","Cordoba","Las Rosas","NAZARET 3182","5000","30-71193006-6","","No","No"
"Farmalleza","Farmacia","Cordoba","Cordoba","Parque Atlantida","Sol de Mayo 1204, Ciudad de Córdoba, Provincia de Córdoba, Argentina","5010","20-20268118-3","","Si","No"
"Farmanexus Ii","Farmacia","Cordoba","Cordoba","General Paz","Gral. Paz 298, X5022 Córdoba","","30-70997457-9","","No","No"
"Farmaser Ii","Farmacia","Cordoba","Cordoba","Yofre Norte","Av. Republica De China 1420","5003","30-71570855-4","","Si","Si"
"Farmaservis - Corbella De Grau","Farmacia","Cordoba","Cordoba","Cordoba","Mariano Fragueiro 1394 ","5000","27-14359178-1","","Si","No"
"Farmasol Retiro","Farmacia","Cordoba","Cordoba","Villa Belgrano","Av. Rancagua 5050","5000","30-71717716-5","","No","No"
"Farmasut","Farmacia","Cordoba","Cordoba","Nueva Córdoba","AMBROSIO OLMOS 595","5000","30-68976435-1","","Si","No"
"Farmatina","Farmacia","Cordoba","Cordoba","Cordoba","Av. Florencio Parravicini 2515, Córdoba","5001","27-27246716-7","","No","No"
"Farmatina Ii","Farmacia","Cordoba","Cordoba","Cordoba","Javier Lascano Colodrero 2551,","5000","27-27246716-7","","Si","Si"
"Farmavida Vi","Farmacia","Cordoba","Cordoba","San Martin","27 De Abril 474","5000","30-66941453-2","","No","No"
"Farmavida Xiii","Farmacia","Cordoba","Cordoba","Parque San Vicente","Av. Amadeo Sabattini 4487","5903","30-66941453-2","","No","No"
"Farmavida Xiv","Farmacia","Cordoba","Cordoba","Parque San Vicente","Av. Amadeo Sabattini 4097","5006","30-66941453-2","","No","No"
"Farmavida Xv","Farmacia","Cordoba","Cordoba","Cordoba","Av. Cdad. De Valparaíso 3080","5016","30-66941453-2","","No","No"
"Ferreyra Barrionuevo","Farmacia","Cordoba","Cordoba","Alta Cordoba","Bernardo O'higgins 4228, X5014ihh Córdoba","5014","27-35528697-0","","Si","No"
"Fornero","Farmacia","Cordoba","Cordoba","Villa Belgrano","Ciudad De Tampa 2490","5008","27-22036450-5","","Si","No"
"Gemona","Farmacia","Cordoba","Cordoba","Cofico","Duarte Quirós 1851","5000","27-25757973-0","","No","No"
"General Paz - Suc Guiñazu","Farmacia","Cordoba","Cordoba","Parque las Palmas","Avenida Juan B. Justo 9309","5145","30-68978301-1","","Si","No"
"General Paz Armada","Farmacia","Cordoba","Cordoba","Arguello","Armada Argentina 510 Loc 3 B","5016","30-68978301-1","","Si","Si"
"General Paz Chacabuco","Farmacia","Cordoba","Cordoba","Nueva Córdoba","Boulevard Chacabuco 787, Córdoba, Argentina","5000","30-68978301-1","","Si","No"
"General Paz Libertad","Farmacia","Cordoba","Cordoba","Cofico","Libertad 2077, Córdoba, Argentina","5004","30-68978301-1","","Si","No"
"General Paz Liceo","Farmacia","Cordoba","Cordoba","Cordoba","Av. Alfonsina Storni 37","5019","30-68978301-1","","Si","No"
"General Paz Patria","Farmacia","Cordoba","Cordoba","Cofico","Av. Patria 886, X5022cpw CóRdoba","5000","30-68978301-1","","No","No"
"General Paz Tadicor ","Farmacia","Cordoba","Cordoba","Villa Belgrano","Colectora norte salida 1B Av. de Circunvalacion local 4 bis","5008","30-68978301-1","","Si","No"
"General Paz-Centro I","Farmacia","Cordoba","Cordoba","Cordoba","Tucumán 496","5000","30-68978301-1","","Si","No"
"General Paz-Colon","Farmacia","Cordoba","Cordoba","Cordoba","Avenida Colón 745, Córdoba, Argentina","5000","30-68978301-1","","Si","No"
"General Paz-Farmacia General Paz","Farmacia","Cordoba","Cordoba","Cordoba","Avenida 24 de Septiembre 802, Córdoba, Argentina","5004","30-68978301-1","","Si","No"
"General Paz-Roma","Farmacia","Cordoba","Cordoba","Cordoba","Roma 557, BAK, Córdoba, Argentina","5004","30-68978301-1","","Si","No"
"Herrera","Farmacia","Cordoba","Cordoba","Villa el Libertador","Av ConcepcióN Arenal 1192","5016","27-18015459-6","","No","No"
"Hp Farma 24 De Septiembre","Farmacia","Cordoba","Cordoba","Cofico","Av 24 De Septiembre 1006","5000","30-54602252-4","","No","No"
"Hp Farma Cerro De Las Rosas","Farmacia","Cordoba","Cordoba","Cordoba","Hugo Wast 1803 esqu Luis de Tejeda","5000","30-54602252-4","","No","No"
"Hp Farma Colon","Farmacia","Cordoba","Cordoba","Cordoba","Av Santa Rosa 794","5000","30-54602252-4","","No","No"
"Hp Farma Hiper Libertad","Farmacia","Cordoba","Cordoba","Cordoba","Fray Luis Beltran Y M Cardeñosa Local 435 Hiper Libertad Rodriguez Del Busto","5008","30-54602252-4","","No","No"
"Hp Farma O`higgins","Farmacia","Cordoba","Cordoba","Villa Warcalde","Av Bernardo O`higgins 5125","5014","30-54602252-4","","No","No"
"Hp Farma Patio Olmos ","Farmacia","Cordoba","Cordoba","Cordoba","Av Velez Sarsfield 361 Local 319 Patio Olmos Shopping","5000","30-54602252-4","","Si","Si"
"Hp Farma Raul Ferreyra","Farmacia","Cordoba","Cordoba","Villa Aeronautica","Av. Richieri 2200","5000","30-54602252-4","","Si","Si"
"Hp Farma Recta","Farmacia","Cordoba","Cordoba","Villa Belgrano","Av Recta Martinoli 5284 ","5147","30-54602252-4","","No","No"
"Hp Farma Ruta 20","Farmacia","Cordoba","Cordoba","Villa Aeronautica","Av Fuerza Aerea 2944 Esq Felipe Boero","5000","30-54602252-4","","No","No"
"Hp Jockey","Farmacia","Cordoba","Cordoba","Cerro de las Rosas","Elias Yofre 1050 (paseo Del Jockey)","5014","30-54602252-4","","No","No"
"Ip-farma","Farmacia","Cordoba","Cordoba","Cofico","Av. Patria 615","5000","27-22010470-8","","Si","No"
"Jacobo","Farmacia","Cordoba","Cordoba","Cordoba","TRISTAN MALBRAN 4224","5009","20-12078371-9","","Si","Si"
"Juarez Ruffino 4","Farmacia","Cordoba","Cordoba","Cordoba","Los Granaderos 2068","5008","27-17154752-6","","Si","Si"
"Lider 258","Farmacia","Cordoba","Cordoba","Cordoba","GENERAL PAZ AVDA. 258","5000","30-70928404-1","","No","No"
"Lider 820","Farmacia","Cordoba","Cordoba","Alta Cordoba","Avenida Colón 820, Córdoba, Argentina","5000","30-70928404-1","","No","No"
"Lider Cerro","Farmacia","Cordoba","Cordoba","Cerro de las Rosas","Avenida Rafael Núñez 4220, Córdoba, Argentina","5000","30-70928404-1","","No","No"
"Lider Cofico","Farmacia","Cordoba","Cordoba","Cordoba","Juan Del Campillo 600","5000","30-70928404-1","","No","No"
"Lider Manantiales","Farmacia","Cordoba","Cordoba","Manantiales","Barrio Lomas De Manantiales, Av. De Circunvalación Agustín Tosco 2598 S-o","5010","30-70928404-1","","No","No"
"Lider Ricchieri","Farmacia","Cordoba","Cordoba","Cordoba","Mateo Luque 1296","5000","30-70928404-1","","No","No"
"Lider Sabattini","Farmacia","Cordoba","Cordoba","Parque San Vicente","Av. Sabattini 4281","5006","30-70928404-1","","No","No"
"Lider San Carlos","Farmacia","Cordoba","Cordoba","Villa Warcalde","Bernardo O'Higgins 5845","5014","30-70928404-1","","No","No"
"Lider Spilimbergo","Farmacia","Cordoba","Cordoba","Cordoba","La Cordillera 3912","5009","30-70928404-1","","Si","No"
"Lider Sucre","Farmacia","Cordoba","Cordoba","Alta Cordoba","Av. Colón 1027","5000","30-70928404-1","","No","No"
"Lider Velez","Farmacia","Cordoba","Cordoba","Cordoba","José Javier Díaz 16","5000","30-70928404-1","","Si","Si"
"Machado Nasif ","Farmacia","Cordoba","Cordoba","Cordoba","Chacabuco 155","5000","27-27010131-9","","No","No"
"Maestro Vidal","Farmacia","Cordoba","Cordoba","Cordoba","Maestro Vidal 1700","5010","20-26291464-0","","No","No"
"Maestro Vidal 2","Farmacia","Cordoba","Cordoba","Arguello","Av. Armada Argentina 2928","5010","20-26291464-0","","No","No"
"Marcantonelli","Farmacia","Cordoba","Cordoba","Cabildo","Avenida Fuerza Aerea Argentina 1701, Córdoba, Argentina","5011","27-14155808-6","","Si","No"
"Marisa Di Carlo","Farmacia","Cordoba","Cordoba","Alta Cordoba","Avenida 24 De Septiembre 2415","5000","27-14218405-8","","No","No"
"Martin Tschopp","Farmacia","Cordoba","Cordoba","Parque las Palmas","Av. Juan B. Justo 2720","5001","20-33595572-3","","No","No"
"Martínez 6","Farmacia","Cordoba","Cordoba","Cofico","Av. Patria 1531","5022","30-71817019-9","","Si","No"
"Maxifarma","Farmacia","Cordoba","Cordoba","Cerro de las Rosas","Ischilín 5996, Ciudad de Córdoba, Córdoba, Argentina","5017","33-71625901-9","","No","No"
"Medicarlo 10","Farmacia","Cordoba","Cordoba","Cordoba","E. Bodereau 9277, X5018 CóRdoba","5018","33-71481217-9","","No","No"
"Medicarlo 12","Farmacia","Cordoba","Cordoba","Talleres","Jacinto De Altolaguirre 2112","5012","30-71447364-2","","No","No"
"Medicarlo 8","Farmacia","Cordoba","Cordoba","Villa del Lago","Tte. Gral. Donato Alvarez 7954, X5147 CóRdoba","5147","33-71481217-9","","No","No"
"Medicarlo 9","Farmacia","Cordoba","Cordoba","Cordoba","Av. Ricardo Rojas 6685","5147","33-71481217-9","","No","No"
"Medicarlo Del Pueblo","Farmacia","Cordoba","Cordoba","Cofico","San JeróNimo 2607","5006","30-68225346-7","","No","No"
"Medicarlo Del Pueblo Ii","Farmacia","Cordoba","Cordoba","Cofico","San Jerónimo 2909, Ciudad de Córdoba, Provincia de Córdoba, Argentina","5000","30-68225346-7","","No","No"
"Medicarlo Plaza","Farmacia","Cordoba","Cordoba","Observatorio","Av. ColóN 2806","5003","33-71481217-9","","No","No"
"Medicarlo S.R.L","Farmacia","Cordoba","Cordoba","Alta Cordoba","Av. Bernardo O'Higgins 3700, Ciudad de Córdoba, Provincia de Córdoba, Argentina","5000","30-68225346-7","","No","No"
"Medicfarma","Farmacia","Cordoba","Cordoba","Cordoba","Bariloche 329","5016","27-22647579-1","","No","No"
"Mediterranea","Farmacia","Cordoba","Cordoba","Cordoba","Buenos Aires 256, Ciudad de Córdoba, Provincia de Córdoba, Argentina","5000","20-22480009-7","","Si","No"
"Mega Salud Sucursal Curf","Vacunatorio","Cordoba","Cordoba","General Paz","Jacinto Rios 554, 4to Piso - Barrio General Paz, Córdoba Capital, Córdoba","5000","30-71437593-4","","Si","No"
"Mondino Fernando Ariel","Farmacia","Cordoba","Cordoba","Cordoba","Av. San Martin 59","5152","20-26221992-6","","Si","No"
"Monica Martinez Ii","Farmacia","Cordoba","Cordoba","San Martin","SARMIENTO 1604","5004","27-14536942-3","","Si","Si"
"Monserrat","Farmacia","Cordoba","Cordoba","Parque Liceo","Av. Baradero 2853","X5014DLY","20-24793073-7","","Si","No"
"Mundial I","Farmacia","Cordoba","Cordoba","Cordoba","Mariano Fragueiro 2400","X5001GCN","30-70885397-2","","No","No"
"Mundial Iii","Farmacia","Cordoba","Cordoba","Cordoba","José Baigorri 763","5001","30-70885397-2","","No","No"
"Mundial Iv","Farmacia","Cordoba","Cordoba","Cerro de las Rosas","Av. Rafael Núñez 4406","5009","30-70885397-2","","No","No"
"Mutualista","Farmacia","Cordoba","Cordoba","Villa el Libertador","Av. Concepción Arenal 1120,","5000","30-71436707-9","","No","No"
"Nancy","Farmacia","Cordoba","Cordoba","Cordoba","Entre Ríos 4592","5001","27-23105424-9","","No","No"
"Nueva Patria ","Farmacia","Cordoba","Cordoba","Cordoba","24 de Septiembre","5000","30-70851740-9","","No","No"
"Nuevafarma","Farmacia","Cordoba","Cordoba","Cordoba","Obispo Salguero 778","5001","27-34855683-0","","Si","No"
"Octubre","Farmacia","Cordoba","Cordoba","Cordoba","José Javier Díaz 387","5001","27-17531072-5","","No","No"
"Parque","Farmacia","Cordoba","Cordoba","Villa el Libertador","Tronador 2023, Ciudad de Córdoba, Provincia de Córdoba, Argentina 2023","5000","27-30126284-7","","No","No"
"Parque Ii","Farmacia","Cordoba","Cordoba","Parque las Palmas","Luis Agote 2010, Ciudad de Córdoba, Córdoba, Argentina","5000","27-30126284-7","","No","No"
"Parque Iii","Farmacia","Cordoba","Cordoba","Cordoba","Avenida Ricardo Rojas 7472, Córdoba, Argentina","5022","27-32337514-9","","Si","No"
"Paz Nuñez","Farmacia","Cordoba","Cordoba","Cerro de las Rosas","Av. Rafael Núñez 6474","5021","30-68978301-1","","No","No"
"Perrone","Farmacia","Cordoba","Cordoba","Cordoba","Jacinto Diaz De La Fuente, X5010 Córdoba, Argentina","5010","27-35283679-1","","Si","No"
"Prataviera Liliana ","Farmacia","Cordoba","Cordoba","Villa del Lago","NEPER 6079","5021","27-13491176-5","","No","No"
"Puerto De Palos ","Farmacia","Cordoba","Cordoba","Cordoba","PUERTO DE PALOS 1329","5012","23-25336330-4","","Si","No"
"Reartes Salazar","Farmacia","Cordoba","Cordoba","Cordoba","Mariano Fragueiro 5046","5001","27-10822256-0","","Si","Si"
"Red Cerro","Farmacia","Cordoba","Cordoba","Villa Warcalde","Avenida Rafael Núñez 3686, Córdoba, Argentina","5009","30-71569993-8","","No","No"
"Red Cordoba Shopping","Farmacia","Cordoba","Cordoba","Arguello","Jose Antonio De Goyechea 2851","5000","30-71569993-8","","No","No"
"Red Libertad","Farmacia","Cordoba","Cordoba","Cordoba","Libertad 1100","5000","30-71569993-8","","Si","No"
"Red Nuevocentro","Farmacia","Cordoba","Cordoba","Cofico","Duarte Quirós 1400, Córdoba, Argentina","5000","30-71569993-8","","Si","No"
"Red Ohiggins","Farmacia","Cordoba","Cordoba","Villa Warcalde","Bernardo O'higgins 5450","5016","30-71569993-8","","No","No"
"Red Paseo Lugones","Farmacia","Cordoba","Cordoba","Cordoba","Damian Garat 3255","5000","30-68223739-9","","No","No"
"Red Paseo Rivera","Farmacia","Cordoba","Cordoba","Cordoba","Avenida Ricardo Rojas & Manuel De Falla","5018","30-71569993-8","","No","No"
"Red Sabattini","Farmacia","Cordoba","Cordoba","Parque Chacabuco","Av. Amadeo Sabattini 3250 Local 470","5014","30-71569993-8","","No","No"
"Red Urbana","Farmacia","Cordoba","Cordoba","Cerro de las Rosas","Av. Pedro Simón Laplace 5890","5000","30-71569993-8","","No","No"
"Red Urca","Farmacia","Cordoba","Cordoba","Villa el Libertador","Emilio Lamarca 4135","5000","30-71569993-8","","Si","No"
"Reverte Maria Elizabeth","Farmacia","Cordoba","Cordoba","Cordoba","CONCEJAL CABICHE 319 B","5001","27-22567279-8","","Si","No"
"Riomed","Farmacia","Cordoba","Cordoba","Cordoba","Río Negro 4550","5000","30-71767616-1","","No","No"
"Rosso Marcos","Farmacia","Cordoba","Cordoba","Cofico","SAN JERONIMO 3105","5006","27-21719420-8","","No","No"
"Salcedo","Farmacia","Cordoba","Cordoba","Cordoba","Roma 1130","5004","27-18397819-0","","Si","Si"
"San Agustin","Farmacia","Cordoba","Cordoba","Cerro de las Rosas","Av. Monseñor Pablo Cabrera 3481, X5008 Córdoba","5008","20-21392002-3","","No","No"
"San Camilo","Farmacia","Cordoba","Cordoba","Cordoba","Bv. de los Alemanes 5850","5022","27-20849706-0","","No","No"
"San Camilo Ii","Farmacia","Cordoba","Cordoba","Cerro de las Rosas","Av. Rafael Nuñez 5887","5021","27-20849706-0","","No","No"
"Sanchez Antoniolli 1","Farmacia","Cordoba","Cordoba","Villa el Libertador","Congreso 5476, Ciudad de Córdoba, Provincia de Córdoba, Argentina","5000","30-70882226-0","","No","No"
"Sanchez Antoniolli 10","Farmacia","Cordoba","Cordoba","Corral de Palos","Learte 2484, Ciudad de Córdoba, Provincia de Córdoba, Argentina","5000","30-70882226-0","","No","No"
"Sanchez Antoniolli 11","Farmacia","Cordoba","Cordoba","Cordoba","Avenida Vélez Sarfiel 3426, Ciudad de Córdoba, Provincia de Córdoba, Argentina","5016","30-70882226-0","","No","No"
"Sanchez Antoniolli 12","Farmacia","Cordoba","Cordoba","Primero de Mayo","Blas Rosales 5395, Ciudad de Córdoba, Provincia de Córdoba, Argentina","5000","30-70882226-0","","No","No"
"Sanchez Antoniolli 14","Farmacia","Cordoba","Cordoba","Cordoba","BV. ILLIA 417","5000","30-70882226-0","","No","No"
"Sanchez Antoniolli 15","Farmacia","Cordoba","Cordoba","San Roque","Avenida Fuerza Aerea Argentina 4730, Ciudad de Córdoba, Provincia de Córdoba, Argentina","5000","30-70882226-0","","No","No"
"Sanchez Antoniolli 16","Farmacia","Cordoba","Cordoba","Villa General Belgrano","Avenida Carlos Federico Gauss 5904","5021","30-70882226-0","","No","No"
"Sanchez Antoniolli 19","Farmacia","Cordoba","Cordoba","Villa Belgrano","AV. VALPARAISO 4301","5016","30-70882226-0","","No","No"
"Sanchez Antoniolli 2","Farmacia","Cordoba","Cordoba","Santa Isabel 1ª Sección","Avenida Renault Argentina 1916, Ciudad de Córdoba, Provincia de Córdoba, Argentina","5000","30-70882226-0","","No","No"
"Sanchez Antoniolli 20","Farmacia","Cordoba","Cordoba","Los Naranjos","Avenida Fuerza Aerea Argentina 2804, Ciudad de Córdoba, Provincia de Córdoba, Argentina","5010","30-70882226-0","","No","No"
"Sanchez Antoniolli 21","Farmacia","Cordoba","Cordoba","Cordoba","José María Bedoya 695 - Local 2","5000","30-70882226-0","","No","No"
"Sanchez Antoniolli 23","Farmacia","Cordoba","Cordoba","Nueva Córdoba","Av. Emilio Caraffa 2392","5000","30-70882226-0","","No","No"
"Sanchez Antoniolli 24","Farmacia","Cordoba","Cordoba","Cofico","Av. Mahatma Gandhi 193","5003","30-70882226-0","","No","No"
"Sanchez Antoniolli 24","Farmacia","Cordoba","Cordoba","San Martin","Bv. San Juan 590","5003","30-70882226-0","","No","No"
"Sanchez Antoniolli 26","Farmacia","Cordoba","Cordoba","Cordoba","Alonso De Ercilla 5222, X5000 Córdoba","5000","30-70882226-0","","No","No"
"Sanchez Antoniolli 27","Farmacia","Cordoba","Cordoba","Cabildo","Av. Amadeo Sabattini 2297","5000","30-70882226-0","","No","No"
"Sanchez Antoniolli 29","Farmacia","Cordoba","Cordoba","Cordoba","Av. Ramon J. Carcano 1291-mzana 1 Lote 13","5000","30-70882226-0","","No","No"
"Sanchez Antoniolli 3","Farmacia","Cordoba","Cordoba","Marqués de Sobremonte","Avenida Monseñor Pablo Cabrera 4650, Ciudad de Córdoba, Provincia de Córdoba, Argentina","5000","30-70882226-0","","No","No"
"Sanchez Antoniolli 31","Farmacia","Cordoba","Cordoba","Cofico","Av. Patria 617, X5000 Córdoba","5000","30-70882226-0","","No","No"
"Sanchez Antoniolli 4","Farmacia","Cordoba","Cordoba","Matienzo","Avenida Fuerza Aerea Argentina 3735, Ciudad de Córdoba, Provincia de Córdoba, Argentina","5000","30-70882226-0","","No","No"
"Sanchez Antoniolli 5","Farmacia","Cordoba","Cordoba","Villa el Libertador","Defensa 1753, Ciudad de Córdoba, Córdoba, Argentina","5017","30-70882226-0","","No","No"
"Sanchez Antoniolli 6","Farmacia","Cordoba","Cordoba","Parque Vélez Sarsfield","Naciones Unidas 927, Ciudad de Córdoba, Provincia de Córdoba, Argentina","5016","30-70882226-0","","No","No"
"Sanchez Antoniolli 7","Farmacia","Cordoba","Cordoba","San Fernando","Donato Alvarez 7914, Cordoba","5016","30-70882226-0","","No","No"
"Sanchez Antoniolli 8","Farmacia","Cordoba","Cordoba","Artigas","Avenida Vélez Sarsfield 4101, Ciudad de Córdoba, Provincia de Córdoba, Argentina","5000","30-70882226-0","","No","No"
"Sanchez Antoniolli 9","Farmacia","Cordoba","Cordoba","Crisol","Avenida Leandro N. Alem 1570, Ciudad de Córdoba, Córdoba, Argentina","5000","30-70882226-0","","No","No"
"Santiso","Farmacia","Cordoba","Cordoba","Alto Verde","BOULEVARD LOS GRANADEROS 2942","5009","27-06059869-5","","No","No"
"Santiso Norma (Farmacia Santiso Suc 2)","Farmacia","Cordoba","Cordoba","Alta Cordoba","Av. Colón 1395","5000","27-06059869-5","","Si","No"
"Silvana Martinez","Farmacia","Cordoba","Cordoba","Centro","Avenida Bulnes 2830, Ciudad de Córdoba, Córdoba, Argentina","5013","23-22036601-4","","No","No"
"Silvana Martinez Ii","Farmacia","Cordoba","Cordoba","Talleres","Altolaguirre 1866","5000","23-22036601-4","","Si","No"
"Sindical Sutiaga Ii","Farmacia","Cordoba","Cordoba","Cordoba","ESTRADA 199","5000","30-54000445-1","","No","No"
"Sindical Uepc","Farmacia","Cordoba","Cordoba","Cordoba","Salta 138/40/44","5000","30-53550620-1","","No","No"
"Sucre","Farmacia","Cordoba","Cordoba","Cordoba","José Antonio De Sucre 291","5000","20-21395258-8","","No","No"
"Suquia 2","Farmacia","Cordoba","Cordoba","Cordoba","Manuel de Escalada 3487","5012","27-21391225-4","","No","No"
"Sv Farma 10","Farmacia","Cordoba","Cordoba","Arguello","Av. Armada Argentina 46","5016","30-71035063-5","","No","No"
"Sv Farma 6","Farmacia","Cordoba","Cordoba","Cordoba","Dr. T. Achaval Rodriguez 200","5000","30-71526134-7","","No","No"
"Sv Farma 9","Farmacia","Cordoba","Cordoba","Villa Aeronautica","Av. Pablo Ricchieri 2979","5014","30-71035063-5","","No","No"
"Sv Farma I","Farmacia","Cordoba","Cordoba","Alta Cordoba","Mariano Fragueiro 1978","5001","30-71526134-7","","No","No"
"Sv Farma Ii","Farmacia","Cordoba","Cordoba","Cordoba","Avenida Colón 215","5000","30-71526134-7","","No","No"
"Sv Farma Iii","Farmacia","Cordoba","Cordoba","General Paz","Avenida General Paz 334","5000","30-71035063-5","","No","No"
"Sv Farma Iv","Farmacia","Cordoba","Cordoba","Cordoba","Avenida Marcelo T. de Alvear 802","5000","30-71035063-5","","No","No"
"Svfarma 8","Farmacia","Cordoba","Cordoba","Cerro de las Rosas","Av. Rafael Núñez 5887","5021","30-71035063-5","","Si","Si"
"Svfarma V","Farmacia","Cordoba","Cordoba","Villa Belgrano","Av. Recta Martinolli 6761","5021","30-71526134-7","","No","No"
"Tenllado","Farmacia","Cordoba","Cordoba","Cordoba","Almte. Guillermo Brown 486, X5001 CóRdoba","5003","27-16083981-9","","No","No"
"Tenllado Ii","Farmacia","Cordoba","Cordoba","Talleres","Av. Duarte QuiróS 2592, X5002aow CóRdoba","5003","27-16083981-9","","No","No"
"Vacunatorio Mega Salud - Nueva Cordoba","Vacunatorio","Cordoba","Cordoba","Cordoba","Santiago Derqui 9","5000","30-71437593-4","","Si","No"
"Valentini","Farmacia","Cordoba","Cordoba","Talleres","PANAMÁ 2356","5004","20-24692053-3","","No","No"
"Valparaiso Ii","Farmacia","Cordoba","Cordoba","Horizonte Sur","Publica 9 4618 Bº Carrara De Horizonte Sur","","27-14460033-4","","No","No"
"Viamonte ","Farmacia","Cordoba","Cordoba","Cofico","Av 24 De Septiembre 1400","5004","27-18372146-7","","Si","No"
"Cassina Corral De Bustos","Farmacia","Cordoba","Corral De Bustos","Corral De Bustos","Catamarca 289","2645","27-27599994-1","","No","No"
"Cupellino","Farmacia","Cordoba","Corral De Bustos","Corral De Bustos","Presbitero Esteban González","2645","23-22828859-4","","Si","Si"
"Farmacia Suhr","Farmacia","Cordoba","Corral De Bustos","Corral De Bustos","Edison 425, Corral De Bustos, CóRdoba","5000","27-31795549-4","","No","No"
"Priotti","Farmacia","Cordoba","Corral De Bustos","Corral De Bustos","CORDOBA 767","2645","27-20825312-9","","No","No"
"Farmacia Arguello ","Farmacia","Cordoba","Cosquin","Cosquin","SAN MARTIN 1353","5166","27-20325814-9","","No","No"
"Farmacia Cosquin","Farmacia","Cordoba","Cosquin","Cosquin","Presidente Peron 803","5166","30-71181849-5","","No","No"
"Farmacia Del Super","Farmacia","Cordoba","Cosquin","Cosquin","Av San Martin 1125","5166","20-13513342-7","","No","No"
"Farmacia Punilla","Farmacia","Cordoba","Cosquin","Cosquin","SAN MARTIN 636","5166","27-16632711-9","","Si","Si"
"General Paz","Farmacia","Cordoba","Cosquin","Cosquin","Presidente Peron 937","5166","30-68978301-1","","No","No"
"Noya","Farmacia","Cordoba","Cosquin","Cosquin","Avenida San Martin 949, Cosquín, Córdoba, Argentina","5166","27-05658539-2","","No","No"
"Temprana","Farmacia","Cordoba","Cosquin","Cosquin","Pres. Perón 552","5166","27-30721120-9","","No","No"
"Farmacia Paris","Farmacia","Cordoba","Cruz Del Eje","Cruz Del Eje","Rivadavia 302","5280","27-10695334-7","","No","No"
"Farmacia Rivadavia","Farmacia","Cordoba","Cruz Del Eje","Cruz Del Eje","Eva Peron 1646","5280","30-70832457-0","","No","No"
"Inda","Farmacia","Cordoba","Cruz Del Eje","Cruz Del Eje","Felix Caceres, Juan José Castelli Y, X5280 Cruz Del Eje, Córdoba","","27-07951677-0","","No","No"
"Olsina 2","Farmacia","Cordoba","Despeñaderos","Despeñaderos","Bv. Hipolito Yrigoyen 1051, X5121 Despeñaderos, Córdoba","5121","20-23110237-0","","Si","No"
"Farmasol","Farmacia","Cordoba","Villa Devoto","Villa Devoto","Bv. 25 De Mayo 1006","2424","30-63939527-4","","No","No"
"Portal Del Sol","Farmacia","Cordoba","Villa Devoto","Villa Devoto","Mariano Moreno 202","2424","27-27870853-0","","No","No"
"Alberici","Farmacia","Cordoba","Elena","Elena","San Juan 72 San Juan","5815","27-33851041-7","","Si","No"
"Echenique","Farmacia","Cordoba","Elena","Elena","Alberdi 254","5815","27-27502053-8","","Si","Si"
"Vitalfarma","Farmacia","Cordoba","Embalse","Embalse","General Pistarini 244","5856","27-36487471-0","","Si","No"
"Vitalfarma Ii","Farmacia","Cordoba","Embalse","Embalse","Cabo 1º Huanca 733","5856","20-35894552-0","","No","No"
"Bamba","Farmacia","Cordoba","Estancia Vieja","Estancia Vieja","C. Publica 520","","20-39934232-6","","No","No"
"Farmaplus","Farmacia","Cordoba","Etruria","Etruria","Juan Boschetti 499","2681","20-23806886-0","","Si","Si"
"Mutual Amur (freyre)","Farmacia","Cordoba","Freyre","Freyre","Boulevard 25 de Mayo 360, Freyre, Provincia de Córdoba, Argentina","2413","30-56751013-8","","No","No"
"Red Colon","Farmacia","Cordoba","Gama","Gama","Local 8 Ciudad Gama, Av. Colón 5034","5817","30-71569993-8","","No","No"
"Farmacia Marengo","Farmacia","Cordoba","General Deheza","General Deheza","Santa Fe 542","5923","20-06603054-8","","No","No"
"Farmacia Odetti De Pignatelli","Farmacia","Cordoba","General Deheza","General Deheza","Blvd. Almte. Brown 169","5923","27-16856923-3","","No","No"
"Marabini","Farmacia","Cordoba","General Deheza","General Deheza","B.v. 25 De Mayo 355","5923","20-13221432-9","","Si","No"
"Romy","Farmacia","Cordoba","General Deheza","General Deheza","Uruguay 490,x5923 Gral. Deheza, Córdoba","5923","27-35278955-6","","No","No"
"3 De Abril","Farmacia","Cordoba","Hernando","Hernando","Liniers 446","5929","27-22738306-8","","Si","No"
"Chiodini","Farmacia","Cordoba","Hernando","Hernando","Liniers 202","5928","27-17555296-6","","Si","Si"
"Ferrari","Farmacia","Cordoba","Hernando","Hernando","Carlos Pellegrini 154","5929","27-38476989-1","","No","No"
"Riorda","Farmacia","Cordoba","Hernando","Hernando","Uruguay 99","5929","20-22145143-1","","Si","Si"
"Farmacia General Paz Huerta Grande","Farmacia","Cordoba","Huerta Grande","Huerta Grande","Av. San Martin 945","5174","30-68978301-1","","No","No"
"Sandra Beatriz Gutierrez","Farmacia","Cordoba","Huinca Renanco","Huinca Renanco","Blvd. Antonio Olivero 201","6270","27-22009577-6","","Si","No"
"Silvane","Farmacia","Cordoba","Huinca Renanco","Huinca Renanco","Formosa 179","6270","20-38161957-6","","Si","Si"
"Catera","Farmacia","Cordoba","Inriville","Inriville","Libertad 496","2587","20-21693793-8","","Si","No"
"Farmacia Bisonni","Farmacia","Cordoba","Inriville","Inriville","Justo José de Urquiza 344","2587","27-20077581-9","","No","No"
"Inriville","Farmacia","Cordoba","Inriville","Inriville","Hipólito Yrigoyen 665","2587","27-35675884-1","","Si","Si"
"Bischoff De Echenique","Farmacia","Cordoba","Isla Verde","Isla Verde","Sarmiento 472","8316","27-12711016-1","","Si","Si"
"Fasolis Aicardi","Farmacia","Cordoba","James Craik","James Craik","Bv Sabattini Entre Cordoba y Pasteur","5984","27-22996352-5","","Si","No"
"Fasolis Abello","Farmacia","Cordoba","James Craik","James Craik","Jose Maria Salgueiro 301","5984","20-20818670-2","","Si","No"
"Lerda Nicolino","Farmacia","Cordoba","James Craik","James Craik","INTENDENTE MOYA 159","5984","23-18380995-4","","No","No"
"Capdevila I","Farmacia","Cordoba","Jesus Maria","Jesus Maria","C. Gral. Bustos 1459","5220","27-22183780-6","","No","No"
"Daniotti Casa Central","Farmacia","Cordoba","Jesus Maria","Jesus Maria","Vicente Agüero 336","5220","20-18274409-4","","No","No"
"Farmacia Derma","Farmacia","Cordoba","Jesus Maria","Jesus Maria","Av. Miguel Juarez 1416","5220","27-27838943-5","","No","No"
"Farmacia Rossotti","Farmacia","Cordoba","Jesus Maria","Jesus Maria","ITALIA 631","5220","27-16032395-2","","Si","No"
"Farmacia Sergio Lopez","Farmacia","Cordoba","Jesus Maria","Jesus Maria","MIGUEL JUAREZ AVDA. 575","5220","30-71667412-2","","Si","No"
"Farmacity 402 - Jesus Maria","Farmacia","Cordoba","Jesus Maria","Jesus Maria","Tucumán 400","5220","30-69213874-7","","No","No"
"Farmaflores","Farmacia","Cordoba","Jesus Maria","Jesus Maria","Corrientes, Esquina Ruta 9, Local 36, X5220 Jesus María, Córdoba, Argentina","5220","30-71037100-4","","No","No"
"Flores Iii","Farmacia","Cordoba","Jesus Maria","Jesus Maria","Italia 702","5220","30-71037100-4","","No","No"
"Zaya","Farmacia","Cordoba","Jesus Maria","Jesus Maria","Tucuman 802, Esq Zipoli ","5220","20-11573303-7","","No","No"
"Alvear 4 ","Farmacia","Cordoba","La Calera","La Calera","Saul Moyano 253","5151","30-71537734-5","","No","No"
"Farmacity 377 - Interconutry Calera","Farmacia","Cordoba","La Calera","La Calera","Av. Los Alamos 1015","5151","30-69213874-7","","No","No"
"Sarmiento I","Farmacia","Cordoba","La Calera","La Calera","General Paz 146","5151","30-69301652-1","","No","No"
"Farmacia 25 De Mayo","Farmacia","Cordoba","La Cumbre","La Cumbre","25 de mayo 222","5178","30-71181849-5","","No","No"
"Farmacia La Cumbre","Farmacia","Cordoba","La Cumbre","La Cumbre","Belgrano 532","5178","30-71181849-5","","No","No"
"Farmacia 9 De Julio","Farmacia","Cordoba","La Falda","La Falda","9 de julio 418","5172","30-71181849-5","","No","No"
"Farmacia Avenida Del Sol","Farmacia","Cordoba","La Falda","La Falda","Av Edén 604","5172","30-70832457-0","","No","No"
"Farmacia Eden","Farmacia","Cordoba","La Falda","La Falda","Av Edén 299","5172","20-13513342-7","","No","No"
"Farmacia La Falda","Farmacia","Cordoba","La Falda","La Falda","Av Eden 101","5172","30-70832457-0","","No","No"
"General Paz-la Falda- Del Centro ","Farmacia","Cordoba","La Falda","La Falda","Sarmiento 436, La Falda, Córdoba, Argentina","5172","30-68978301-1","","Si","No"
"Asklepios Farm","Farmacia","Cordoba","Laguna Larga","Laguna Larga","San Nicolas 346","","27-32292350-9","","No","No"
"Farmacia Demaria","Farmacia","Cordoba","Laguna Larga","Laguna Larga","Calle Rodríguez 154","5874","27-22301058-5","","No","No"
"Sampaolesi","Farmacia","Cordoba","Laguna Larga","Laguna Larga","Gral. Paz 792","5974","27-24254049-8","","Si","Si"
"Daniele","Farmacia","Cordoba","Las Varillas","Las Varillas","B. Rivadavia 285","5940","27-20363948-7","","Si","No"
"Farmacia Baldrich Miretti","Farmacia","Cordoba","Las Varillas","Las Varillas","Manuel Belgrano 115, Las Varillas, Provincia de Córdoba, Argentina","5940","27-23981548-6","","No","No"
"Farmacia Norma Rubiolo","Farmacia","Cordoba","Las Varillas","Las Varillas","Martín Güemes 43, X5941 Las Varillas, Córdoba, Argentina","5941","27-23671901-3","","Si","No"
"Farmacia Sindical Centroempleados De Comerc","Farmacia","Cordoba","Las Varillas","Las Varillas","Escribano Luis Morelli 253","5940","30-60577292-3","","No","No"
"Farmavida Xvi","Farmacia","Cordoba","Las Varillas","Las Varillas","Carlos Pellegrini 132","5940","30-66941453-2","","Si","No"
"Vietto ","Farmacia","Cordoba","Las Varillas","Las Varillas","Gral. Roca 52","5940","27-32520280-2","","No","No"
"Bottallo","Farmacia","Cordoba","Leones","Leones","BOULEVARD MANUEL BELGRANO 1401","2594","27-16885768-9","","Si","No"
"Farmacia San Ignacio","Farmacia","Cordoba","Leones","Leones","Av. Belgrano 736, X2594 Leones, Córdoba, Argentina","2594","30-71822053-6","","Si","Si"
"Novofarma","Farmacia","Cordoba","Leones","Leones","D. HernáNdez 1006","2594","27-33728070-1","","No","No"
"Farmacia Ciancia Depretis ","Farmacia","Cordoba","Los Condores","Los Condores","Avenida Don Bosco 310","5823","23-17154246-4","","No","No"
"Farmacia Sanar","Farmacia","Cordoba","Los Condores","Los Condores","Moreno 228","5823","27-25175540-5","","No","No"
"Brunetto","Farmacia","Cordoba","Luque","Luque","Av. Maipú 975","5967","27-24520589-4","","Si","Si"
"Farmacia Gaviglio","Farmacia","Cordoba","Luque","Luque","9 DE JULIO 760","5967","27-16633487-5","","Si","No"
"Medifarma","Farmacia","Cordoba","Luque","Luque","9 De Julio 1098","5967","23-32079762-4","","No","No"
"Prosperi","Farmacia","Cordoba","Luque","Luque","San Martín 129","5967","27-20075620-2","","Si","Si"
"Ruta 13","Farmacia","Cordoba","Luque","Luque","Avenida Cordoba 821, Luque, Provincia de Córdoba, Argentina","14120","27-26565589-6","","No","No"
"Farmacia Alben","Farmacia","Cordoba","Malagueño","Malagueño","Segundo D. Rodriguez 1147","5187","27-27959561-6","","No","No"
"Sanchez Antoniolli 18","Farmacia","Cordoba","Malagueño","Malagueño","Ruta Provincial C45 1, Malagueño, Córdoba, Argentina","5101","30-70882226-0","","No","No"
"Haniewicz Iii","Farmacia","Cordoba","Malvinas Argentinas","Malvinas Argentinas","AV SAN MARTIN 635 MALVINAS ARGENTINAS 2da SECC","5125","20-22036999-5","","No","No"
"Sanchez Antoniolli 30","Farmacia","Cordoba","Manantiales","Manantiales","Avda Rufino Varela Ortiz S/n Mza 119 Parcela 12 P.b. Bº Manantiales","5000","30-70882226-0","","No","No"
"Bonifacio ","Farmacia","Cordoba","Marcos Juarez","Marcos Juarez","Roque Sáenz Peña 1201","2580","20-37225649-5","","No","No"
"Farmacia Bosio Scortichini ","Farmacia","Cordoba","Marcos Juarez","Marcos Juarez","Boulevard Hipólito Irigoyen 1296  ","2580","27-17054254-7","","Si","Si"
"Farmacia Moderna X","Farmacia","Cordoba","Marcos Juarez","Marcos Juarez","GBH, San Martín 886","2580","30-70889665-5","","No","No"
"Farmacia Stanich","Farmacia","Cordoba","Marcos Juarez","Marcos Juarez","Roque Sáenz Peña 809, X2580 Ftm, Córdoba, Argentina","2580","27-18053549-2","","No","No"
"Moderna Iii ","Farmacia","Cordoba","Marcos Juarez","Marcos Juarez","Beiró 301, Marcos Juárez, Córdoba, Argentina","2580","30-66942814-2","","Si","No"
"Ongini Beatriz Maria","Farmacia","Cordoba","Marcos Juarez","Marcos Juarez","Jujuy 548","2580","27-16652797-5","","No","No"
"Santamaria","Farmacia","Cordoba","Marcos Juarez","Marcos Juarez","Alem 498","2580","30-71585179-9","","No","No"
"Farmasol Gramaglia","Farmacia","Cordoba","Mendiolaza","Mendiolaza","Av. Martín Tissera 3597","5107","27-18496678-1","","Si","No"
"Gramigna","Farmacia","Cordoba","Mendiolaza","Mendiolaza","Avenida Tiburcio Tissera 2997","5108","27-26481194-0","","Si","Si"
"Los Aromos","Farmacia","Cordoba","Mendiolaza","Mendiolaza","Av. Los Aromos 206","5189","27-41322975-3","","Si","Si"
"Farmacia Savy ","Farmacia","Cordoba","Monte Buey","Monte Buey","MARIANO MORENO 302","2589","27-33603084-1","","Si","Si"
"Hospital Italiano Monte Buey","Farmacia","Cordoba","Monte Buey","Monte Buey","Bartolomé Mitre 58","2589","30-64885478-8","","No","No"
"Farmacia Lopez Blangino 2","Farmacia","Cordoba","Monte Cristo","Monte Cristo","DAVID LINARES 35","5125","27-11727365-8","","No","No"
"Haniewicz ","Farmacia","Cordoba","Monte Cristo","Monte Cristo","MANUEL PIZARRO 212","5124","20-22036999-5","","No","No"
"Lopez Blangino 1","Farmacia","Cordoba","Monte Cristo","Monte Cristo","Sarmiento 375","5125","27-11727365-8","","No","No"
"Canello","Farmacia","Cordoba","Morteros","Morteros","Av Libertador 262","2421","27-16129396-8","","Si","No"
"Farmavitus","Farmacia","Cordoba","Morteros","Morteros","HIpolito irigoyen 1098","2421","30-67428685-2","","No","No"
"Marcos Morello","Farmacia","Cordoba","Morteros","Morteros","ITALIA 840","2421","20-18496062-2","","Si","Si"
"Sanchez","Farmacia","Cordoba","Morteros","Morteros","Boulevard Presidente Perón 62, X2421 Morteros, Córdoba","2421","27-34051820-4","","No","No"
"Farmacia Guillermo Cuassolo","Farmacia","Cordoba","Oliva","Oliva","Monseñor Gallardo 201, Oliva, Provincia de Córdoba, Argentina","5980","20-22378494-2","","No","No"
"Farmacia Dezotti","Farmacia","Cordoba","Oncativo","Oncativo","San Martín 601","5986","27-22322471-2","","Si","No"
"Farmacia Santa Rosa","Farmacia","Cordoba","Oncativo","Oncativo","Blvd. 25 De Mayo 1110","5986","30-71873649-4","","Si","Si"
"Farmax Ii","Farmacia","Cordoba","Oncativo","Oncativo","Las Heras 151","5986","20-18408271-4","","No","No"
"Frassa","Farmacia","Cordoba","Oncativo","Oncativo","Las Heras 253","5986","23-29879378-4","","Si","No"
"Guadalupe","Farmacia","Cordoba","Oncativo","Oncativo","PIACENZA 226","5986","23-30947696-4","","No","No"
"Massola Ii","Farmacia","Cordoba","Oncativo","Oncativo","Blvd. Belgrano 372","5986","27-16781715-2","","Si","Si"
"Mutual Oncativo","Farmacia","Cordoba","Oncativo","Oncativo","Uruguay 532","5986","30-70746623-1","","No","No"
"Vida ","Farmacia","Cordoba","Oncativo","Oncativo","Boulevard Belgrano 661","5986","23-20672762-4","","No","No"
"Del Pueblo","Farmacia","Cordoba","Ordoñez","Ordoñez","CALLE 1 N 954","2555","27-37144121-8","","No","No"
"Farmabel","Farmacia","Cordoba","Parqu Futura","Parqu Futura","Tegucigalpa 6090","5000","20-34990791-8","","No","No"
"Biosalud","Farmacia","Cordoba","Pilar","Pilar","Rafael Nuñez 1241","5972","23-17101319-4","","No","No"
"Farmaplus","Farmacia","Cordoba","Pilar","Pilar","Bv. Juan Bautista Alberdi & Profesor Gildo Giotto, Pilar, Provincia de Córdoba, Argentina","5972","27-36186561-3","","Si","No"
"Farmax Robert","Farmacia","Cordoba","Pilar","Pilar","Bv Argentino 995","5972","30-71678481-5","","Si","No"
"Tiranti Frola","Farmacia","Cordoba","Portena","Portena","Av. Simón Daniele 301","2415","27-24420044-9","","No","No"
"Farmacia Clemente","Farmacia","Cordoba","Porteña","Porteña","Bv. 25 de Mayo 768","2415","23-31378105-4","","No","No"
"Farmacia Mondino","Farmacia","Cordoba","Porteña","Porteña","San Martin 658","X2415BQS","27-22423074-0","","Si","Si"
"Mi Pueblo","Farmacia","Cordoba","Pueblo Italiano","Pueblo Italiano","Av Córdoba 441","2653","27-36491087-3","","No","No"
"Del Sol","Farmacia","Cordoba","Rio Ceballos","Rio Ceballos","Av. San Martín 5049","5111","27-20465140-5","","Si","Si"
"Estevan De Ergueta - Rio Ceballos","Farmacia","Cordoba","Rio Ceballos","Rio Ceballos","Av. San Martin 4426","5111","27-05983412-1","","No","No"
"General Paz - Rio Ceballos","Farmacia","Cordoba","Rio Ceballos","Rio Ceballos","Av. San Martín 3145, Córdoba","5111","30-68978301-1","","Si","No"
"Nuevo Río Ceballos","Farmacia","Cordoba","Rio Ceballos","Rio Ceballos","E53 Km 19 Local 4","5111","30-71408887-1","","No","No"
"Cooperativa Medica De Provision Consumo Limitada","Farmacia","Cordoba","Rio Cuarto","Rio Cuarto","25 de Mayo 344","5800","30-52208841-9","","No","No"
"Farmacia Del Pueblo","Farmacia","Cordoba","Rio Cuarto","Rio Cuarto","Constitución 901","5800","20-17018482-4","","No","No"
"Farmacia Del Pueblo Villadalcar","Farmacia","Cordoba","Rio Cuarto","Rio Cuarto","Wenseslao Tejerina 241, Río Cuarto, Provincia de Córdoba, Argentina","5800","20-10821454-7","","No","No"
"Farmacia Del Sud Suc. 1","Farmacia","Cordoba","Rio Cuarto","Rio Cuarto","AV. SABATTINI 3104","5802","30-69756087-0","","Si","Si"
"Farmacia Del Sud Suc. 2","Farmacia","Cordoba","Rio Cuarto","Rio Cuarto","ALVEAR 872","5800","33-70957712-9","","Si","Si"
"Farmacia Del Sud Suc. 3","Farmacia","Cordoba","Rio Cuarto","Rio Cuarto","SAN MARTIN 1030","5800","30-69756087-0","","Si","Si"
"Farmacia Del Sud Suc. 4","Farmacia","Cordoba","Rio Cuarto","Rio Cuarto","H. IRIGOYEN 1039","5800","30-66905925-2","","Si","Si"
"Farmacia Del Sud Suc. 5","Farmacia","Cordoba","Rio Cuarto","Rio Cuarto","San Martin 2108","5800","33-70957712-9","","Si","Si"
"Farmacia Del Sud Suc. 6","Farmacia","Cordoba","Rio Cuarto","Rio Cuarto","ALVEAR 1227","5800","33-70957712-9","","Si","Si"
"Farmacia Del Sud Suc. 7","Farmacia","Cordoba","Rio Cuarto","Rio Cuarto","Avenida Italia 1302","5800","30-69756087-0","","Si","Si"
"Farmacia Del Sud Suc. 9","Farmacia","Cordoba","Rio Cuarto","Rio Cuarto","J.J. CASTELLI 1095/1097","5800","30-71653556-4","","Si","Si"
"Farmacia Garcia Cocco","Farmacia","Cordoba","Rio Cuarto","Rio Cuarto","Avenida Italia 1198","5800","20-06562944-6","","No","No"
"Farmacia Iribarne ","Farmacia","Cordoba","Rio Cuarto","Rio Cuarto","ITALIA AVDA.1279","5800","20-23226359-9","","Si","No"
"Farmacia Maccio","Farmacia","Cordoba","Rio Cuarto","Rio Cuarto","Urquiza 901","5800","20-20700541-0","","Si","No"
"Farmacia Sainz Suc 3","Farmacia","Cordoba","Rio Cuarto","Rio Cuarto","Cmte. Martín Quenon 835","5800","20-20654274-9","","Si","No"
"Farmacia Unifarma","Farmacia","Cordoba","Rio Cuarto","Rio Cuarto","Hipolito Yrigoyen 1021","5800","30-70882449-2","","No","No"
"Farmacia Unifarma Terminal","Farmacia","Cordoba","Rio Cuarto","Rio Cuarto","Andres Dadone 850 loc.32","5800","30-70882449-2","","No","No"
"Farmacity 118-San Martin","Farmacia","Cordoba","Rio Cuarto","Rio Cuarto","SAN MARTIN 302","5806","30-69213874-7","","No","No"
"Farmacity 139-Sobremonte","Farmacia","Cordoba","Rio Cuarto","Rio Cuarto","SOBREMONTE 725","5806","30-69213874-7","","No","No"
"Farmacity 178-Cba España","Farmacia","Cordoba","Rio Cuarto","Rio Cuarto","ESPAÑA AVDA.116","5800","30-69213874-7","","No","No"
"Grassi Sucursal Ii","Farmacia","Cordoba","Rio Cuarto","Rio Cuarto","Centro, Constitución 501, X5800bbd Río Cuarto, Córdoba, Argentina","5800","30-55034012-3","","No","No"
"Grassi Sucursal Iii","Farmacia","Cordoba","Rio Cuarto","Rio Cuarto","Marcelo T. Alvear 703","5804","30-71179480-4","","Si","No"
"Grassi Sucursal Iv","Farmacia","Cordoba","Rio Cuarto","Rio Cuarto","Pedro Goyena 110","5808","30-71179480-4","","No","No"
"Grassi Sucursal V","Farmacia","Cordoba","Rio Cuarto","Rio Cuarto","Belgrano 23","5800","30-71179480-4","","Si","Si"
"Grassi Sucursal Xii","Farmacia","Cordoba","Rio Cuarto","Rio Cuarto","Libertad 470, X5850 Río Tercero, Córdoba, Argentina","5804","30-55034012-3","","Si","No"
"Lavalle","Farmacia","Cordoba","Rio Cuarto","Rio Cuarto","Av. Fco. Muñiz 959","5800","20-20521611-2","","Si","No"
"Mainardi","Farmacia","Cordoba","Rio Cuarto","Rio Cuarto","ALBERDI 601","5800","27-22972609-4","","No","No"
"Podesta","Farmacia","Cordoba","Rio Cuarto","Rio Cuarto","Marcelo T De Alvear 311","5800","27-04520310-2","","Si","Si"
"Servicios Sociales Grassi","Farmacia","Cordoba","Rio Cuarto","Rio Cuarto","Constitucion 800","5800","30-55034012-3","","No","No"
"Sucursal I Central Sainz","Farmacia","Cordoba","Rio Cuarto","Rio Cuarto","Av. España 2","","20-20654274-9","","Si","No"
"Sucursal Ii Sainz Varengo","Farmacia","Cordoba","Rio Cuarto","Rio Cuarto","Guardias Nacionales 1070","5806","20-20654274-9","","Si","No"
"Suipacha","Farmacia","Cordoba","Rio Cuarto","Rio Cuarto","Suipacha 243","5802","30-71653556-4","","Si","Si"
"Farmacia Bustelo De Ñañez","Farmacia","Cordoba","Rio Primero","Rio Primero","CARRILLO 2","5127","23-04622314-4","","No","No"
"Farmacia Casella","Farmacia","Cordoba","Rio Primero","Rio Primero","Av Lescano Hermanos 101","5127","23-32916705-4","","No","No"
"Farmacia Chialva ","Farmacia","Cordoba","Rio Primero","Rio Primero","Sarmiento 355","5127","24-30680953-5","","No","No"
"Farmacia Del Lourdes","Farmacia","Cordoba","Rio Primero","Rio Primero","Av. Pablo Robert 68","5127","27-26647358-9","","No","No"
"Farmacia Graciela","Farmacia","Cordoba","Rio Primero","Rio Primero","Avenida Mitre 397","5127","23-21858787-9","","Si","No"
"Farmacia Pecci","Farmacia","Cordoba","Rio Primero","Rio Primero","Mitre 155","5127","27-20675820-7","","No","No"
"Farmacia Rio Salud","Farmacia","Cordoba","Rio Primero","Rio Primero","San Martin 61","5127","27-27360980-1","","No","No"
"Castellari De Rinconez","Farmacia","Cordoba","Rio Tercero","Rio Tercero","Sarmiento Esquina Alsina","5850","27-16070724-6","","No","No"
"Esperanza Rio Tercero","Farmacia","Cordoba","Rio Tercero","Rio Tercero","Esperanza 1271","5850","23-35894104-4","","Si","No"
"Farmacia Cerutti De Moretta","Farmacia","Cordoba","Rio Tercero","Rio Tercero","FELIPE VARELA 324","5850","27-22266975-3","","No","No"
"Farmacia Pasteris 1","Farmacia","Cordoba","Rio Tercero","Rio Tercero","Independencia 138","5850","27-20700434-6","","No","No"
"Pasteris 2","Farmacia","Cordoba","Rio Tercero","Rio Tercero","25 DE MAYO 185","5850","27-20700434-6","","No","No"
"Pasteris 3","Farmacia","Cordoba","Rio Tercero","Rio Tercero","Libertad 65","5850","27-20700434-6","","No","No"
"Pasteris 4","Farmacia","Cordoba","Rio Tercero","Rio Tercero","Esquina Domingo, José Ingenieros, D. Matheu 290","5850","27-20700434-6","","No","No"
"Ponte","Farmacia","Cordoba","Rio Tercero","Rio Tercero","Roque Sáenz Peña 400","5850","27-18424864-1","","Si","Si"
"Ponte Ii","Farmacia","Cordoba","Rio Tercero","Rio Tercero","AVENIDA SAVIO ESQ. SAN MIGUEL","5850","27-18424864-1","","No","No"
"Ponte Iii","Farmacia","Cordoba","Rio Tercero","Rio Tercero","ACUÑA ESQ. FRAY JUSTO STA MARIA DE ORO","5850","27-18424864-1","","No","No"
"Ponte Iv","Farmacia","Cordoba","Rio Tercero","Rio Tercero","IRIGOYEN y CONSTITUCIÓN, RÍO TERCERO, CBA","5850","27-18424864-1","","No","No"
"Ponte V","Farmacia","Cordoba","Rio Tercero","Rio Tercero","AV. SAN MARTIN 802","5850","27-18424864-1","","No","No"
"Ponte Vi","Farmacia","Cordoba","Rio Tercero","Rio Tercero","GARIBALDI 327, RÍO TERCERO, CBA","5850","27-18424864-1","","No","No"
"Ponte Vii","Farmacia","Cordoba","Rio Tercero","Rio Tercero","LIBERTAD ESQ. OBISPO TREJO Y SANABRIA, RÍO TERCERO, CBA","5850","27-18424864-1","","No","No"
"Villa Zoila","Farmacia","Cordoba","Rio Tercero","Rio Tercero","Roque Sáenz Peña 746","5850","20-21091521-5","","No","No"
"Farmas+","Farmacia","Cordoba","Sacanta","Sacanta","25 De Mayo 333","5945","27-21756610-5","","Si","Si"
"Moderna Xii","Farmacia","Cordoba","Saira","Saira","25 De Mayo 347, X2525 Saira, Córdoba, Argentina","2525","30-70889665-5","","Si","Si"
"Farmacia Del Hospital Italiano Dino 2","Farmacia","Cordoba","Salsipuedes","Salsipuedes","SARMIENTO 1007 LOC 5","5113","33-70819586-9","","No","No"
"Lucca","Farmacia","Cordoba","Salsipuedes","Salsipuedes","Av. Belgrano 206","5133","27-25246295-9","","Si","No"
"Sv Farma 7","Farmacia","Cordoba","Salsipuedes","Salsipuedes","Av. Belgrano 300","5113","30-71526134-7","","No","No"
"Medifarm Farmacia Mutual","Farmacia","Cordoba","San Antonio De Arredondo","San Antonio De Arredondo","Av. Cura Brochero esq Los Sauces","5153","30-70746623-1","","Si","No"
"Ng Farma 1","Farmacia","Cordoba","San Antonio De Arredondo","San Antonio De Arredondo","AV. CURA BROCHERO 1810","5153","27-23419365-7","","Si","Si"
"San Antonio","Farmacia","Cordoba","San Antonio De Arredondo","San Antonio De Arredondo","Av. Cura Brochero 80, X5153 San Antonio De Arredondo, Córdoba","5153","20-23379257-9","","No","No"
"Farmacia De La Concepcion","Farmacia","Cordoba","San Basilio","San Basilio","Manuel Belgrano 80","1275","23-30073284-4","","Si","No"
"Martinez","Farmacia","Cordoba","San Basilio","San Basilio","Av. Martín Y Saavedra, San, San Basilio, Córdoba","5841","20-28897070-0","","No","No"
"Cravero","Farmacia","Cordoba","San Francisco","San Francisco","Salta 3660","2400","27-28840316-9","","Si","No"
"Farmacia Cruz Verde Salud Srl","Farmacia","Cordoba","San Francisco","San Francisco","Bv. 9 de Julio 2044, San Francisco, Provincia de Córdoba, Argentina","2400","30-71181317-5","","No","No"
"Farmacia Del Boulevard","Farmacia","Cordoba","San Francisco","San Francisco","Bv. Roque Sáenz Peña 759","2400","27-26797158-2","","Si","No"
"Farmacia Urquiza","Farmacia","Cordoba","San Francisco","San Francisco","Blvd. Roca 2606,","2400","27-23466244-4","","Si","Si"
"Farmacity 298 -San Francisco ","Farmacia","Cordoba","San Francisco","San Francisco","BUOLEVARD 25 DE MAYO 2119","2400","30-69213874-7","","No","No"
"Farmahorro","Farmacia","Cordoba","San Francisco","San Francisco","25 De Mayo 1872, San Francisco, Córdoba, Argentina","2400","27-16840843-4","","Si","Si"
"Farmasalud I","Farmacia","Cordoba","San Francisco","San Francisco","25 DE MAYO 2665","2400","27-20699210-2","","Si","No"
"Farmasalud Ii","Farmacia","Cordoba","San Francisco","San Francisco","CORRIENTES ESQUINA LIBERTAD","2400","27-20699210-2","","Si","No"
"Galliari","Farmacia","Cordoba","San Francisco","San Francisco","Caseros 757","2400","20-31593440-1","","No","No"
"Mas Vida I","Farmacia","Cordoba","San Francisco","San Francisco","Avenida Del Libertador Norte 173","2401","27-32901336-2","","Si","Si"
"Mas Vida Ii","Farmacia","Cordoba","San Francisco","San Francisco","Boulevard Roque SáEnz PeñA 1196","2401","27-32901336-2","","No","No"
"Más Vida Iii","Farmacia","Cordoba","San Francisco","San Francisco","Av. Urquiza 1097","2400","27-32901336-2","","No","Si"
"Mutual Amur (san Francisco)","Farmacia","Cordoba","San Francisco","San Francisco","25 de Mayo 2133, San Francisco, Provincia de Córdoba, Argentina","2400","30-56751013-8","","No","No"
"Suppo","Farmacia","Cordoba","San Francisco","San Francisco","Av. Juan De Garay 2261","2400","27-11785243-7","","No","Si"
"Caeiro","Farmacia","Cordoba","Santa Maria De Punilla","Santa Maria De Punilla","FermíN RodríGuez 227","5164","27-33800367-1","","No","No"
"Noya","Farmacia","Cordoba","Santa Maria De Punilla","Santa Maria De Punilla","Av. San Martin 2200","5164","30-71670016-6","","Si","Si"
"Prado","Farmacia","Cordoba","Santa Maria De Punilla","Santa Maria De Punilla","San Martin 2000","5164","27-24086611-6","","No","No"
"Farmacia  Aceto De Navarro","Farmacia","Cordoba","Santa Rosa Del Rio 1°","Santa Rosa Del Rio 1°","Caseros 759","5135","27-03887036-5","","No","No"
"Farmacia Viviana Romero Iii ","Farmacia","Cordoba","Santiago Temple","Santiago Temple","Intendente Guillermo Cid 498, Santiago Temple, Cordoba, Argentina","5124","27-17892479-1","","No","No"
"De Mozzi","Farmacia","Cordoba","Tancacha","Tancacha","Ruta Consejal Lasarte 643","5933","20-14870368-0","","No","No"
"Farmacia Boyocchi","Farmacia","Cordoba","Tancacha","Tancacha","Avenida San Martín 559","5933","23-22649852-4","","Si","No"
"Olmos","Farmacia","Cordoba","Toledo","Toledo","Av. República 351, X5123 Toledo, Córdoba","5123","30-71516406-6","","Si","No"
"Del Sud Sucursal 8","Farmacia","Cordoba","Ucacha","Ucacha","Misiones 150","5800","20-14879711-1","","Si","Si"
"Farmacia Lider E53","Farmacia","Cordoba","Unquillo","Unquillo","Ruta E 53 km 12 local 1 y 2 - complejo altos del talar","5000","30-70928404-1","","No","No"
"Pomiro 2","Farmacia","Cordoba","Unquillo","Unquillo","San Martin 3566","5109","23-22008474-4","","No","No"
"Pomiro I","Farmacia","Cordoba","Unquillo","Unquillo","San Martin 1628","5109","23-22008474-4","","Si","Si"
"Hp Farma Parque","Farmacia","Cordoba","Valle De Calamuchita","Valle De Calamuchita","Av. Naciones Unidas 346","5016","30-54602252-4","","Si","Si"
"Saladino","Farmacia","Cordoba","Viamonte","Viamonte","Independencia 98","2651","20-06651728-5","","Si","Si"
"Alvear Villa Allende","Farmacia","Cordoba","Villa Allende","Villa Allende","Alto Perú  2340 Antigua Estancia Mall Local 8y9  ","5000","30-71537734-5","","Si","Si"
"Farmacia Daniela Milovich","Farmacia","Cordoba","Villa Allende","Villa Allende","Avenida Goycochea 557, Villa Allende, Córdoba, Argentina","5105","30-71181849-5","","No","No"
"Farmacia Estevan De Ergueta","Farmacia","Cordoba","Villa Allende","Villa Allende","GOYCOCHEA 615","5105","27-05983412-1","","No","No"
"Farmacia Farma B S.A","Farmacia","Cordoba","Villa Allende","Villa Allende","Avenida Goycoechea 184, Villa Allende, Córdoba, Argentina","5105","30-70844041-4","","Si","No"
"Farmacias Real","Farmacia","Cordoba","Villa Allende","Villa Allende","Av. Goycoechea 1168","5105","30-70919170-1","","No","No"
"Farmacity - Suc 340","Farmacia","Cordoba","Villa Allende","Villa Allende","A Santiago Derqui 25","5105","30-69213874-7","","No","No"
"Farmacity 398 - Villa Allende 2","Farmacia","Cordoba","Villa Allende","Villa Allende","Río De Janeiro 1390","5105","30-69213874-7","","No","No"
"Hp Farma Villa Allende","Farmacia","Cordoba","Villa Allende","Villa Allende","Río de Janeiro 1725, SHOPPING","5105","30-54602252-4","","Si","Si"
"Lider Bodereau","Farmacia","Cordoba","Villa Allende","Villa Allende","Avenida Bodereau 9852","5047","30-70928404-1","","Si","Si"
"Mega Salud Sucursal Villa Allende","Vacunatorio","Cordoba","Villa Allende","Villa Allende","9 De Julio 51, Local 5 - Barrio Centro, Villa Allende, Córdoba","5105","30-71437593-4","","Si","No"
"Mi Farmacia","Farmacia","Cordoba","Villa Allende","Villa Allende","Río De Janeiro 1043","5105","27-23822237-6","","No","No"
"Red Villa Allende","Farmacia","Cordoba","Villa Allende","Villa Allende","Santiago Derqui 35 Local 5 Y 6,","5105","30-70919170-1","","No","Si"
"Sanchez Antoniolli 28","Farmacia","Cordoba","Villa Allende","Villa Allende","Río De Janeiro 1621, X5105 Villa Allende, Córdoba","5105","30-70882226-0","","No","No"
"Biofarma","Farmacia","Cordoba","Villa Ascasubi","Villa Ascasubi","9 De Julio 143","5935","27-33844917-3","","No","No"
"Frizzo ","Farmacia","Cordoba","Villa Ascasubi","Villa Ascasubi","Doctor Alacevich 50, Villa Ascasubi, Provincia de Córdoba, Argentina","5935","20-06597947-1","","No","No"
"Red Villa Belgrano","Farmacia","Cordoba","Villa Belgrano","Villa Belgrano","Avenida Recta Martinolli 6137","5021","30-71569993-8","","No","No"
"Vacunatorio Provac","Vacunatorio","Cordoba","Villa Belgrano","Villa Belgrano","Juan Nepper 6079","5194","27-28425539-4","","Si","No"
"Arpra","Farmacia","Cordoba","Villa Carlos Paz","Villa Carlos Paz","San Martin1049","5152","27-21757073-0","","Si","Si"
"Asociacion Mutual Choferes De Taxi (Casa Central)","Farmacia","Cordoba","Villa Carlos Paz","Villa Carlos Paz","JUAN B. JUSTO 364","5152","30-57878319-5","","No","No"
"Boschetti","Farmacia","Cordoba","Villa Carlos Paz","Villa Carlos Paz","LISANDRO DE LA TORRE 96","5152","20-21402170-7","","Si","No"
"De La Villa","Farmacia","Cordoba","Villa Carlos Paz","Villa Carlos Paz","9 De Julio 165","5152","20-06552930-1","","Si","Si"
"Farma Salud","Farmacia","Cordoba","Villa Carlos Paz","Villa Carlos Paz","Juan B. Justo 57","5152","27-18433119-0","","Si","No"
"Farmacia Fernanda Ii","Farmacia","Cordoba","Villa Carlos Paz","Villa Carlos Paz","Av Carcano 1267","5152","27-24394934-9","","No","No"
"Farmacia San Miguel ","Farmacia","Cordoba","Villa Carlos Paz","Villa Carlos Paz","Moreno 80, X5152 Villa Carlos Paz, Córdoba","5152","20-27540880-9","","No","No"
"Farmacia Sassaroli","Farmacia","Cordoba","Villa Carlos Paz","Villa Carlos Paz","Avenida Uruguay 493, Villa Carlos Paz, Provincia de Córdoba, Argentina","5152","27-22772732-8","","No","No"
"Farmaplus","Farmacia","Cordoba","Villa Carlos Paz","Villa Carlos Paz","Av San Martin 2240 ","5152","27-32995276-8","","No","No"
"Fernanda I","Farmacia","Cordoba","Villa Carlos Paz","Villa Carlos Paz","Av Carcano 898","5152","27-24394934-9","","No","No"
"La Cuesta","Farmacia","Cordoba","Villa Carlos Paz","Villa Carlos Paz","SAN MARTIN AVDA.1565","5112","27-22306564-9","","Si","No"
"Ng Farma","Farmacia","Cordoba","Villa Carlos Paz","Villa Carlos Paz","Avenida Ramón J. Cárcano 610","5152","27-23419365-7","","Si","No"
"Sanchez Carestia","Farmacia","Cordoba","Villa Carlos Paz","Villa Carlos Paz","Avenida Ramón J. Cárcano 427, Villa Carlos Paz, Provincia de Córdoba, Argentina","5152","27-32873467-8","","No","No"
"Valeria Assusa","Farmacia","Cordoba","Villa Carlos Paz","Villa Carlos Paz","Bv. Sarmiento 599","5152","27-22775708-1","","No","No"
"Farmacity 175-Cba Villa Maria","Farmacia","Cordoba","Villa De Maria","Villa De Maria","25 DE MAYO 156","5900","30-69213874-7","","No","No"
"Analia Sosa","Farmacia","Cordoba","Villa Del Rosario","Villa Del Rosario","9 de Julio 999, Villa del Rosario, Cordoba, Argentina","5963","27-20592162-7","","Si","Si"
"Arossa","Farmacia","Cordoba","Villa Del Rosario","Villa Del Rosario","Avenida San Martín 1098, Villa del Rosario, Cordoba, Argentina","5963","20-22767201-4","","No","No"
"Arossa 2","Farmacia","Cordoba","Villa Del Rosario","Villa Del Rosario","Obispo Ferreyra 402","5963","30-71635572-8","","Si","No"
"Arossa Suc 1","Farmacia","Cordoba","Villa Del Rosario","Villa Del Rosario","Córdoba 724","5963","30-71635572-8","","No","No"
"Beltramo","Farmacia","Cordoba","Villa Del Rosario","Villa Del Rosario","Hipólito Yrigoyen 601","5963","27-13310997-3","","No","No"
"Farmacia Y Perfumeria Altamirano Srl","Farmacia","Cordoba","Villa Del Rosario","Villa Del Rosario","25 DE MAYO 602","5963","30-68542043-7","","Si","Si"
"Farmacia Traslasierra","Farmacia","Cordoba","Villa Dolores","Villa Dolores","Av. Belgrano 1221","5870","27-30139907-9","","Si","No"
"General Paz","Farmacia","Cordoba","Villa Dolores","Villa Dolores","Av. Arturo Illia 15","5870","20-13955466-4","","No","No"
"Mina Clavero","Farmacia","Cordoba","Villa Dolores","Villa Dolores","Belgrano 338","5870","27-25336455-1","","Si","No"
"Santa Teresita","Farmacia","Cordoba","Villa Dolores","Villa Dolores","Belgrano 149, Villa Dolores, Córdoba","5870","20-13955466-4","","No","No"
"Confluencia","Farmacia","Cordoba","Villa General Belgrano","Villa General Belgrano","San Martin 335 Loc2","5194","27-14664723-0","","Si","No"
"Farmacia Farri","Farmacia","Cordoba","Villa Giardino","Villa Giardino","Blvd. Las Flores 234","5176","30-70832457-0","","No","No"
"Centro Mutualista Hipolito Irigoyen ","Farmacia","Cordoba","Villa Maria","Villa Maria","San Juan 1255, Villa María, Provincia de Córdoba, Argentina","5900","30-70746623-1","","No","No"
"De La Clinica","Farmacia","Cordoba","Villa Maria","Villa Maria","Corrientes 738","5900","30-70746623-1","","No","No"
"Del Condor Palermo","Farmacia","Cordoba","Villa Maria","Villa Maria","Elpidio Gonzalez 244","5900","30-70889665-5","","No","No"
"Del Subnivel","Farmacia","Cordoba","Villa Maria","Villa Maria","Bartolomé Mitre 54","5900","30-70889665-5","","No","No"
"Ecofarma","Farmacia","Cordoba","Villa Maria","Villa Maria","ENTRE RÍOS 608","5220","30-70750596-2","","No","No"
"Farmacia Clinica Marañon","Farmacia","Cordoba","Villa Maria","Villa Maria","Catamarca 1376","5900","30-70889665-5","","No","No"
"Farmacia Marcellino","Farmacia","Cordoba","Villa Maria","Villa Maria","Avenida Vélez Sarsfield 388","5900","30-70889665-5","","No","No"
"Farmacia Moderna I","Farmacia","Cordoba","Villa Maria","Villa Maria","San Martín 13","5900","30-66942814-2","","No","No"
"Farmacia Moderna Ii ","Farmacia","Cordoba","Villa Maria","Villa Maria","Buenos Aires 1301","5900","30-66942814-2","","Si","No"
"Farmacia Moderna Viii","Farmacia","Cordoba","Villa Maria","Villa Maria","9 de Julio 155","5900","30-70889665-5","","No","No"
"Farmacia Villa Farma","Farmacia","Cordoba","Villa Maria","Villa Maria","Bv. España 417","5220","27-36428500-6","","No","No"
"Farmavida","Farmacia","Cordoba","Villa Maria","Villa Maria","Mendoza 1190, Villa María, Córdoba, Argentina","5220","30-66941453-2","","Si","Si"
"Farmavida I","Farmacia","Cordoba","Villa Maria","Villa Maria","Chile 158, Córdoba, Argentina","5900","30-66941453-2","","No","No"
"Farmavida Ii","Farmacia","Cordoba","Villa Maria","Villa Maria","Av. Naciones Unidas 392","5900","30-66941453-2","","No","No"
"Farmavida Iii","Farmacia","Cordoba","Villa Maria","Villa Maria","San Juan 1510, Villa María, Córdoba, Argentina","5220","30-66941453-2","","No","No"
"Farmavida Iv","Farmacia","Cordoba","Villa Maria","Villa Maria","San Martín 401, Villa María, Córdoba, Argentina","5220","30-66941453-2","","No","No"
"Farmavida Ix","Farmacia","Cordoba","Villa Maria","Villa Maria","Sarmiento 1966","5900","30-66941453-2","","No","No"
"Farmavida V","Farmacia","Cordoba","Villa Maria","Villa Maria","La Rioja 1199, Villa María, Córdoba, Argentina","5220","30-66941453-2","","No","No"
"Farmavida Viii","Farmacia","Cordoba","Villa Maria","Villa Maria","San Juan 1270","5900","30-66941453-2","","No","No"
"Farmavida X","Farmacia","Cordoba","Villa Maria","Villa Maria","Av. Larrabure 1486","5900","30-66941453-2","","Si","No"
"Farmavida Xl","Farmacia","Cordoba","Villa Maria","Villa Maria","Corrientes 720","5900","30-66941453-2","","No","No"
"Farmavida Xll","Farmacia","Cordoba","Villa Maria","Villa Maria","Aldo serrano 2078","5900","30-66941453-2","","No","No"
"Mutual Federada ( Villa Maria)","Farmacia","Cordoba","Villa Maria","Villa Maria","25 DE MAYO 66 LOCAL 1","5220","30-54159260-8","","No","No"
"Mutualista Hipolito Yrigoyen","Farmacia","Cordoba","Villa Maria","Villa Maria","Avenida General Paz 365","5900","30-70746623-1","","No","No"
"Nueva Fcia Del Condor","Farmacia","Cordoba","Villa Maria","Villa Maria","Entre Ríos 777, Villa María, Provincia de Córdoba, Argentina","5900","30-70889665-5","","No","No"
"Plaza I","Farmacia","Cordoba","Villa Maria","Villa Maria","Leandro N. Alem 24, Centro","5900","30-70747072-7","","No","No"
"Rosina Ferrero","Farmacia","Cordoba","Villa Maria","Villa Maria","Rivadavia 271, Villa María, Córdoba","","20-21761965-4","","No","No"
"Ecofarma Ii","Farmacia","Cordoba","Villa Nueva","Villa Nueva","Marcos Juarez 584, X5903 Villa Nueva, CóRdoba","5903","30-71597381-9","","Si","No"
"Farmashop","Farmacia","Cordoba","Villa Nueva","Villa Nueva","Comercio 1299 Esq Libertad","5903","27-23497744-5","","Si","No"
"Farmacia San Lorenzo (Farmar)","Farmacia","Corrientes","Corrientes","","SAN LORENZO 1315","3400","30-71472918-3","","No","No"
"Farmacia Sindical Bancaria","Farmacia","Corrientes","Corrientes","","9 De Julio 1136","3400","30-65898392-6","","No","No"
"Farmalife Anastasi","Farmacia","Corrientes","Corrientes","","Mariano Moreno 505","3400","30-66969176-5","","No","No"
"Farmalife San Jose","Farmacia","Corrientes","Corrientes","","Mendoza 1111","3400","30-71609652-8","","No","No"
"Farmalife San Pablo","Farmacia","Corrientes","Corrientes","","Av. Pte. Nicolas Avellaneda 4436","3400","30-71609652-8","","No","No"
"Farmalife V","Farmacia","Corrientes","Corrientes","","9 DE JULIO 1202","3400","30-71609652-8","","No","No"
"Farmalife Viii","Farmacia","Corrientes","Corrientes","","SANTA FE 907 ESQ. JUNIN","3400","30-71609652-8","","No","No"
"Farmalife Xvii","Farmacia","Corrientes","Corrientes","","Av. Pedro Ferré 2985","3400","30-71291350-5","","No","No"
"Farmar","Farmacia","Corrientes","Corrientes","","JUNIN 999 ESQUINA LA RIOJA","3400","30-64668112-6","","No","No"
"Fcia. Y Perfumeria Catedral S.C.S. (Farmar)","Farmacia","Corrientes","Corrientes","","SAN LORENZO 910","3400","33-58266463-9","","Si","Si"
"Salta S.C.S. (Farmar)","Farmacia","Corrientes","Corrientes","","SALTA 1598 ESQUINA 3 DE ABRIL AVDA.","3400","30-59638807-4","","No","No"
"Argentina","Farmacia","Corrientes","Curuzu Cuatia","","BERON DE ASTRADA 795","3460","30-58682157-8","","No","No"
"Farmacia Colon (Farmar)","Farmacia","Corrientes","Goya","","GOB. JUAN PUJOL 503","3450","30-64767550-2","","No","No"
"Farmacia Del Pueblo Scs","Farmacia","Corrientes","Goya","","JOSE E. GOMEZ 954","3450","30-66984401-4","","Si","No"
"Luis Pasteur","Farmacia","Corrientes","Goya","","JOSE EUSEBIO GOMEZ 801","3500","30-66985862-7","","Si","No"
"Farmacia San  Marcos (Farmar)","Farmacia","Corrientes","Monte Caseros","","COLON 1506","3220","30-71472918-3","","No","No"
"Farmalife Vii","Farmacia","Corrientes","Santo Tome","","Bartolomé Mitre esquina Patricio Bertrán","3340","30-71609652-8","","No","No"
"Folmer","Farmacia","Entre Rios","Cerrito","","Diag. Industria 213","3122","27-12339170-0","","No","No"
"De La Union","Farmacia","Entre Rios","Chajari","","Av. Siburu 1050","3228","30-70829865-0","","Si","No"
"Villegas Del Plata","Farmacia","Entre Rios","Chajari","","Av. 9 De Julio 2191, E3228aiq Chajarí, Entre Ríos","3228","33-71659286-9","","No","No"
"Centenario","Farmacia","Entre Rios","Colon","","12 DE ABRIL 150","3280","20-17020706-9","","No","No"
"Centenario Ii","Farmacia","Entre Rios","Colon","","San Martin 552","3280","27-17121343-1","","No","No"
"Farmacia Centenario","Farmacia","Entre Rios","Colon","","12 DE ABRIL 377","3280","30-71621940-9","","No","No"
"Francia Ii","Farmacia","Entre Rios","Colon","","12 DE ABRIL 349","3280","33-67076587-9","","Si","No"
"La Estacion","Farmacia","Entre Rios","Colon","","San Martin 1315","3280","30-71718321-1","","No","No"
"Despertar Del Obrero","Farmacia","Entre Rios","Concepcion Del Uruguay","","J. J. Bruero 2928","3260","33-71659286-9","","Si","Si"
"Farmacia Alberdi","Farmacia","Entre Rios","Concepcion Del Uruguay","","ALBERDI 758","3264","20-21696523-0","","No","No"
"Gardenia","Farmacia","Entre Rios","Concepcion Del Uruguay","","Sarmiento 651, Concepción Del Uruguay, Entre Ríos, Argentina","3260","20-05817093-4","","No","No"
"Moderna","Farmacia","Entre Rios","Concepcion Del Uruguay","","Chacabuco 1,","3260","20-25025724-5","","No","No"
"Villegas Del Pueblo","Farmacia","Entre Rios","Concepcion Del Uruguay","","Rocamora 542","3260","30-67079760-7","","No","No"
"Villegas Viva","Farmacia","Entre Rios","Concepcion Del Uruguay","","Dr. Isaac Stilman 232","3260","27-25360624-5","","No","No"
"Del Parque (Farmacia Del Parque)","Farmacia","Entre Rios","Concordia","","A. DEL VALLE 40","3200","27-14307405-1","","No","No"
"Farmacia Andina","Farmacia","Entre Rios","Concordia","","San Lorenzo Este 440,","3202","27-32751737-1","","Si","No"
"Farmacia Concordia","Farmacia","Entre Rios","Concordia","","San Martín 102","3202","30-70886235-1","","No","No"
"Farmacia Cruz Azul","Farmacia","Entre Rios","Concordia","","Entre Rios 499","3202","30-70886235-1","","No","No"
"Farmacia Del Hípico","Farmacia","Entre Rios","Concordia","","Eva Perón 1815","3200","30-70886235-1","","No","No"
"Farmacia La Estrella","Farmacia","Entre Rios","Concordia","","Entre Ríos 651, Concordia, Entre Ríos, Argentina","3200","30-70886235-1","","No","No"
"Farmacia San Roque","Farmacia","Entre Rios","Concordia","","San Martin 446","3200","30-68876735-7","","No","No"
"Farmacia Velez Sarsfield","Farmacia","Entre Rios","Concordia","","VELEZ SARFIELD 248","3200","23-05487141-4","","No","No"
"Farmacia Y Perfumeria Mayo","Farmacia","Entre Rios","Concordia","","Urquiza 672","3200","27-04230629-6","","Si","No"
"Farmafull 1","Farmacia","Entre Rios","Concordia","","San Juan 1399","3200","30-71231686-8","","No","No"
"Farmafull 2 ","Farmacia","Entre Rios","Concordia","","Carlos Pellegrini 879, E3202 Concordia, Entre Ríos","3202","30-71231686-8","","No","No"
"Farmafull 3","Farmacia","Entre Rios","Concordia","","Av. Monseñor Ricardo Rösch 4798","","30-71440234-6","","No","No"
"Farmafull 4","Farmacia","Entre Rios","Concordia","","Entre Ríos 802","3202","30-71440234-6","","No","No"
"Farmafull 5","Farmacia","Entre Rios","Concordia","","Pres. Arturo Illia 491","3202","30-71646401-2","","No","No"
"San Mateo","Farmacia","Entre Rios","Concordia","","calle 25 de mayo 1006 Concordia Entre Rios","3202","27-16272154-8","","Si","No"
"Farmacia Bellafarma","Farmacia","Entre Rios","Crespo","","BUENOS AIRES 126","3116","20-21394942-0","","No","No"
"Farmacias Sarmiento","Farmacia","Entre Rios","Crespo","","SAN MARTIN 1138","3116","27-17554255-3","","No","No"
"San Luis","Farmacia","Entre Rios","Crespo","","25 De Mayo 539","3116","30-69047820-6","","No","No"
"Villegas Sarmiento Dos","Farmacia","Entre Rios","Crespo","","25 De Mayo 1017","3116","30-71735270-6","","No","No"
"Farmacia Cardoso","Farmacia","Entre Rios","Diamante","","Eva peron y Mitre","3105","27-25287530-7","","No","No"
"Farmacia Gieco","Farmacia","Entre Rios","Diamante","","DASSO 399","3105","20-20750209-0","","No","No"
"Farmacia San Francisco 2","Farmacia","Entre Rios","Diamante","","Moreno 383","3105","27-20776585-1","","Si","No"
"Moya","Farmacia","Entre Rios","Diamante","","9 De Julio 401","3105","27-24613683-7","","No","No"
"Villegas Nueva Diamante","Farmacia","Entre Rios","Diamante","","Belgrano 510","3105","27-22436520-4","","No","No"
"Becker","Farmacia","Entre Rios","General Racedo","","Esquina Gdor. Maya, J.j. Urquiz","3114","23-36478553-4","","No","No"
"Farmacia Genesis","Farmacia","Entre Rios","General Ramirez","","FONSECA 30","3164","30-70865133-4","","No","No"
"Farmacia Ramirez","Farmacia","Entre Rios","General Ramirez","","Presidente Peron 301","3164","30-60091574-2","","Si","No"
"Farmacia Ramirez","Farmacia","Entre Rios","General Ramirez","","Presidente Arturo Illia 69","3164","30-57068602-6","","No","No"
"Alem","Farmacia","Entre Rios","Gualeguay","","Leandro N. Alem N° 666","2840","30-71824336-6","","No","No"
"Farmacia Central ","Farmacia","Entre Rios","Gualeguay","","Rivadavia 150","2840","27-13581668-5","","Si","No"
"Farmacia Gualeguay","Farmacia","Entre Rios","Gualeguay","","25 DE MAYO 538","2840","33-56724392-9","","No","No"
"Farmacia La Estacion Ii","Farmacia","Entre Rios","Gualeguay","","Monte Caseros 251","2840","27-22339565-7","","Si","No"
"Farmacia Legna","Farmacia","Entre Rios","Gualeguay","","SAN ANTONIO NORTE 129","2840","27-14792604-4","","No","No"
"Farmacia Recalde","Farmacia","Entre Rios","Gualeguay","","Martín Fierro 317, Gualeguay, Entre Ríos, Argentina","2840","27-38571382-2","","No","No"
"Farmacia Recalde Ii","Farmacia","Entre Rios","Gualeguay","","Boulevard San Juan 950","2840","27-37544207-3","","No","No"
"Farmacia Sabin","Farmacia","Entre Rios","Gualeguay","","URQUIZA 1201","2820","27-11550443-1","","No","No"
"Farmacia Sanz","Farmacia","Entre Rios","Gualeguay","","San Antonio Norte 50","2840","33-71156972-9","","No","No"
"Farmacia Trabichet","Farmacia","Entre Rios","Gualeguay","","Leandro N. Alem 243","2840","23-32545853-4","","Si","Si"
"San Roque","Farmacia","Entre Rios","Gualeguay","","San Antonio 101","2840","27-10706830-4","","No","No"
"Asociacion Mutual De Bancarios Concepcion Del Uruguay (Farmacia Mutual Bancaria Ii)","Farmacia","Entre Rios","Gualeguaychu","","LUIS N PALMA 848","2820","30-64153609-8","","No","No"
"Farmacia La Estacion","Farmacia","Entre Rios","Gualeguaychu","","Belgrano 561","2820","20-20750209-0","","No","No"
"Farmacia La Floral","Farmacia","Entre Rios","Gualeguaychu","","PRIMERA JUNTA 519","2820","30-71468068-0","","No","No"
"Farmacia Mec","Farmacia","Entre Rios","Gualeguaychu","","Urquiza 947,","2820","30-70984310-5","","No","No"
"Farmacia San Benito","Farmacia","Entre Rios","Gualeguaychu","","Doello Jurado 950","2820","27-25937410-9","","No","No"
"Farmacia San Nicolas - Gualeguaychu","Farmacia","Entre Rios","Gualeguaychu","","Chalup 346, esquina 3 de caballeria","2822","27-27723752-6","","No","No"
"Farmacity 99-Gualeguaychu","Farmacia","Entre Rios","Gualeguaychu","","25 DE MAYO 882","2820","30-69213874-7","","No","No"
"Mutual Amur (gualeguaychu )","Farmacia","Entre Rios","Gualeguaychu","","URQUIZA 865","2820","30-56751013-8","","No","No"
"Farmacia San Nicolas","Farmacia","Entre Rios","Gualeguaychu","","Av. del Valle 638","2820","27-27836265-0","","No","No"
"Villegas Perifarma","Farmacia","Entre Rios","Gualeguaychu","","Gral. Artigas 2112","","30-71762915-5","","No","No"
"Farmacia Castellani","Farmacia","Entre Rios","Hasenkamp","","Urquiza 298","3134","27-32256945-4","","No","No"
"Farmacia Regional","Farmacia","Entre Rios","Hernandarias","","Hipolito Yrigoyen 499","3127","30-70808140-6","","No","No"
"Del Pueblo I ","Farmacia","Entre Rios","La Paz","","Saenz Peña 1212","3190","27-20798318-2","","No","No"
"Sagrada Familia","Farmacia","Entre Rios","La Paz","","Echagüe 1410, E3190 La Paz, Entre Ríos","3190","27-20181752-3","","Si","No"
"Tedesco","Farmacia","Entre Rios","La Paz","","San Martin 1101","3190","23-30123847-9","","No","No"
"Villegas Garcia","Farmacia","Entre Rios","La Paz","","España 798","3190","27-11513226-7","","No","No"
"La Picada","Farmacia","Entre Rios","La Picada","","Ramirez Y Urquiza","3118","30-71605190-7","","No","No"
"Farmacia Libertador","Farmacia","Entre Rios","Libertador San Martin","","25 de Mayo 302","3103","20-92345024-7","","No","No"
"Farmacia Mernes","Farmacia","Entre Rios","Lucas Gonzalez","","Esquina Rivadavia y Ramirez","3158","27-16350490-7","","No","No"
"Farmacia Del Centro","Farmacia","Entre Rios","Nogoya","","Caseros 1043, E3150 Nogoyá, Entre Ríos, Argentina","3150","30-70890073-3","","Si","Si"
"Farmacia Oro Verde","Farmacia","Entre Rios","Oro Verde","","Intendente del Castillo 437 ","3100","23-25236751-9","","No","No"
"Blas Parera","Farmacia","Entre Rios","Parada Pucheta","","Blas Parera 2440","3100","20-27044491-2","","No","No"
"La Española","Farmacia","Entre Rios","Parana","","Gral. Manuel Belgrano 237","3100","30-54600676-6","","Si","No"
"Alasino Daiana Soledad (Farmacia Libertad)","Farmacia","Entre Rios","Parana","","Perú 295, Paraná, Entre Ríos, Argentina","3100","27-30059244-4","","No","No"
"Cura Alvarez F5","Farmacia","Entre Rios","Parana","","Av. Almafuerte 26, E3102sln Paraná, Entre Ríos, Argentina","3102","30-71704699-0","","Si","No"
"Cura Alvarez Plus","Farmacia","Entre Rios","Parana","","Italia 498","3100","30-71704699-0","","Si","Si"
"Cura Alvarez Spot","Farmacia","Entre Rios","Parana","","Tucumán 96","3100","30-71814226-8","","No","No"
"Dabin Mabel Maria Del Carmen","Farmacia","Entre Rios","Parana","","Monte Caseros 299","3100","27-29945132-7","","No","No"
"Farmacia Artigas","Farmacia","Entre Rios","Parana","","Artigas 1590","3100","30-71504998-4","","No","No"
"Farmacia Burone","Farmacia","Entre Rios","Parana","","Alem 320","3100","20-08287873-5","","No","No"
"Farmacia Centurion","Farmacia","Entre Rios","Parana","","Av. Ramirez 3352","3100","27-35706118-6","","Si","Si"
"Farmacia Corrales","Farmacia","Entre Rios","Parana","","Av. Almafuerte 1370","3100","30-71620242-5","","Si","Si"
"Farmacia Cortes ","Farmacia","Entre Rios","Parana","","Gral. Galan 1442, Paraná, Entre Ríos, Argentina","3104","20-21595493-6","","No","No"
"Farmacia Cura Alvarez","Farmacia","Entre Rios","Parana","","ENRIQUE CARBO 702","3100","30-71624544-2","","No","No"
"Farmacia Del Pueblo","Farmacia","Entre Rios","Parana","","Av. Ejercito 1450","3100","30-71504998-4","","No","No"
"Farmacia Entre Rios","Farmacia","Entre Rios","Parana","","Gral. Justo José De Urquiza 301","3100","30-71753807-9","","No","No"
"Farmacia Fleming","Farmacia","Entre Rios","Parana","","Juan Baez 195","3100","23-31573668-4","","No","No"
"Farmacia La Estrella","Farmacia","Entre Rios","Parana","","Italia 106","3100","30-70953230-4","","No","No"
"Farmacia Mater","Farmacia","Entre Rios","Parana","","Alem Leandro N 947 - Parana - Entre Ríos (CP 3100)","3100","20-05939638-3","","Si","No"
"Farmacia Mater Ii","Farmacia","Entre Rios","Parana","","SANTOS DOMINGUEZ 678","3106","20-21912189-0","","Si","No"
"Farmacia Moderna Parana","Farmacia","Entre Rios","Parana","","General San Martín 1101, Paraná, Entre Ríos, Argentina","E3100AAW","30-71000483-4","","No","No"
"Farmacia Paracao","Farmacia","Entre Rios","Parana","","AVENIDA DE LAS AMERICAS 3001","3104","33-71058220-9","","Si","Si"
"Farmacia Parana","Farmacia","Entre Rios","Parana","","Gualeguaychú 655, Paraná, Entre Ríos, Argentina","3100","30-71624544-2","","Si","No"
"Farmacia Ramirez","Farmacia","Entre Rios","Parana","","Av. Francisco Ramírez 996","3100","30-71697886-5","","No","No"
"Farmacia Sindicato Luz Y Fuerza Entre Rios (Suc Corrientes)","Farmacia","Entre Rios","Parana","","Corrientes 667, Paraná, Entre Ríos, Argentina","3100","30-54575817-9","","No","No"
"Farmacia Sindicato Luz Y Fuerza Entre Rios (Suc Crespo)","Farmacia","Entre Rios","Parana","","Gobernador Manuel Crespo 1350, Paraná, Entre Ríos, Argentina","3106","30-54575817-9","","No","No"
"Farmacia Social Bancaria","Farmacia","Entre Rios","Parana","","ESPAÑA 69","3100","33-50000999-9","","No","No"
"Farmacia Thompson","Farmacia","Entre Rios","Parana","","VICTORIA 700","3100","27-18243125-2","","Si","No"
"Farmacia Unidas","Farmacia","Entre Rios","Parana","","Provincias Unidas 589","3100","30-71638091-9","","Si","Si"
"Farmacity 100-Parana","Farmacia","Entre Rios","Parana","","SAN MARTIN 1125","3100","30-69213874-7","","No","No"
"Farmalife Catedral I Parana","Farmacia","Entre Rios","Parana","","ESPAÑA 101","3100","30-71492829-1","","No","No"
"Farmalife Catedral Ii - Parana","Farmacia","Entre Rios","Parana","","General San Martín 1140, Paraná, Entre Ríos, Argentina","3100","30-64767550-2","","No","No"
"Farmalife Catedral Iii Parana","Farmacia","Entre Rios","Parana","","Corrientes 101, Paraná, Entre Ríos, Argentina","3100","30-64767550-2","","No","No"
"Fleming Ii","Farmacia","Entre Rios","Parana","","Juan Báez 897","3100","20-28203102-8","","No","No"
"Italia 2","Farmacia","Entre Rios","Parana","","Miguel David 382 L4, E3100 Paraná, Entre Ríos, Argentina","3100","30-71842060-8","","No","No"
"La Union ","Farmacia","Entre Rios","Parana","","Av. Pedreo Zanni 2775","3100","30-71722699-9","","No","No"
"Magna","Farmacia","Entre Rios","Parana","","SANTIAGO DEL ESTERO 302","3100","30-71572432-0","","Si","No"
"Mutual Amur (parana) ","Farmacia","Entre Rios","Parana","","Cervantes 99, Paraná, Entre Ríos, Argentina","3100","30-56751013-8","","No","No"
"Mutual Amur (parana 5 Esquinas)","Farmacia","Entre Rios","Parana","","FRANCISCO RAMIREZ AVDA. 2551","3100","30-56751013-8","","No","No"
"Sindicato Luz Y Fuerza","Farmacia","Entre Rios","Parana","","BELGRANO 166","3100","30-54575817-9","","Si","No"
"Tribunales","Farmacia","Entre Rios","Parana","","Sta. Fe 233, E3100 Paraná, Entre Ríos","3100","30-70906862-4","","Si","Si"
"Victoria","Farmacia","Entre Rios","Parana","","25 De Mayo 150","3153","30-51696843-1","","No","No"
"Villegas - Villegas Ii ","Farmacia","Entre Rios","Parana","","Blas Parera 785","3100","30-71087303-4","","No","No"
"Villegas 25 De Mayo","Farmacia","Entre Rios","Parana","","25 De Mayo 454","3100","30-71793984-7","","No","No"
"Villegas Alameda","Farmacia","Entre Rios","Parana","","Alameda De La Federación 166","3100","33-71685421-9","","No","No"
"Villegas America","Farmacia","Entre Rios","Parana","","Av. De Las Américas 1693","3100","30-71574078-4","","No","No"
"Villegas Baxada","Farmacia","Entre Rios","Parana","","Gral. Alvarado 2295","3100","30-71187438-8","","No","No"
"Villegas Central","Farmacia","Entre Rios","Parana","","Ernesto Bavio 1","3100","30-71697886-5","","No","No"
"Villegas Del Puerto","Farmacia","Entre Rios","Parana","","Av. Laurencena 116","3100","33-71685421-9","","No","No"
"Villegas Estacion","Farmacia","Entre Rios","Parana","","Av. Francisco Ramírez 2270","3102","30-71766939-4","","Si","No"
"Villegas I","Farmacia","Entre Rios","Parana","","Av. Don Bosco 1505","3100","30-71087303-4","","No","No"
"Villegas Iii","Farmacia","Entre Rios","Parana","","Avenida Pedro Zanni 1516","3100","30-71078771-5","","No","No"
"Villegas Paracao","Farmacia","Entre Rios","Parana","","Av. De Las Américas 3739","3100","30-71730381-0","","No","No"
"Villegas Patria","Farmacia","Entre Rios","Parana","","Buenos Aires 202","3100","20-24739041-4","","No","No"
"Villegas Rivadavia","Farmacia","Entre Rios","Parana","","Alameda de la Federación 399","3100","30-71662218-1","","No","No"
"Villegas Salta","Farmacia","Entre Rios","Parana","","Salta 544","3100","30-71574078-5","","No","No"
"Villegas V","Farmacia","Entre Rios","Parana","","Almte Guillermo Brown 552","3100","30-71078771-5","","No","No"
"Villegas Vi","Farmacia","Entre Rios","Parana","","Av Zanni, Av. Jorge Newbery","3100","30-71187438-7","","No","No"
"Farmacia Santa Lucia","Farmacia","Entre Rios","Rosario Del Tala","","Panizza 7","3174","20-21684143-4","","No","No"
"Farmacia Urquiza","Farmacia","Entre Rios","Rosario Del Tala","","Justo José de Urquiza 450","3174","27-16328248-3","","Si","No"
"Farmacia Heft","Farmacia","Entre Rios","San Benito","","Av. Friuli 1303, E3107 San Benito, Entre Ríos, Argentina","3107","27-23013015-4","","Si","No"
"De Leon","Farmacia","Entre Rios","San Salvador","","Av. Sarmiento 169","3218","27-35181357-7","","No","No"
"Villegas Las Avenidas","Farmacia","Entre Rios","San Salvador","","Av. Malarín, Av. Sarmiento &, San Salvador,","3218","27-37566701-6","","No","No"
"San Salvador","Farmacia","Entre Rios","San Salvador ","","Hipólito Yrigoyen 201, E3218 San Salvador, Entre Ríos","3218","20-12036459-7","","No","No"
"Farmacia Preisz","Farmacia","Entre Rios","Urdinarrain","","Av. Libertad 741","2826","27-16327997-0","","No","No"
"La Farma","Farmacia","Entre Rios","Valle Maria","","Almte. Brown 252, E2854 Villa Larroque, Entre Ríos","2854","30-71696318-3","","No","No"
"Farmacia Sesevi Salud","Farmacia","Entre Rios","Viale","","3 de Febrero 815","3109","20-11675095-4","","Si","No"
"Del Centro","Farmacia","Entre Rios","Victoria","","Maipu y Pte. Perón","3153","30-71563180-2","","No","No"
"Farmacia  Piaggio","Farmacia","Entre Rios","Victoria","","PIAGGIO 798","3153","27-23759728-7","","No","No"
"Farmacia Buzzi","Farmacia","Entre Rios","Victoria","","Pte Peron 150","3153","27-17167145-6","","No","No"
"Farmacia De La Ciudad","Farmacia","Entre Rios","Victoria","","25 de Mayo 322","3153","27-25405655-9","","No","No"
"Farmacia Del Aguila","Farmacia","Entre Rios","Victoria","","España 51 e Italia","3153","20-12990640-6","","No","No"
"Farmacia Del Boulevard","Farmacia","Entre Rios","Victoria","","Boulevard Eva Peron 649,","3153","27-23759728-7","","No","No"
"Farmacia Social Bancaria","Farmacia","Entre Rios","Victoria","","Av. Congreso y Angel Balbi","3153","30-70796845-8","","No","No"
"Oviedo","Farmacia","Entre Rios","Victoria","","Hipólito Yrigoyen & Maipú","3153","27-13586830-8","","Si","Si"
"Bouvet","Farmacia","Entre Rios","Villa Elisa","","Estrada 1099, Villa Elisa, Entre Ríos, Argentina","3265","30-70746216-3","","No","No"
"Centenario Iii","Farmacia","Entre Rios","Villa Elisa","","ESTRADA 1644","3265","30-71597925-6","","Si","No"
"Farmacia Caceres","Farmacia","Entre Rios","Villa Elisa","","Av. Urquiza 2397","3265","27-24202281-0","","No","No"
"Farmacia Mudry","Farmacia","Entre Rios","Villa Elisa","","URQUIZA 1760","3265","27-17238182-6","","No","No"
"San Jose","Farmacia","Entre Rios","Villa San Justo","","9 De Julio 244","3262","27-37254483-5","","Si","No"
"Bidegorry Martin","Farmacia","Entre Rios","Villaguay","","Balcarce 980","3240","20-35443231-6","","No","No"
"Farmacia Bidegorry","Farmacia","Entre Rios","Villaguay","","LEOPOLDO HERRERA AVDA. 1095","3240","20-12742826-4","","No","No"
"Farmacia Formosa Scs (Farmalife Formosa Ii)","Farmacia","Formosa","Formosa","","MITRE 596","3600","30-67140477-3","","No","No"
"Farmacia Pringles","Farmacia","Formosa","Formosa","","Rivadavia 499","3600","30-71514568-1","","No","No"
"Farmacia Sindical Bancaria De Formosa","Farmacia","Formosa","Formosa","","Belgrano 498","3600","30-65898392-6","","No","No"
"Farmacity 128-Formosa 1 - Moreno  ","Farmacia","Formosa","Formosa","","MORENO 806","3600","30-69213874-7","","No","No"
"Farmalife San Luis I","Farmacia","Formosa","Formosa","","MORENO 602","3600","30-64098656-1","","No","No"
"Farmacia San Francisco 5","Farmacia","Jujuy","Jujuy","","Av. Almte. Brown 1098, Y4600 San Salvador De Jujuy, Jujuy, Argentina","4600","30-71596669-3","","Si","Si"
"Belgrano De Facor Srl","Farmacia","Jujuy","San Salvador De Jujuy","","BELGRANO 1002","4600","30-64767550-2","","No","No"
"Botica Hiper","Farmacia","Jujuy","San Salvador De Jujuy","","Rocha Solorzano 950","4600","30-71662308-0","","No","No"
"Calderon","Farmacia","Jujuy","San Salvador De Jujuy","","Patricias Argentinas 600","6600","20-22420763-9","","Si","Si"
"El Inca","Farmacia","Jujuy","San Salvador De Jujuy","","Gral. Alvear 1198","4600","30-68734820-2","","Si","No"
"Farmacia Del Barrio","Farmacia","Jujuy","San Salvador De Jujuy","","Av. Dr. Illia 426 local 1","4600","30-71700744-8","","Si","No"
"Farmacia Norte","Farmacia","Jujuy","San Salvador De Jujuy","","GÜEMES 1300","4600","20-21665866-4","","Si","No"
"Farmacia San Francisco 1","Farmacia","Jujuy","San Salvador De Jujuy","","Belgrano 702","4600","30-71596669-3","","No","No"
"Farmacia San Francisco 2","Farmacia","Jujuy","San Salvador De Jujuy","","Lavalle 10","4600","30-71596669-3","","No","No"
"Farmacia San Martin Scs","Farmacia","Jujuy","San Salvador De Jujuy","","SAN MARTIN 244","4600","30-70894633-4","","Si","No"
"Farmacia Siufi","Farmacia","Jujuy","San Salvador De Jujuy","","ALVEAR 1058","4600","30-71197475-6","","No","No"
"Farmacity 141-Jujuy 1 - Necochea","Farmacia","Jujuy","San Salvador De Jujuy","","NECOCHEA 426 PB","4600","30-69213874-7","","No","No"
"Farmacity 159-Jujuy 2 - Irigoyen","Farmacia","Jujuy","San Salvador De Jujuy","","HIPOLITO IRIGOYEN AVDA. 1116","4600","30-69213874-7","","No","No"
"Farmacity 250 – Juj Belgrano ","Farmacia","Jujuy","San Salvador De Jujuy","","BELGRANO 523","4600","30-69213874-7","","No","No"
"Farmacity 339","Farmacia","Jujuy","San Salvador De Jujuy","","Gral. Alvear 970","4600","30-69213874-7","","No","No"
"Lopez Pierre","Farmacia","Jujuy","San Salvador De Jujuy","","San Salvador De Jujuy Jujuy Ar, Gral. Alvear 927,","4600","30-71586668-0","","Si","Si"
"San Francisco 3","Farmacia","Jujuy","San Salvador De Jujuy","","Las Vicuñas 98","4600","30-71596669-3","","No","No"
"Farmacia San Francisco 2","Farmacia","La Pampa","Eduardo Castex","","Raul B Diaz 1004","6380","30-71248369-1","","No","No"
"Latinoamericana","Farmacia","La Pampa","Eduardo Castex","","9 De Julio Y, L6380 Eduardo Castex, La Pampa","6380","20-13441899-1","","Si","Si"
"Silva Ii","Farmacia","La Pampa","General Acha","","Balcarce 289, L8200 Gral. Acha, La Pampa","8200","27-21789977-5","","Si","No"
"Farmacia Magistral","Farmacia","La Pampa","General Pico","","C. 9 141, L6360 Gral. Pico, La Pampa, Argentina","6360","30-71488101-5","","No","No"
"Farmacia Pampa","Farmacia","La Pampa","General Pico","","CALLE 10 N 436","6360","23-17957669-4","","No","No"
"Farmacia San Agustin","Farmacia","La Pampa","General Pico","","Av. San Martin 1787","6360","27-36812291-8","","No","No"
"Farmacia San Martin","Farmacia","La Pampa","General Pico","","Av. San Martín 345, L6360 Gral. Pico, La Pampa, Argentina","6360","30-71488101-5","","No","No"
"Farmacity 366 - La Pampa Iii General Pico","Farmacia","La Pampa","General Pico","","Av. San Martín 659","3218","30-69213874-7","","No","No"
"Frontini","Farmacia","La Pampa","General Pico","","CALLE 1 936","6360","20-21704431-7","","Si","Si"
"Cruz Pampa","Farmacia","La Pampa","Intendente Alvear","","GRAL J J DE URQUIZA 1001","6221","30-71297050-9","","No","No"
"Farmacia Avenida","Farmacia","La Pampa","Intendente Alvear","","AVENIDA SARMIENTO 1017","6221","30-71133786-1","","No","No"
"Mg Farma","Farmacia","La Pampa","Intendente Alvear","","MANUEL BELGRANO 548","6221","27-23168631-8","","No","No"
"Demaria","Farmacia","La Pampa","Santa Rosa","","AVENIDA GRAL M BELGRANO 672 ","6300","20-39053482-6","","Si","Si"
"Farmacia Cazaux","Farmacia","La Pampa","Santa Rosa","","Garibaldi 489, L6300dyk Santa Rosa, La Pampa, Argentina","6300","30-71098856-7","","No","No"
"Farmacia Libertad ","Farmacia","La Pampa","Santa Rosa","","UNANUE 514","2400","30-61255742-6","","No","No"
"Farmacia Palasciano ","Farmacia","La Pampa","Santa Rosa","","HIPOLITO YRIGOYEN 398","6300","30-58266593-8","","No","No"
"Farmacia San Damian","Farmacia","La Pampa","Santa Rosa","","AV. SPINETTO 574","6300","27-14664434-7","","Si","No"
"Farmacity 281 – La Pampa ","Farmacia","La Pampa","Santa Rosa","","AVELLANEDA Nº 236","6300","30-69213874-7","","No","No"
"Farmacity 303– La Pampa ","Farmacia","La Pampa","Santa Rosa","","SAN MARTIN AVDA.31","6300","30-69213874-7","","No","No"
"Gaman","Farmacia","La Pampa","Santa Rosa","","EMILIO ZOLA 382","6300","27-35240196-5","","No","No"
"Mutual Federada (santa Rosa)","Farmacia","La Pampa","Santa Rosa","","MORENO 364","6300","30-54159260-8","","No","No"
"Pampa","Farmacia","La Pampa","Santa Rosa","","ESPAÑA 490","6300","30-61477461-0","","No","No"
"Pasco","Farmacia","La Pampa","Santa Rosa","","Hipólito Yrigoyen 123","6300","20-20240689-1","","Si","Si"
"Pasco Alvear","Farmacia","La Pampa","Santa Rosa","","Marcelo T. De Alvear 146","6300","20-20240689-1","","No","No"
"Santa Cecilia","Farmacia","La Pampa","Santa Rosa","","AVENIDA SPINETTO 897","6300","27-24276052-8","","No","No"
"Weigel","Farmacia","La Pampa","Santa Rosa","","A. Cavero 306","6300","20-31000197-0","","No","No"
"Farmacia Catedral Iii (Farmar)","Farmacia","La Rioja","La Rioja","","AV.PERON 1066  esq. ROSARIO VERA PAÑALOSA","5300","30-64767550-2","","No","No"
"Farmacia El Portal","Farmacia","La Rioja","La Rioja","","San Nicolas de Bari (este) 364","5300","23-17123292-9","","No","No"
"Farmacity 149-La Rioja 1 - Peron","Farmacia","La Rioja","La Rioja","","JUAN DOMINGO PERON AVDA. 1002","5300","30-69213874-7","","No","No"
"Farmacity 154-La Rioja 2 - Rivadavia","Farmacia","La Rioja","La Rioja","","RIVADAVIA 364","5300","30-69213874-7","","No","No"
"Panamericana","Farmacia","La Rioja","La Rioja","","Valparaiso, F5305 La Rioja","5305","27-26335596-8","","No","No"
"Farmacia Tres De Mayo ","Farmacia","Mendoza","3 De Mayo","3 De Mayo","M5560 Col. 3 De Mayo, Mendoza, Argentina","5560","20-31845420-6","","Si","No"
"Sandobal Manuel Orlando","Farmacia","Mendoza","Bowen","Bowen","Sarmiento 402","5634","27-14175023-8","","Si","No"
"Farmacia Farmavid","Farmacia","Mendoza","Carrodilla","Carrodilla","SAN MARTIN 6279","5502","30-71170332-9","","No","No"
"Farmacia Santa Ana Iv","Farmacia","Mendoza","Carrodilla","Carrodilla","San Martin 7980","5507","30-70864336-6","","Si","No"
"Farmacia Las Candelas","Farmacia","Mendoza","Chacras De Coria","Chacras De Coria","Alte Brown 1118 local 1","1484","20-22089119-5","","No","No"
"Farmacia Viamonte","Farmacia","Mendoza","Chacras De Coria","Chacras De Coria","VIAMONTE 4737","5505","30-70313897-3","","No","No"
"Farmavita","Farmacia","Mendoza","Chacras De Coria","Chacras De Coria","Viamonte 3475, M5505 Chacras De Coria, Mendoza","5505","30-71731974-1","","No","No"
"Vacunatorio Cippi","Vacunatorio","Mendoza","Chacras De Coria","Chacras De Coria","Italia 5879 - Local 21","5505","33-53939128-9","","Si","No"
"Santa Rita","Farmacia","Mendoza","Colonia Alvear","Colonia Alvear","Urquiza 303, Colonia Alvear Oeste","","23-14205698-4","","No","No"
"Las Rosas","Farmacia","Mendoza","Colonia Las Rosas","Colonia Las Rosas","Rp92, Col. Las Rosas, Mendoza","5565","20-12778457-5","","No","No"
"Farmacia Arena","Farmacia","Mendoza","Colonia Segovia","Colonia Segovia","Almirante Brown 8430","5525","23-28700385-4","","No","No"
"Del Puente La Barraca","Farmacia","Mendoza","Dorrego","Dorrego","LAS CAÑAS 1833 ","5521","30-51876937-1","","No","No"
"Vacunatorio Cippi","Vacunatorio","Mendoza","Dorrego","Dorrego","Las Cañas 1833","5519","33-53939128-9","","Si","No"
"Farmacia Alvear","Farmacia","Mendoza","General Alvear","General Alvear","Avenida Alvear Oeste 89","5620","20-02261953-6","","Si","Si"
"Farmacia Gili","Farmacia","Mendoza","General Alvear","General Alvear","Diagonal Carlos Pellegrini 402","5620","30-70848780-1","","Si","No"
"Farmacia San Julian","Farmacia","Mendoza","General Alvear","General Alvear","Av. Alvear 391","5620","30-53725527-3","","Si","Si"
"Farmacia San Ramon","Farmacia","Mendoza","General Alvear","General Alvear","Av. Libertador Sur 225","5620","20-12910798-8","","No","No"
"Farmacia Del Carril","Farmacia","Mendoza","General Gutierrez","General Gutierrez","Ozamis 1499","5515","30-70994221-9","","No","No"
"Farmacia Mesura Gutierrez","Farmacia","Mendoza","General Gutierrez","General Gutierrez","Maza 2849","5511","30-71510575-2","","No","No"
"Argentina","Farmacia","Mendoza","General San Martin","General San Martin","25 De Mayo & Gutiérrez","5570","30-53863737-4","","No","No"
"Farmacia Nueva Lima ","Farmacia","Mendoza","General San Martin","General San Martin","Av. Lima 21","5570","33-71492136-9","","No","No"
"Farmacia Plaza","Farmacia","Mendoza","General San Martin","General San Martin","9 de Julio 327","5570","20-18061881-4","","Si","Si"
"Biosalud","Farmacia","Mendoza","Godoy Cruz","Godoy Cruz","Paseo Stare, Local 37, Puente Olive","5501","30-71727230-3","","No","No"
"Chester- Servicios Lepar Srl (Farmacia Nazca)","Farmacia","Mendoza","Godoy Cruz","Godoy Cruz","San Martín 1901, Godoy Cruz, Mendoza, Argentina","5501","30-71088040-5","","No","No"
"Chester-Jumbo","Farmacia","Mendoza","Godoy Cruz","Godoy Cruz","Balcarce 897, Godoy Cruz, Mendoza, Argentina","5501","30-56341816-4","","No","No"
"Chester-Plaza Godoy Cruz","Farmacia","Mendoza","Godoy Cruz","Godoy Cruz","Rivadavia 601, Godoy Cruz, Mendoza, Argentina","5501","30-56341816-4","","No","No"
"Chester-Plazoleta","Farmacia","Mendoza","Godoy Cruz","Godoy Cruz","Avenida San Martín 2066, Godoy Cruz, Mendoza, Argentina","5501","30-56341816-4","","Si","No"
"Chester-Servicio Lepar Srl (Farmacia Nazca De La Plaza)","Farmacia","Mendoza","Godoy Cruz","Godoy Cruz","Colón 97, Godoy Cruz, Mendoza, Argentina","5501","30-71088040-5","","Si","No"
"Cruz Del Sur","Farmacia","Mendoza","Godoy Cruz","Godoy Cruz","Sarmiento 1765","5501","27-24467797-0","","No","No"
"Del Carmen","Farmacia","Mendoza","Godoy Cruz","Godoy Cruz","Colón 902, M5501 Godoy Cruz, Mendoza","5501","27-13747980-5","","No","No"
"Del Centro Express 10 (Hiper Libertad)","Farmacia","Mendoza","Godoy Cruz","Godoy Cruz","Av. San Martín 189, M5501 Godoy Cruz, Mendoza, Argentina","5501","30-71873616-8","","Si","No"
"Del Centro Godoy Cruz","Farmacia","Mendoza","Godoy Cruz","Godoy Cruz","Carola Lorenzini 238, M5504 Godoy Cruz, Mendoza","5501","20-13569414-3","","No","No"
"Del Plata Iv","Farmacia","Mendoza","Godoy Cruz","Godoy Cruz","Perito Moreno & Azopardo, Godoy Cruz, Provincia de Mendoza, Argentina","5500","20-17640157-6","","No","No"
"Del Plata-Libertad Godoy Cruz (Org Luz Azulsrl)","Farmacia","Mendoza","Godoy Cruz","Godoy Cruz","Joaquín V. González 450, Godoy Cruz, Provincia de Mendoza, Argentina","5504","30-71405693-6","","No","No"
"Del Puente Godoy Cruz","Farmacia","Mendoza","Godoy Cruz","Godoy Cruz","SAN MARTIN 900","5501","30-51876937-1","","No","No"
"Farmacia Chester Plus - Perito Moreno","Farmacia","Mendoza","Godoy Cruz","Godoy Cruz","Perito Moreno 1099","5501","30-71677808-4","","No","No"
"Farmacia Chester Plus Ii","Farmacia","Mendoza","Godoy Cruz","Godoy Cruz","San Martin Sur 2875 Local H1","5501","30-71677808-4","","No","No"
"Farmacia Horizonte","Farmacia","Mendoza","Godoy Cruz","Godoy Cruz","Sarmiento 2102","5501","20-08149456-9","","Si","No"
"Farmacia Italia","Farmacia","Mendoza","Godoy Cruz","Godoy Cruz","O'HIGGINS 1670","5501","30-71638377-2","","No","No"
"Farmacia Mesura Central","Farmacia","Mendoza","Godoy Cruz","Godoy Cruz","CHUQUISACA 1294","5501","30-69582022-0","","No","No"
"Farmacia Mori Godoy Cruz","Farmacia","Mendoza","Godoy Cruz","Godoy Cruz","Juan de Garay 30, Godoy Cruz, Provincia de Mendoza, Argentina","5501","30-70781576-7","","No","No"
"Farmacia Parque V","Farmacia","Mendoza","Godoy Cruz","Godoy Cruz","Sarmiento 1292","5501","20-25536406-6","","No","No"
"Farmacia Popular","Farmacia","Mendoza","Godoy Cruz","Godoy Cruz","San Martín 1641, Godoy Cruz, Mendoza","5500","20-12681124-2","","Si","No"
"Farmacia Rivadavia","Farmacia","Mendoza","Godoy Cruz","Godoy Cruz","Azopardo 272","5501","27-92448419-0","","No","No"
"Farmacia Roma ","Farmacia","Mendoza","Godoy Cruz","Godoy Cruz","PASO DE LOS ANDES 898","5501","30-50634651-3","","No","No"
"La Estanzuela","Farmacia","Mendoza","Godoy Cruz","Godoy Cruz","Casa 31 Barrio Dolores Prats De Huisi Manzana 26, M5501 Godoy Cruz","5501","33-70835285-9","","No","No"
"La Jirafa Ii (Del Plata)","Farmacia","Mendoza","Godoy Cruz","Godoy Cruz","Paso De Los Andes 1102","5501","30-71178726-3","","No","No"
"Mesura Gas","Farmacia","Mendoza","Godoy Cruz","Godoy Cruz","CAYETANO SILVA 1547","5501","20-18292191-3","","Si","No"
"Mesura Panamericana","Farmacia","Mendoza","Godoy Cruz","Godoy Cruz","San Martín 1815, BED, Mendoza, Argentina","5501","30-70741969-1","","No","No"
"Mesura San Ignacio","Farmacia","Mendoza","Godoy Cruz","Godoy Cruz","SAN MARTIN 698","5501","20-18292191-3","","No","No"
"Natal 4","Farmacia","Mendoza","Godoy Cruz","Godoy Cruz","CHAPANAY Y CAYETANO SILVA","5501","30-70891644-3","","No","No"
"Previvax Palmares","Farmacia","Mendoza","Godoy Cruz","Godoy Cruz","Palmares Open Mall, Palmares Open Mall Ruta Panamericana 2650, Panamericana 2650, M5501 Godoy Cruz,","5501","30-71441776-9","","Si","Si"
"Thomas","Farmacia","Mendoza","Godoy Cruz","Godoy Cruz"," Figueroa Alcorta 402, M5501 Godoy Cruz, Mendoza","5501","30-71688491-7","","No","No"
"Vacunatorio Inmune","Vacunatorio","Mendoza","Godoy Cruz","Luján de Cuyo","Santiago De Liniers 698","5501","30-71465614-3","","Si","No"
"Vacunatorio Proteger Mendoza","Vacunatorio","Mendoza","Godoy Cruz","Godoy Cruz","Erlich 56","5501","30-71449651-0","","Si","Si"
"Chester-Shoping","Farmacia","Mendoza","Guaymallen","Guaymallen","Av. de Acceso Este 3280, M5500 Mendoza","5521","30-56341816-4","","No","No"
"Del Plata-Lomas Blancas Srl (Farmacia Economas)","Farmacia","Mendoza","Guaymallen","Villa Nueva","Godoy Cruz 3755, Villa Nueva, Provincia de Mendoza, Argentina","5521","30-71040259-7","","No","No"
"Farmacia Cadore","Farmacia","Mendoza","Guaymallen","Guaymallen","DR. EMILIO CONI 4090","5521","20-13035648-7","","No","No"
"Farmacia Corradi","Farmacia","Mendoza","Guaymallen","Guaymallen","Olavarria 98 Bº la Floresta","5521","27-14858311-6","","Si","Si"
"Farmacia Florida","Farmacia","Mendoza","Guaymallen","Guaymallen","GODOY CRUZ 6115","5519","30-69578494-1","","No","No"
"Farmacia Mori Cortaderas","Farmacia","Mendoza","Guaymallen","Guaymallen","Paseo Las Cortaderas Km 11","5521","30-71641840-1","","No","No"
"Farmacia San Luis","Farmacia","Mendoza","Guaymallen","Guaymallen","Mathus Hoyos 1654","5521","20-16555987-9","","No","No"
"Farmacia Santa Sofia","Farmacia","Mendoza","Guaymallen","Guaymallen","Bra de los Andes 7060 KM11","5525","27-23095878-0","","No","No"
"Natal 5","Farmacia","Mendoza","Guaymallen","Guaymallen","ADOLFO CALLE 3266","5521","30-70891644-3","","Si","No"
"Santa Elvira","Farmacia","Mendoza","Guaymallen","Guaymallen","Adolfo Calle 2105","5519","30-71781227-8","","No","No"
"Vacunatorio Cippi","Vacunatorio","Mendoza","Guaymallen","Guaymallen","Moldes 1023 - Local 024","5521","33-53939128-9","","Si","No"
"Farmacia El Jardin","Farmacia","Mendoza","Junin","Junin","San Martin 135","5573","27-22402811-9","","Si","No"
"Lourdes","Farmacia","Mendoza","Junin","Junin","General San Martin (ruta 60) Esquina Fray Luis Beltran, Los Barriales, 5585 Junin, Mendoza","5585","27-22376889-5","","No","No"
"Nueva Fatima","Farmacia","Mendoza","Junin","Junin","Santos Lugares 50, Ingeniero Giagnoni, Provincia de Mendoza, Argentina","5573","33-70721576-9","","Si","No"
"Virgen De San Nicolas","Farmacia","Mendoza","Junin","Junin","La Colonia 435","5566","27-14649928-2","","No","No"
"Farmacia Nueva Italia","Farmacia","Mendoza","La Consulta","La Consulta","Julio Balmaceda 100, La Consulta, Mendoza, Argentina","5567","30-71612920-5","","No","No"
"4 De Agosto","Farmacia","Mendoza","La Paz","La Paz","Av. 25 De Mayo 1606","5590","20-35840839-8","","No","No"
"Del Plata - Cerro Arco","Farmacia","Mendoza","Las Heras","Las Heras","Julio A. Roca 1750 Loc. 2 La Cieneguita","5539","30-71401104-5","","No","No"
"Del Plata Econo Las Heras","Farmacia","Mendoza","Las Heras","Las Heras","Avenida San Martín 2387, Mendoza, Provincia de Mendoza, Argentina","5539","20-17640157-6","","No","No"
"Del Plata V","Farmacia","Mendoza","Las Heras","Las Heras","Doctor Moreno & Belgrano, Las Heras, Provincia de Mendoza, Argentina","5539","20-17640157-6","","No","No"
"Levatino","Farmacia","Mendoza","Las Heras","Las Heras","Roca 301, Las Heras, Mendoza, Argentina","5539","27-10907630-4","","No","No"
"Natal 1","Farmacia","Mendoza","Las Heras","Las Heras","JOSE MARIA GODOY Y RIVERO","5539","30-70891644-3","","Si","No"
"Natal 3","Farmacia","Mendoza","Las Heras","Las Heras","BARILOCHE 2580","5539","30-70891644-3","","No","No"
"Pascual Segura","Farmacia","Mendoza","Las Heras","Las Heras","Lisandro Moyano 891","5539","20-23180322-0","","Si","Si"
"San Miguel","Farmacia","Mendoza","Las Heras","Las Heras","Coronel Diaz 640","5539","20-27137646-5","","No","No"
"Santa Maria","Farmacia","Mendoza","Las Heras","Las Heras","Lavalle 4883","5539","27-17946789-0","","No","No"
"Ujemvi","Farmacia","Mendoza","Las Heras","Las Heras","Democracia 2322, M5539 Las Heras, Mendoza, Argentina","5539","30-62302393-8","","No","No"
"Lavalle","Farmacia","Mendoza","Lavalle Villa Tulumaya","Lavalle Villa Tulumaya","Mariano Moreno 144","5533","27-13793709-9","","Si","Si"
"Biosalud","Farmacia","Mendoza","Lujan De Cuyo","Lujan De Cuyo","Complejo Chacras Park, Rp82 7154 Local 4, M5505 Luján De Cuyo, Mendoza, Argentina","7154","30-71727230-3","","No","No"
"Blister","Farmacia","Mendoza","Lujan De Cuyo","Lujan De Cuyo","Guardia Vieja 1235","5507","30-71724104-1","","No","No"
"Del Piedemonte ","Farmacia","Mendoza","Lujan De Cuyo","Lujan De Cuyo","Ruta Provincial 82 Y Union","5501","27-25352842-2","","Si","No"
"Farmacia Agseva","Farmacia","Mendoza","Lujan De Cuyo","Lujan De Cuyo","Mariano Boedo 685","5507","30-71682834-0","","No","No"
"Farmacia De La Santa Cruz Ii","Farmacia","Mendoza","Lujan De Cuyo","Lujan De Cuyo","San Martín 504, Luján de Cuyo, Mendoza, Argentina","5507","27-06667522-5","","No","No"
"Farmacia Del Barrio","Farmacia","Mendoza","Lujan De Cuyo","Lujan De Cuyo","SAN MARTIN 7703 LOC 31","5507","30-71525401-4","","No","No"
"Farmacia Lujan","Farmacia","Mendoza","Lujan De Cuyo","Lujan De Cuyo","Roque Saenz Peña 500","5507","30-71170332-9","","No","No"
"Farmacia Santa Ana Ii","Farmacia","Mendoza","Lujan De Cuyo","Lujan De Cuyo","Alvear 150","5507","30-70864336-6","","Si","No"
"Farmacia Santa Ana Iii","Farmacia","Mendoza","Lujan De Cuyo","Lujan De Cuyo","San Martin 400","5507","30-70864336-6","","No","No"
"La Jirafa (Del Plata)","Farmacia","Mendoza","Lujan De Cuyo","Lujan De Cuyo","Balcarce & San Martín, Luján de Cuyo, Provincia de Mendoza, Argentina","5507","30-71040259-7","","No","No"
"Regional","Farmacia","Mendoza","Lujan De Cuyo","Lujan De Cuyo","San Martin 920","5507","30-67636578-4","","Si","No"
"Santa Ana I","Farmacia","Mendoza","Lujan De Cuyo","Lujan De Cuyo","San Martín 951, Luján de Cuyo, Provincia de Mendoza, Argentina","M5507ETS","30-70864336-6","","No","No"
"Victoria","Farmacia","Mendoza","Lujan De Cuyo","Lujan De Cuyo","San MartíN 1788","5507","30-71110670-3","","No","No"
"Farmacia Salud","Farmacia","Mendoza","Luzuriaga","Luzuriaga","Base Esperanza 1851","5513","20-22814928-5","","Si","No"
"Del Plata Econo Maipu","Farmacia","Mendoza","Maipu","Maipu","Pablo Pescara 265, Maipú, Provincia de Mendoza, Argentina","5515","30-70849176-0","","No","No"
"Del Plata Viii","Farmacia","Mendoza","Maipu","Maipu","Ozamis 737, Maipú, Provincia de Mendoza, Argentina","5515","20-17640157-6","","No","No"
"Del Torreon","Farmacia","Mendoza","Maipu","Maipu","Rawson 2524 Local 6","5513","30-71638377-2","","No","No"
"Farmacia Palma","Farmacia","Mendoza","Maipu","Maipu","Palma 196","5515","27-18577712-5","","Si","No"
"Farmacia Rauek","Farmacia","Mendoza","Maipu","Maipu","San Martin 402","5515","20-17381052-1","","No","No"
"Farmacia San Pedro","Farmacia","Mendoza","Maipu","Maipu","San Martin 202","5515","30-71423549-0","","No","No"
"La Variante","Farmacia","Mendoza","Maipu","Maipu","Hipolito Yrigoyen 2491, M5501 Maipú, Mendoza","","30-71797320-4","","No","No"
"Ozamis","Farmacia","Mendoza","Maipu","Maipu","San Martín 74, Maipú, Provincia de Mendoza, Argentina","5515","30-70994221-9","","Si","No"
"Santa Lucia","Farmacia","Mendoza","Maipu","Maipu","Ozamis 70, Maipú, Mendoza","5515","30-71731974-1","","No","No"
"Vacunatorio Cippi","Vacunatorio","Mendoza","Maipu","Maipu","Calle Maza y Belgrano Local 12","5515","33-53939128-9","","Si","No"
"Vacunatorio Proteger Maipumed","Vacunatorio","Mendoza","Maipu","Maipu","Ozamis 737","5515","30-71449651-0","","Si","Si"
"Vieytes","Farmacia","Mendoza","Maipu","Maipu","Vieytes 2300, Esq Videla Castillo Local 3, 5517 Maipú, Mendoza","5517","20-94816460-5","","No","No"
"Yrigoyen","Farmacia","Mendoza","Maipu","Maipu","J. A. Maza 2310","5511","30-71744567-4","","Si","Si"
"Aconcagua","Farmacia","Mendoza","Malargue","Malargue","Av Gral, Av. Rufino Ortega 458","5613","20-25611337-7","","No","No"
"Farmacia Cogo","Farmacia","Mendoza","Malargue","Malargue","SAN MARTIN Nº 378","5613","20-23883580-2","","No","No"
"San Antonio","Farmacia","Mendoza","Malargue","Malargue","Av. San Martín 772","5613","20-18440880-6","","No","No"
"Medrano","Farmacia","Mendoza","Medrano","Medrano","Tres Acequias 226 Rp 65, Medrano, Mendoza","5585","30-61050903-3","","No","No"
"San Antonio","Farmacia","Mendoza","Medrano","Medrano","Luis Correas & Colón, Medrano, Mendoza, Argentina","5585","30-71643300-1","","No","No"
"Belgrano","Farmacia","Mendoza","Mendoza","Mendoza","Belgrano 144","5500","27-06262645-9","","Si","No"
"Del Centro 12","Farmacia","Mendoza","Mendoza","San Jose Guaymallen","BELGRANO 1425","5500","30-69027149-0","","No","No"
"Del Plata Econo H. Central","Farmacia","Mendoza","Mendoza","Mendoza","L. N. Alem 491","5500","20-17640157-6","","No","No"
"Del Plata I","Farmacia","Mendoza","Mendoza","Mendoza","Avenida San Martín 3598, Mendoza, Provincia de Mendoza, Argentina","5500","20-17640157-6","","No","No"
"Del Plata Ii","Farmacia","Mendoza","Mendoza","Mendoza","Avenida San Martín 2739, Mendoza, Provincia de Mendoza, Argentina","5500","20-17640157-6","","No","No"
"Del Plata Iii","Farmacia","Mendoza","Mendoza","Mendoza","Paso de los Andes 95, Mendoza, Provincia de Mendoza, Argentina","5500","20-17640157-6","","No","No"
"Del Plata Vi","Farmacia","Mendoza","Mendoza","Mendoza","Avenida España 995, Mendoza, Argentina","5500","20-17640157-6","","No","No"
"Del Plata Vii","Farmacia","Mendoza","Mendoza","Mendoza","San Juan & Lavalle, Capital, Mendoza, Argentina","5500","20-17640157-6","","No","No"
"Del Plata X","Farmacia","Mendoza","Mendoza","Mendoza","Avenida España 1116, Mendoza, Argentina","5500","20-17640157-6","","No","No"
"Del Puente Avenida","Farmacia","Mendoza","Mendoza","Mendoza","General Espejo 202","5500","30-51876937-1","","No","No"
"Del Puente Centro","Farmacia","Mendoza","Mendoza","Mendoza","GENERAL LAS HERAS 201","5500","30-51876937-1","","No","No"
"Del Puente City","Farmacia","Mendoza","Mendoza","Las Heras","Avenida General San Martín 1516, Las Heras, Mendoza, Argentina","5500","30-51876937-1","","No","No"
"Del Puente Ciudad","Farmacia","Mendoza","Mendoza","Mendoza","Avenida General San Martín 1288","5500","30-51876937-1","","No","No"
"Del Puente Colon","Farmacia","Mendoza","Mendoza","Mendoza","CRISTOBAL COLÓN AVDA. 539","5500","30-51876937-1","","No","No"
"Diabeclub","Farmacia","Mendoza","Mendoza","Mendoza","Avenida José Vicente Zapata 421, Mendoza, Provincia de Mendoza, Argentina","5500","27-13706230-0","","Si","No"
"Farmacia Alas","Farmacia","Mendoza","Mendoza","Mendoza","Avenida Juan B. Justo 71","5500","30-71721797-3","","No","No"
"Farmacia Del Centro Sucursal 14","Farmacia","Mendoza","Mendoza","Mendoza","SAN MARTÍN 1301","5500","30-69027149-0","","No","No"
"Farmacia Granaderos","Farmacia","Mendoza","Mendoza","Mendoza","Suipacha 499","5500","20-30180074-7","","No","No"
"Farmacia La Botica","Farmacia","Mendoza","Mendoza","Las Heras","COBOS 1608","5500","27-06415690-5","","No","No"
"Farmacia La Facultad","Farmacia","Mendoza","Mendoza","Mendoza","AVENIDA L N ALEM 399","5500","30-71421250-4","","No","No"
"Farmacia Mori Ciudad","Farmacia","Mendoza","Mendoza","Mendoza","Las Heras 323","5500","30-70781576-7","","No","No"
"Farmacia Mori Dalvian","Farmacia","Mendoza","Mendoza","Las Heras","Av. Champagnat 2006","5500","30-70781576-7","","No","No"
"Farmacia Mori España","Farmacia","Mendoza","Mendoza","Mendoza","Avenida España 980","5500","30-70781576-7","","No","No"
"Farmacia Mori Uspallata","Farmacia","Mendoza","Mendoza","Godoy Cruz","Jorge A. Calle 704","5500","30-71409242-8","","No","No"
"Farmacia Mori V","Farmacia","Mendoza","Mendoza","Nueva Córdoba","Avenida Arístides Villanueva 331","5500","30-70781576-7","","No","No"
"Farmacia Mori Vi ","Farmacia","Mendoza","Mendoza","Godoy Cruz","Jorge A. Calle 159","5500","30-70781576-7","","No","No"
"Farmacia Tribunales S.r.l.","Farmacia","Mendoza","Mendoza","Mendoza","Av. Bartolomé Mitre 508","5500","30-62957968-7","","No","No"
"Farmacia Victoria","Farmacia","Mendoza","Mendoza","Mendoza","Fader 207","5500","20-30180074-7","","No","No"
"Farmacity 10002 - Mzacentro ","Farmacia","Mendoza","Mendoza","Guaymallen","SAN MARTIN 1399","5500","30-58150658-5","","No","No"
"Farmacity 10003 – Mzamitre1","Farmacia","Mendoza","Mendoza","Mendoza","COLON 361","5500","30-67637465-1","","No","No"
"Farmacity 10004 - Mzamitre2 ","Farmacia","Mendoza","Mendoza","Guaymallen","SAN MARTIN 701","5500","30-67637465-1","","No","No"
"Farmacity 10005 – Mzamitre3","Farmacia","Mendoza","Mendoza","Mendoza","GARIBALDI 3","5500","30-67637465-1","","No","No"
"Farmacity 10006 – Mzamitre4","Farmacia","Mendoza","Mendoza","Godoy Cruz","COLON 798","5500","30-67637465-1","","No","No"
"Farmacity 10007 - Mzamitre7 ","Farmacia","Mendoza","Mendoza","Godoy Cruz","OZAMIS 401","5500","30-67637465-1","","No","No"
"Farmacity 10008 - Mzamitre8 ","Farmacia","Mendoza","Mendoza","Godoy Cruz","ADOLFO CALLE 1100","5500","30-67637465-1","","No","No"
"Farmacity 10009 – Mzamitre9","Farmacia","Mendoza","Mendoza","Godoy Cruz","AGUSTIN ALVAREZ 399","5500","30-67637465-1","","No","No"
"Farmacity 10010 – Mzamitre11","Farmacia","Mendoza","Mendoza","Godoy Cruz","ESPEJO 645","5500","30-67637465-1","","No","No"
"Farmacity 10011 - Mzamitre12 ","Farmacia","Mendoza","Mendoza","Mendoza","SARMIENTO 998","5500","30-67637465-1","","No","No"
"Farmacity 10012 – Mzamitre13","Farmacia","Mendoza","Mendoza","Las Heras","SAN MIGUEL 1650","5500","30-67637465-1","","No","No"
"Farmacity 10013 – Mzamitre15","Farmacia","Mendoza","Mendoza","Godoy Cruz","GALIGNIANA 298","5500","30-67637465-1","","No","No"
"Farmacity 10014 - Mzamitre16 ","Farmacia","Mendoza","Mendoza","Mendoza","ESPEJO 99","5500","30-67637465-1","","No","No"
"Farmacity 10015 - Mzamitre21 ","Farmacia","Mendoza","Mendoza","Mendoza","M.I.MOLINA 355","5500","30-67637465-1","","No","No"
"Farmacity 10016 - Mzamitre22 ","Farmacia","Mendoza","Mendoza","Mendoza","9 DE JULIO 100","5500","30-67637465-1","","No","No"
"Farmacity 10017 - Mzamitre25 ","Farmacia","Mendoza","Mendoza","Villa Nueva","VIAMONTE 5356","5500","30-67637465-1","","No","No"
"Farmacity 10018 - Mzamitre26 ","Farmacia","Mendoza","Mendoza","Guaymallen","SAN MARTIN 650","5500","30-67637465-1","","No","No"
"Farmacity 10019 – Mzamercantil","Farmacia","Mendoza","Mendoza","Mendoza","ALEM 111","5550","30-67637465-1","","No","No"
"Farmacity 10020 - Mzalasheras ","Farmacia","Mendoza","Mendoza","Mendoza","LAS HERAS 150","5500","30-67637465-1","","No","No"
"Farmacity 10021 - Mzapalmares ","Farmacia","Mendoza","Mendoza","Guaymallen","RUTA PANAMERICANA 2650","5500","30-67637465-1","","No","No"
"Farmacity 10022 - Mzadelhospital ","Farmacia","Mendoza","Mendoza","Guaymallen","SAN MARTIN 996","5500","30-67637465-1","","No","No"
"Farmacity 10023 - Mzaguaymallen ","Farmacia","Mendoza","Mendoza","Guaymallen","ACCESO ESTE Y RONDEAU","5500","30-67637465-1","","No","No"
"Farmashop Patio Maristas","Farmacia","Mendoza","Mendoza","Guaymallen","Av. San Martin 853","5000","33-64605704-9","","Si","No"
"Farmastore Colon","Farmacia","Mendoza","Mendoza","Mendoza","Colón 457","5500","30-71162395-3","","No","No"
"Farmatotal (Ex Del Centro San Juan)","Farmacia","Mendoza","Mendoza","Mendoza","Av. José Vicente Zapata 303, M5500 Mendoza, Provincia de Mendoza, Argentina","M5500CDD","30-60972257-2","","Si","No"
"Gil 4","Farmacia","Mendoza","Mendoza","Mendoza","San Martín 301","5515","30-71652332-9","","No","No"
"Juan B. Justo","Farmacia","Mendoza","Mendoza","Godoy Cruz","Avenida Juan B. Justo 403, M5500dqj M5500dql, Mendoza","5500","33-71725528-9","","No","No"
"Megastore","Farmacia","Mendoza","Mendoza","Mendoza","Av. San Martín 1001","5500","30-71731974-1","","Si","No"
"Mesura Cuarta Seccion ","Farmacia","Mendoza","Mendoza","Las Heras","Av. San Martin 2699","5500","30-70861409-9","","No","No"
"Modelo","Farmacia","Mendoza","Mendoza","Mendoza","Residencial Sur, Martín Zapata 400","5500","33-71725528-9","","No","No"
"Natal 0","Farmacia","Mendoza","Mendoza","Godoy Cruz","OLASCOAGA 2799","5500","30-70891644-3","","No","No"
"Natal 2","Farmacia","Mendoza","Mendoza","Mendoza","ROQUE SAENZ PEÑA 504","5500","30-70891644-3","","No","No"
"Rodriguez Silvia Elisa","Farmacia","Mendoza","Mendoza","Las Heras","BenjamíN Argumedo 4284, Mendoza","5527","27-29538962-7","","No","No"
"San Ramon S.a (san Ramon)","Farmacia","Mendoza","Mendoza","Mendoza","Avenida Colón 160, Mendoza, Argentina","5500","30-63993693-3","","No","No"
"Vacunatorio Cippi","Vacunatorio","Mendoza","Mendoza","Mendoza","Av Colon 284","5500","33-53939128-9","","Si","No"
"Vacunatorio Proteger Lomas","Vacunatorio","Mendoza","Mendoza","Mendoza","Av Champagnat Esquina Dr. Leloir","5500","30-71449651-0","","Si","No"
"Farmacia Del Pueblo","Farmacia","Mendoza","Palmira","Palmira","Alem 41","5584","27-25881568-3","","Si","No"
"Cruz Verde","Farmacia","Mendoza","Rivadavia","Rivadavia","SARMIENTO 951","M5577FQS","27-17787769-2","","Si","No"
"Farmacia Americana (Farmacia Americana)","Farmacia","Mendoza","Rivadavia","Rivadavia","W. NUÑEZ 403","5577","20-16362527-0","","Si","No"
"Farmacia Crystal","Farmacia","Mendoza","Rivadavia","Rivadavia","B° Formosa - Chañar 1208","5577","20-16671887-3","","Si","No"
"Farmacia Mendoza","Farmacia","Mendoza","Rivadavia","Rivadavia","SAN ISIDRO 575","5577","30-55458236-9","","No","No"
"Farmacia Santa Rita","Farmacia","Mendoza","Rivadavia","Rivadavia","SAN ISIDRO 1705","5577","27-23946762-3","","No","No"
"Sucesion Luis Arturo Rini","Farmacia","Mendoza","Rivadavia","Rivadavia","SAN ISIDRO 992 ,  entre calles BELISARIO GIL Y BELGRANO","5577","20-03324767-3","","No","No"
"Farmacia Santa Marta","Farmacia","Mendoza","Rodeo De La Cruz","Rodeo De La Cruz","Av. Bandera de los Andes 9116","5525","23-08470243-9","","No","No"
"Sagrada Familia ","Farmacia","Mendoza","Rodeo Del Medio","Rodeo De La Cruz","Lencinas Oeste 20","5529","23-24574373-4","","No","No"
"Farmacia Amaite","Farmacia","Mendoza","Russell","Russell","Ozamis Sur 1844","5517","27-29102388-1","","No","No"
"Alem Sm","Farmacia","Mendoza","San Martin","San Martin","Alem 679","5570","27-13817306-8","","No","No"
"Belgrano","Farmacia","Mendoza","San Martin","San Martin","25 de Mayo 202","5570","30-70821506-2","","Si","No"
"Belgrano Ii","Farmacia","Mendoza","San Martin","San Martin","9 De Julio 96","5570","30-70821506-2","","Si","No"
"Busquets","Farmacia","Mendoza","San Martin","San Martin","Busquet, Bousquet Isidoro 699","5570","27-14880472-4","","Si","No"
"Del Plata Econo San Martin","Farmacia","Mendoza","San Martin","San Martin","Las Heras 88, San Martín, Provincia de Mendoza, Argentina","5570","30-70848976-6","","No","No"
"Del Siglo","Farmacia","Mendoza","San Martin","San Martin","Balcarce 2","5570","30-67211320-9","","Si","No"
"Farmacia Clinica","Farmacia","Mendoza","San Martin","San Martin","Vélez Sarsfield 79","5570","20-23966214-6","","No","No"
"Farmacia De Lourdes","Farmacia","Mendoza","San Martin","San Martin","Pirovano 98","5570","27-21854039-4","","Si","No"
"Farmacia Noguez","Farmacia","Mendoza","San Martin","San Martin","Noguez 69","5570","27-20387037-5","","Si","No"
"Pasteur","Farmacia","Mendoza","San Martin","San Martin","Avellaneda 400","5570","20-16330707-4","","Si","No"
"San Alberto","Farmacia","Mendoza","San Martin","San Martin","4to B° Cec. Manzana H Casa 5 ","5570","20-11395730-2","","No","No"
"San Cayetano","Farmacia","Mendoza","San Martin","San Martin","Lima 468","5570","30-63355587-3","","Si","No"
"Santa Lucia","Farmacia","Mendoza","San Martin","San Martin","Avellaneda 203","","27-16694508-4","","No","No"
"Vacunatorio Cippi","Vacunatorio","Mendoza","San Martin","San Martin","Centro Comercial Echesortu y Casas","5570","33-53939128-9","","Si","No"
"16 Horas","Farmacia","Mendoza","San Rafael","San Rafael","AVENIDA EL LIBERTADOR 206","5600","27-11920647-8","","No","No"
"16 Hs Dean Funes","Farmacia","Mendoza","San Rafael","San Rafael","Dean Funes 450 Local 1q","5600","27-11920647-8","","No","No"
"Alem","Farmacia","Mendoza","San Rafael","San Rafael","Leandro N Alem 1320","5600","23-34288173-4","","No","No"
"Avenida","Farmacia","Mendoza","San Rafael","San Rafael","HIPÓLITO YRIGOYEN 25","5602","30-53280196-2","","No","No"
"Balloffet","Farmacia","Mendoza","San Rafael","San Rafael","Av. Ing. Julio Balloffet 2525","5600","20-14654621-9","","No","No"
"Cabildo","Farmacia","Mendoza","San Rafael","San Rafael","Avenida Ingeniero Julio Balloffet, Cabildo 1100","5600","20-14956431-5","","No","No"
"Del Angel","Farmacia","Mendoza","San Rafael","San Rafael","Av. El Libertador 978, M5602ejh San Rafael, Mendoza","","23-28159404-4","","Si","No"
"España","Farmacia","Mendoza","San Rafael","San Rafael","Av. Bartolome Mitre 724","5600","23-28159404-4","","Si","Si"
"Farmacia Florida","Farmacia","Mendoza","San Rafael","San Rafael","AV. HIPOLITO IRIGOYEN 288","5602","27-11580128-2","","No","No"
"Farmacia Independencia","Farmacia","Mendoza","San Rafael","San Rafael","Mitre 403","5600","30-64670638-2","","No","No"
"Farmacia Pellegrini","Farmacia","Mendoza","San Rafael","San Rafael","Dr. Carlos Pellegrini 93","5602","20-94968886-1","","No","No"
"Farmacia Sini","Farmacia","Mendoza","San Rafael","San Rafael","Carlos Washington Lencinas 107","5600","20-17261889-9","","No","No"
"Farmacia Urquiza","Farmacia","Mendoza","San Rafael","San Rafael","GRAL URQUIZA 240","5602","27-24866987-5","","No","No"
"Los Andes","Farmacia","Mendoza","San Rafael","San Rafael","Av. El Libertador 329","5600","30-67222706-9","","No","No"
"Muñoz","Farmacia","Mendoza","San Rafael","San Rafael","Hipolito Yrigoyen 522","5600","27-12518936-4","","No","No"
"San Martin","Farmacia","Mendoza","San Rafael","San Rafael","Francia 56","5600","30-70943660-7","","Si","Si"
"Sarmiento","Farmacia","Mendoza","San Rafael","San Rafael","Av. Sarmiento 298","5600","27-16836656-1","","No","No"
"Condor","Farmacia","Mendoza","Tunuyan","Tunuyan","San Martín 922","5560","27-13429207-0","","Si","Si"
"Del Plata-Medicamentos Para Todos Srl (Farmacia Farma Uco)","Farmacia","Mendoza","Tunuyan","Tunuyan","San Martín 1283, Tunuyán, Provincia de Mendoza, Argentina","5560","30-71178726-3","","No","No"
"Del Plata San Francisco De Asis","Farmacia","Mendoza","Tupungato","Tupungato","Liniers 1261","1563","30-67201084-1","","No","No"
"Farmacia Fazzio","Farmacia","Mendoza","Tupungato","Tupungato","BELGRANO 1140","5561","20-22821014-6","","No","No"
"Farmacia Mazzeo","Farmacia","Mendoza","Tupungato","Tupungato","Monseñor Fernandez 135","5561","30-70886310-2","","Si","No"
"Tupungato","Farmacia","Mendoza","Tupungato","Tupungato","Liniers 399, Tupungato, Provincia de Mendoza, Argentina","5561","20-08142085-9","","No","No"
"Arboit ","Farmacia","Mendoza","Villa Nueva","Villa Nueva","Ignacio Molina 231","5519","27-12128976-3","","No","No"
"Nihuil","Farmacia","Mendoza","Villa Nueva","Villa Nueva","Godoy Cruz 3563","5521","30-70856208-0","","Si","No"
"9 De Julio Iii","Farmacia","Misiones","El Dorado","El Dorado","Av. San Martín Oeste 2154","3380","27-20393272-9","","Si","Si"
"9 De Julio El Dorado","Farmacia","Misiones","El Dorado","El Dorado","Av. San Martín 1798, N3382 Abr, Misiones","3382","27-20393272-9","","Si","Si"
"9 De Julio Iv","Farmacia","Misiones","El Dorado","El Dorado","Av. San Martín 386","","27-20393272-9","","Si","Si"
"Farmacity 286 – El Dorado ","Farmacia","Misiones","El Dorado","El Dorado","AV. SAN MARTIN 1890","3382","30-69213874-7","","No","No"
"Farmalife La Plaza","Farmacia","Misiones","El Dorado","El Dorado","Lowe 194 DPTO. 4","3380","30-71519826-2","","No","No"
"Farmacity 215 - Obesantafe ","Farmacia","Misiones","Obera","Obera","SANTA FÉ Nº 110","3360","30-69213874-7","","No","No"
"Farmalife Del Sol","Farmacia","Misiones","Obera","Obera","AV. Libertad 311","3360","20-29980409-8","","No","No"
"Bello I","Farmacia","Misiones","Posadas","Posadas","Av. Bartolomé Mitre 2409","3300","30-71838391-5","","Si","No"
"Corti","Farmacia","Misiones","Posadas","Posadas","Lavalle 1921","3300","27-21598339-6","","Si","Si"
"Farmacia  El Condor Scs (Farmalife Condor Ii)","Farmacia","Misiones","Posadas","Posadas","COLON 1596","3300","33-68793120-9","","No","No"
"Farmacia  El Condor Scs (Farmalife Condor Iii)","Farmacia","Misiones","Posadas","Posadas","SAN MARTIN 1998","3300","33-68793120-9","","No","No"
"Farmacia  El Condor Scs (Farmalife Condor Iv)","Farmacia","Misiones","Posadas","Posadas","BOLIVAR 350","3300","33-68793120-9","","No","No"
"Farmacia  El Condor Scs (Farmalife Condor V)","Farmacia","Misiones","Posadas","Posadas","SAN LORENZO 1899","3300","33-68793120-9","","No","No"
"Farmacia Bello Ii","Farmacia","Misiones","Posadas","Posadas","Cordoba1409","3300","30-70990648-4","","No","No"
"Farmacia Fleming S.R.L. (Fleming I)","Farmacia","Misiones","Posadas","Posadas","BOLIVAR 2413","3300","30-65755101-1","","No","No"
"Farmacia Policial","Farmacia","Misiones","Posadas","Posadas","Santiago Del Estero 1766, N3301 Posadas, Misiones, Argentina","3301","30-71133946-5","","No","No"
"Farmacia Red Miguel Lanus I","Farmacia","Misiones","Posadas","Posadas","Bolivar 99","3300","30-70975517-6","","No","No"
"Farmacia Red Miguel Lanus Ii","Farmacia","Misiones","Posadas","Posadas","Av. Santa Catalina 5965","3300","30-71405339-2","","Si","No"
"Farmacia Red Miguel Lanus Iii","Farmacia","Misiones","Posadas","Posadas","Ruta 12 Km 7 y 1/2","3300","30-71011340-4","","Si","No"
"Farmacia Red Miguel Lanus Iv","Farmacia","Misiones","Posadas","Posadas","Av Mitre 2302","3300","30-71255432-7","","Si","No"
"Farmacia Red Miguel Lanus V","Farmacia","Misiones","Posadas","Posadas","Av. Uruguay 3999","3300","30-70975517-6","","Si","No"
"Farmacia Red Miguel Lanus Vi","Farmacia","Misiones","Posadas","Posadas","Cordoba 1398 esquina 25 de Mayo","3300","30-71011340-4","","Si","No"
"Farmacia Red Miguel Lanus Vii","Farmacia","Misiones","Posadas","Posadas","Av Cabred 1125","3300","30-71405339-2","","Si","No"
"Farmacias Red Itaembe Guazu","Farmacia","Misiones","Posadas","Posadas","Ruta Nacional N°12, Colectora 126 Nro 10182","3300","30-71686601-3","","No","No"
"Farmacity 102-Posadas 1 - Bolivar","Farmacia","Misiones","Posadas","Posadas","BOLIVAR 1709","3300","30-69213874-7","","No","No"
"Farmacity 105-Posadas 2 - Ayacucho","Farmacia","Misiones","Posadas","Posadas","AYACUCHO 318","3300","30-69213874-7","","No","No"
"Farmacity 113-Posadas 3 - Arrechea","Farmacia","Misiones","Posadas","Posadas","ALFONSO ARRECHEA 867","3300","30-69213874-7","","No","No"
"Farmacity 264 - Possalta ","Farmacia","Misiones","Posadas","Posadas","SALTA 2196","3300","30-69213874-7","","No","No"
"Farmacity 291 - Posjunin ","Farmacia","Misiones","Posadas","Posadas","SAN MARTIN 2180","3300","30-69213874-7","","No","No"
"Farmalife Condor I","Farmacia","Misiones","Posadas","Posadas","JUNIN 309","3300","33-68793120-9","","No","No"
"Farmalife Costanera","Farmacia","Misiones","Posadas","Posadas","Catamarca 1017","3300","30-71519826-2","","No","No"
"Farmalife Pharmaco","Farmacia","Misiones","Posadas","Posadas","Cordoba 1492","3300","33-71533204-9","","No","No"
"Farmalife Posadas","Farmacia","Misiones","Posadas","Posadas","Ayacucho 2488","3300","30-71502477-9","","No","No"
"Farmalife Villafañe","Farmacia","Misiones","Posadas","Posadas","Lavalle 4004","3300","20-29980409-8","","No","No"
"Farmaser 2","Farmacia","Misiones","Posadas","Posadas","Av. Sta. Catalina 1908","3300","20-28177044-7","","No","No"
"Itaembe Guazu","Farmacia","Misiones","Posadas","Posadas","Av. Los Jilgueros 6149, N3300, Misiones","3300","30-71255432-7","","Si","No"
"Posadas Hipermercado Libertad","Farmacia","Misiones","Posadas","Posadas","Tomas Guido 6070 (Hipermercado Libertad local 16)","3300","30-68978301-1","","No","No"
"Red Market","Farmacia","Misiones","Posadas","Posadas","Belgrano 1718","3300","30-71686601-3","","No","No"
"Red Posadas","Farmacia","Misiones","Posadas","Posadas","San Martín 2275","3300","30-71569993-8","","Si","No"
"Red Posadas Ii","Farmacia","Misiones","Posadas","Posadas","ENTRE RIOS 1797","3300","30-71569993-8","","No","No"
"San Vicente","Farmacia","Misiones","Posadas","Posadas","Rademacher 4405","3300","27-34018062-9","","No","No"
"Farmalife Medifarma","Farmacia","Misiones","Puerto Rico","Puerto Rico","9 de Julio  1835","3334","30-71492829-1","","No","No"
"Nueva Farmacia 9 De Julio","Farmacia","Misiones","Puerto Rico","Puerto Rico","Av. 9 De Julio 1666","3334","27-20393272-9","","Si","Si"
"9 De Julio","Farmacia","Misiones","San Antonio","San Antonio","N3366 San Antonio, Misiones N3366 San Antonio, Misiones","3366","27-40198696-6","","Si","Si"
"Farmalife Farmamas","Farmacia","Misiones","San Vicente","San Vicente","Av Libertador 760","3364","33-71533204-9","","No","No"
"Ceni Vacunatorio","Vacunatorio","Neuquen","Centenario","Centenario","Panamá 985","8309","30-71700825-8","","Si","Si"
"Farmacia Elebora Del Pueblo","Farmacia","Neuquen","Centenario","Centenario","Antártida Argentina 286","8309","30-71839947-1","","No","No"
"Farmacia Global Centenario","Farmacia","Neuquen","Centenario","Centenario","Paraguay 388","8309","33-70999748-9","","No","No"
"Global Avenida Del Trabajo 727","Farmacia","Neuquen","Cutral Co","Cutral Co","Av. Del Trabajo 727","8300","30-71695780-9","","No","No"
"Global Olascoaga 717","Farmacia","Neuquen","Cutral Co","Cutral Co","Av. Olascoaga 717","8322","30-71695784-1","","No","No"
"Aconcagua","Farmacia","Neuquen","Neuquen","Neuquen","Olascoaga Esq Alem- Cutral Co","8322","27-22663772-4","","No","No"
"Confluencia","Farmacia","Neuquen","Neuquen","Neuquen","Tte. Gral. Pablo Ricchieri 899-999","8300","30-71000362-5","","No","No"
"Farmacia Filiberti ","Farmacia","Neuquen","Neuquen","Neuquen","GATICA 2316","8302","27-28518785-6","","No","No"
"Farmacia Global Alpina Belgrano","Farmacia","Neuquen","Neuquen","Neuquen","BELGRANO 2715","8300","30-71451851-4","","No","No"
"Farmacia Global Alpina Fotheringham","Farmacia","Neuquen","Neuquen","Neuquen","FOTHERINGHAM 150","8300","33-71595203-9","","Si","No"
"Farmacia Global Alpina San Martin)","Farmacia","Neuquen","Neuquen","Neuquen","San Martín 4305","8300","30-71436198-4","","Si","Si"
"Farmacia Global Antartida Argentina","Farmacia","Neuquen","Neuquen","Neuquen","COMBATE DE SAN LORENZO 712","8300","33-70999748-9","","No","No"
"Farmacia Global Bahía Blanca","Farmacia","Neuquen","Neuquen","Neuquen","BAHÍA BLANCA 18 (EX-INDEPENDENCIA)","8300","30-68449634-0","","No","No"
"Farmacia Global Dr Ramon","Farmacia","Neuquen","Neuquen","Neuquen","DR RAMON 231","8300","33-70999748-9","","Si","No"
"Farmacia Global Islas Malvinas","Farmacia","Neuquen","Neuquen","Neuquen","ISLAS MALVINAS 1350","8300","30-71451851-4","","No","No"
"Farmacia Global La Rioja","Farmacia","Neuquen","Neuquen","Neuquen","LA RIOJA 31","8300","33-71595203-9","","No","No"
"Farmacia Global Olascoaga","Farmacia","Neuquen","Neuquen","Neuquen","Olascoaga 285","8300","30-71642495-9","","No","No"
"Farmacia Global Olascoaga","Farmacia","Neuquen","Neuquen","Neuquen","OLASCOAGA 1069","8300","30-71212972-3","","No","No"
"Farmacia Global Rivadavia","Farmacia","Neuquen","Neuquen","Neuquen","RIVADAVIA 280","8300","33-71595203-9","","No","No"
"Farmacia Global San Martin 2141","Farmacia","Neuquen","Neuquen","Neuquen","SAN MARTIN 2141","8300","30-71212972-3","","No","No"
"Farmacia Global San Martin 3581","Farmacia","Neuquen","Neuquen","Neuquen","SAN MARTIN 3581","8300","30-68449634-0","","No","No"
"Farmacia Global Sarmiento","Farmacia","Neuquen","Neuquen","Neuquen","SARMIENTO 346","8300","30-71436198-4","","No","No"
"Farmacia Y Perfumeria Del Pueblo","Farmacia","Neuquen","Neuquen","Neuquen","J.B.JUSTO 301","8300","30-67265440-4","","Si","No"
"Farmacia Y Perfumeria Del Pueblo","Farmacia","Neuquen","Neuquen","Neuquen","REPUBLICA DE ITALIA 40","8300","30-67265440-4","","No","No"
"Farmacia Y Perfumeria Del Pueblo","Farmacia","Neuquen","Neuquen","Neuquen","VICENTE CRESTHIA 784","8300","30-67265440-4","","No","No"
"Farmacia Y Perfumeria Del Pueblo","Farmacia","Neuquen","Neuquen","Neuquen","ALBERDI 290","8300","30-67265440-4","","No","No"
"Farmacia Y Perfumeria Del Pueblo","Farmacia","Neuquen","Neuquen","Neuquen","BELGRANO 801","8300","30-67265440-4","","Si","No"
"Farmacia Y Perfumeria Del Pueblo","Farmacia","Neuquen","Neuquen","Neuquen","PERITO MORENO 246","8300","30-67265440-4","","Si","No"
"Farmacia Y Perfumeria Del Pueblo","Farmacia","Neuquen","Neuquen","Neuquen","Bv. Dr. Ramón 4100 e/Casilda y Reconquista","8300","30-67265440-4","","Si","No"
"Farmacia Y Perfumeria Del Pueblo","Farmacia","Neuquen","Neuquen","Neuquen","DR. RAMON 355","8300","30-67265440-4","","No","No"
"Farmacia Y Perfumeria Del Pueblo","Farmacia","Neuquen","Neuquen","Neuquen","MITRE 73","8300","30-67265440-4","","No","No"
"Farmacia Y Perfumeria Del Pueblo","Farmacia","Neuquen","Neuquen","Neuquen","J.J.LASTRA 2400","8300","30-67265440-4","","No","No"
"Farmacia Y Perfumeria Del Pueblo","Farmacia","Neuquen","Neuquen","Neuquen","San Martin 99","8300","30-67265440-4","","Si","Si"
"Global Alderete","Farmacia","Neuquen","Neuquen","Neuquen","ALDERETE 57","8300","30-71436198-4","","No","No"
"Global Buratovich ","Farmacia","Neuquen","Neuquen","Neuquen","Mayor Buratovich 196, Q8316 Plottier, Neuquén","8316","30-71695780-9","","No","No"
"Global Cabellera Del Frio","Farmacia","Neuquen","Neuquen","Neuquen","CABELLERA DEL FRÍO 1460","8300","30-66023775-1","","No","No"
"Global Diagonal España 91","Farmacia","Neuquen","Neuquen","Neuquen","DIAGONAL ESPAÑA 91","8300","30-68449634-0","","No","No"
"Global Illia","Farmacia","Neuquen","Neuquen","Neuquen","ILLIA 774","8300","30-66023775-1","","No","No"
"Global San Martin 3087","Farmacia","Neuquen","Neuquen","Neuquen","San Martín 3087, Q8300 Neuquén","8300","30-71527667-0","","No","No"
"Global Senguer","Farmacia","Neuquen","Neuquen","Neuquen","Rio Senguer 1753","8300","30-71695780-9","","Si","Si"
"Richieri","Farmacia","Neuquen","Neuquen","Neuquen","Tte. Gral. Pablo Ricchieri 491","8300","20-21385612-0","","Si","No"
"San Lucas","Farmacia","Neuquen","Neuquen","Neuquen","Gdor. Francisco Denis 454","8300","30-71559705-1","","Si","Si"
"Farmacia Y Perfumeria Del Pueblo","Farmacia","Neuquen","Plotier","Plotier","SAN MARTIN 39","8316","30-67265440-4","","Si","No"
"Farmacia Global Plottier Belgrano","Farmacia","Neuquen","Plottier","Plottier","BELGRANO 245","8316","30-66023775-1","","No","No"
"Monasterio","Farmacia","Neuquen","Plottier","Plottier","Av. San Martín 403","8316","27-18436957-0","","Si","No"
"Monasterio 2","Farmacia","Neuquen","Plottier","Plottier","Perito Moreno 679","8316","27-18436957-0","","No","No"
"Armandina","Farmacia","Neuquen","San Martin De Los Andes","San Martin De Los Andes","Gral. Roca 1342","8370","27-34125909-1","","No","No"
"La Vega","Farmacia","Neuquen","San Martin De Los Andes","San Martin De Los Andes","Quinquela Martín 14","8370","27-16067947-1","","Si","Si"
"2farma","Farmacia","Neuquen","Senillosa","Senillosa","Bernardino Rivadavia 711 Local 1, Q8320 Senillosa, Neuquén, Argentina","8320","27-36949308-1","","No","No"
"Monasterio 3","Farmacia","Neuquen","Senillosa","Senillosa","Belgrano 494","8320","27-18436957-0","","No","No"
"Pharmacy Avenida","Farmacia","Neuquen","Villa La Angostura","Villa La Angostura","Av. Arrayanes 275, Q8407 Villa La Angostura, Neuquén, Argentina","8407","20-17669280-5","","No","No"
"Farmacia Y Perfumeria Del Pueblo","Farmacia","Neuquen","Zapala","Zapala","SAN MARTIN 373","8340","30-67265440-4","","No","No"
"Global San Martin 340","Farmacia","Neuquen","Zapala","Zapala","Av. San Martín 340","8340","30-71695784-1","","No","No"
"Farmacia Ambar Bancaria - Allen","Farmacia","Rio Negro","Allen","","TOMAS ORELL 156","8328","30-70852385-9","","No","No"
"Farmacia Del Pueblo","Farmacia","Rio Negro","Allen","","Av. JULIO ARGENTINO ROCA 498","8328","30-70792120-6","","No","No"
"Farmacia Apothekaria","Farmacia","Rio Negro","Chipoleti","","KENNEDY 245","8324","27-29979282-5","","No","No"
"Farmacia Ambar Bancaria - Choele Choel","Farmacia","Rio Negro","Choele Choel","","ROCA 258","8360","30-70852385-9","","No","No"
"Farmacia Ambar Bancaria - Cinco Saltos","Farmacia","Rio Negro","Cinco Saltos","","25 DE MAYO 25","8303","30-70852385-9","","No","No"
"Ceni Cipolletti","Farmacia","Rio Negro","Cipolletti","","GRAL SAN MARTIN 970","8324","30-71700825-8","","No","No"
"Farmacia Ambar Bancaria - Cipolletti","Farmacia","Rio Negro","Cipolletti","","ROCA 865","8324","30-70852385-9","","No","No"
"Farmacia Del Centro","Farmacia","Rio Negro","Cipolletti","","Roca 607, Cipolletti, Río Negro","8324","30-71076083-3","","Si","No"
"Farmacia Del Pueblo","Farmacia","Rio Negro","Cipolletti","","ESPAÑA 252","8324","30-70792120-6","","Si","No"
"Farmacia La Botica","Farmacia","Rio Negro","Cipolletti","","TOSCHI YLAS ACACIAS 930","8324","30-68957511-7","","No","No"
"Farmacia Martin","Farmacia","Rio Negro","Cipolletti","","9 De Julio 429","8324","33-60453543-9","","No","No"
"Farmacia Mutual Federada (Cipolletti)","Farmacia","Rio Negro","Cipolletti","","PACHECO 280","8324","30-54159260-8","","No","No"
"Farmacia San Pablo","Farmacia","Rio Negro","Cipolletti","","YRIGOYEN 1064","8324","30-62527417-2","","No","No"
"Del Pueblo","Farmacia","Rio Negro","El Bolson","","Av. Belgrano 543","8430","27-22898810-9","","No","No"
"Farmacia Ambar Bancaria - Fdez Oro","Farmacia","Rio Negro","General Fernandez Oro","","SAN MARTIN 376","8325","30-70852385-9","","No","No"
"Farmacia Ambar Bancaria - Bancaria1","Farmacia","Rio Negro","General Roca","","VILLEGAS 752","8332","30-70852385-9","","No","No"
"Farmacia Ambar Bancaria - Bancaria11","Farmacia","Rio Negro","General Roca","","JUJUY 1006","8332","30-70852385-9","","Si","No"
"Farmacia Ambar Bancaria - Bancaria2","Farmacia","Rio Negro","General Roca","","25 DE MAYO 864","8332","30-70852385-9","","Si","No"
"Farmacia Ambar Bancaria - Bancaria3","Farmacia","Rio Negro","General Roca","","SAN JUAN 2732","8332","30-70852385-9","","No","No"
"Farmacia Ambar Bancaria - Evita","Farmacia","Rio Negro","General Roca","","EVITA 2415","8332","30-70852385-9","","No","No"
"Farmacia San Martin I ","Farmacia","Rio Negro","General Roca","","Gral. José De San Martín 87","8332","30-68953878-5","","No","No"
"Farmacia San Martin Ii","Farmacia","Rio Negro","General Roca","","Gral. José De San Martín 1612","8332","30-68953878-5","","No","No"
"Farmacia San Martin Iii ","Farmacia","Rio Negro","General Roca","","Tucumán 398","8332","30-68953878-5","","No","No"
"Farmacia San Martin Iv","Farmacia","Rio Negro","General Roca","","Buenos Aires 991","8332","30-68953878-5","","No","No"
"Farmacia San Martin Ix","Farmacia","Rio Negro","General Roca","","Av. Gral. Julio Argentino Roca 85","8332","30-68953878-5","","Si","Si"
"Farmacia San Martin V","Farmacia","Rio Negro","General Roca","","Jujuy 1810","8332","30-68953878-5","","No","No"
"Farmacia San Martin Vi","Farmacia","Rio Negro","General Roca","","Tucumán 753","8332","30-68953878-5","","No","No"
"Vacunatorio Estuardo Romero Ii","Vacunatorio","Rio Negro","General Roca","","LA PAMPA 1535","8332","27-22586049-7","","Si","No"
"Farmacia Morales","Farmacia","Rio Negro","Ingeniero Huergo","","Av. Colón 744, R8334 Ingeniero Luis A. Huergo, Río Negro, Argentina","8334","27-23648570-1","","No","No"
"Farmacia Ambar Bancaria - Lamarque","Farmacia","Rio Negro","Lamarque","","SAN MARTIN 863","8363","30-70852385-9","","Si","No"
"San Matias","Farmacia","Rio Negro","San Antonio Oeste","","Islas Malvinas 1098","8520","20-18762487-9","","Si","No"
"Bancaria Bariloche 2","Farmacia","Rio Negro","San Carlos De Bariloche","","Av. 12 De Octubre 1708","8400","30-70852385-9","","No","No"
"Brió","Farmacia","Rio Negro","San Carlos De Bariloche","","Av. Exequiel Bustillo 6489,","8400","27-33505056-3","","No","No"
"Diagonal","Farmacia","Rio Negro","San Carlos De Bariloche","","Diag. Capraro 1301,","8400","27-13177780-4","","Si","Si"
"Dr Pasteur ","Farmacia","Rio Negro","San Carlos De Bariloche","","ELORDI 1164","8400","27-20679488-2","","Si","No"
"Farmacia Ambar Bancaria - Bariloche","Farmacia","Rio Negro","San Carlos De Bariloche","","ELORDI 520","8400","30-70852385-9","","No","No"
"Farmacia De Miguel","Farmacia","Rio Negro","San Carlos De Bariloche","","Mitre 130","8400","30-53217008-3","","Si","Si"
"Farmacia Del Este","Farmacia","Rio Negro","San Carlos De Bariloche","","Comandante Luis piedra Buena esquina Cabildo","8400","27-33192895-5","","Si","Si"
"Luna Lanz","Farmacia","Rio Negro","San Carlos De Bariloche","","Onelli 1509, R8400 San Carlos De Bariloche, RíO Negro","8400","33-70793099-9","","No","No"
"Pharmacy Pasaje","Farmacia","Rio Negro","San Carlos De Bariloche","","Pje. Gutiérrez 998","8400","20-17669280-5","","No","No"
"Tao Del Lago ","Farmacia","Rio Negro","San Carlos De Bariloche","","Av. Exequiel Bustillo 8650-8682, San Carlos De Bariloche, Río Negro","8400","30-71587877-8","","Si","No"
"Tao Pehuenes","Farmacia","Rio Negro","San Carlos De Bariloche","","Pioneros 7536","8400","30-71587877-8","","No","No"
"Vac Consultorios Médicos Albarracin","Vacunatorio","Rio Negro","San Carlos De Bariloche","","Albarracin 1332","8400","20-16202909-7","","Si","No"
"Vacunatorio Proteger Bariloche","Vacunatorio","Rio Negro","San Carlos De Bariloche","","Lonquimay 3920","8400","20-17030490-0","","Si","No"
"Don Olegario","Farmacia","Rio Negro","Valcheta","","Remedios De Escalada 1124, R8536 Valcheta, Río Negro","8536","27-16333411-4","","Si","Si"
"Vazquez","Farmacia","Rio Negro","Viedma","","Av. Jose Maria Guido 1408","8500","20-22132938-5","","No","No"
"Bancaria  Regina 2","Farmacia","Rio Negro","Villa Regina","","Inmigrantes 70","8336","30-70852385-9","","No","No"
"Farmacia Ambar Bancaria - Villa Regina","Farmacia","Rio Negro","Villa Regina","","LAS HERAS 167","8336","30-70852385-9","","No","No"
"Vazquez","Farmacia","Rio Negro","Villa Regina","","Sarmiento Sarmiento 121, R8336ewc Villa Regina, Río Negro","8336","20-24078368-2","","Si","No"
"De La Esquina - Colón","Farmacia","Salta","Cafayate","","Colón, Calchaquí Esquina, A4427 Cafayate, Salta","4427","20-33628328-1","","Si","Si"
"De La Esquina - Las Viñas","Farmacia","Salta","Cafayate","","Syrah Esquina Bonarda Bº Paseo Las Viñas","4427","20-33628328-1","","Si","Si"
"Farmacia De La Esquina","Farmacia","Salta","Cafayate","","Av. Gral. Güemes Nte. 203","4427","20-33628328-1","","Si","Si"
"Integral","Farmacia","Salta","Oran","","Hipólito Yrigoyen 696","4530","27-21973555-9","","No","No"
"Calchaqui","Farmacia","Salta","Salta","","Leguizamón 1202,","4400","27-17308427-2","","Si","No"
"Farmacia Caseros","Farmacia","Salta","Salta","","SARMIENTO 1","4400","30-64767550-2","","No","No"
"Farmacia Del Valle I","Farmacia","Salta","Salta","","Entre Ríos 850","4400","30-70832453-8","","No","No"
"Farmacia Del Valle Ii","Farmacia","Salta","Salta","","Alvarado 602","4400","30-70832453-8","","No","No"
"Farmacia Del Valle Iii","Farmacia","Salta","Salta","","Av. Bicentenario 932","4400","27-22683606-9","","Si","No"
"Farmacia Del Valle Iv","Farmacia","Salta","Salta","","Av. Paraguay 1211","4402","30-70832453-8","","No","No"
"Farmacia Del Valle Ix","Farmacia","Salta","Salta","","España 424","4400","30-70832453-8","","No","No"
"Farmacia Del Valle V","Farmacia","Salta","Salta","","Av. Belgrano 396","4400","20-22632381-4","","No","No"
"Farmacia Del Valle Vi","Farmacia","Salta","Salta","","Arenales 1601","4400","30-70832453-8","","No","No"
"Farmacia Del Valle Vii","Farmacia","Salta","Salta","","Hipolito Yrigoyen 339 - Local 4","4402","30-70832453-8","","Si","No"
"Farmacia Del Valle Viii ","Farmacia","Salta","Salta","","20 de Febrero 28","4400","30-70832453-8","","Si","No"
"Farmacia Del Valle X","Farmacia","Salta","Salta","","Pueyrredón 2","4400","30-70832453-8","","Si","No"
"Farmacia Del Valle Xi","Farmacia","Salta","Salta","","Portugal 401","4400","30-70832453-8","","Si","No"
"Farmacia Del Valle Xii","Farmacia","Salta","Salta","","Catamarca 431","4400","30-70832453-8","","No","No"
"Farmacia Del Valle Xiii","Farmacia","Salta","Salta","","Ruta nacional N 51 KM 3 1/2","4400","30-70832453-8","","No","No"
"Farmacia Del Valle Xiv","Farmacia","Salta","Salta","","Independencia 824","4400","30-70832453-8","","Si","No"
"Farmacia Del Valle Xv","Farmacia","Salta","Salta","","ZUVIRIA 1490","4400","30-70832453-8","","No","No"
"Farmacia El Indio","Farmacia","Salta","Salta","","Mitre 400","4400","30-70854661-1","","No","No"
"Farmacia Farmar I Salta","Farmacia","Salta","Salta","","CASEROS 745","4400","30-64757550-2","","No","No"
"Farmacia Farmar Ii ","Farmacia","Salta","Salta","","ALVARADO 730","4400","30-64767550-2","","No","No"
"Farmacia Farmar Iii   ","Farmacia","Salta","Salta","","SAN MARTIN 572","4400","30-64767550-2","","No","No"
"Farmacia Fleming","Farmacia","Salta","Salta","","Av Peron y Arenal s/n","","30-71000040-5","","No","No"
"Farmacia Fleming","Farmacia","Salta","Salta","","Av. Belgrano 674","4400","27-20503988-6","","No","No"
"Farmacia Galenica","Farmacia","Salta","Salta","","Vicente López 180, A4400dyd Salta, Argentina","4400","20-17860494-6","","No","No"
"Farmacia Guemes","Farmacia","Salta","Salta","","Sarmiento 432","4400","30-71226848-0","","Si","No"
"Farmacia Integral Srl","Farmacia","Salta","Salta","","Av. Del Bicentenario De La Batalla De Salta 23, A4400 Salta","","33-70851356-9","","No","No"
"Farmacia Jujuy","Farmacia","Salta","Salta","","Jujuy 400","4400","27-22683606-9","","No","No"
"Farmacia Padre Pio","Farmacia","Salta","Salta","","EL FUEGUINO 572","4401","30-71811717-4","","No","No"
"Farmacia Profilaxis","Farmacia","Salta","Salta","","SARMIENTO 371","4400","30-70837032-7","","No","No"
"Farmacia Rivadavia","Farmacia","Salta","Salta","","Av. Sarmiento 600, A4400 Salta, Argentina","4400","20-17860494-6","","No","No"
"Farmacia Siglo Xxi","Farmacia","Salta","Salta","","AV.BELGRANO 991","4400","20-26542364-8","","No","No"
"Farmacity 111-Salta 1 - Peatonal","Farmacia","Salta","Salta","","ALBERDI 84","4400","30-69213874-7","","No","No"
"Farmacity 129-Salta 3 - Shopping Alto Noa","Farmacia","Salta","Salta","","VIRREY TOLEDO AVDA. 702","4400","30-69213874-7","","No","No"
"Farmacity 134-Salta- Belgrano","Farmacia","Salta","Salta","","BELGRANO AVDA. 1789","4400","30-69213874-7","","No","No"
"Farmacity 251 - Ameghino ","Farmacia","Salta","Salta","","CALLE AMEGHINO 593/95/97/99","4400","30-69213874-7","","No","No"
"Farmacity 392 - 6 Reyes Catolicos","Farmacia","Salta","Salta","","Av. Reyes Católicos 1503","4408","30-69213874-7","","No","No"
"Guichar S.R.L (Farmacia La Flor )","Farmacia","Salta","Salta","","BATALLA DE SALTA 310","4400","30-70929248-6","","No","No"
"Nueva España","Farmacia","Salta","Salta","","España 899","4400","20-17842677-0","","No","No"
"Padre Pio Ii","Farmacia","Salta","Salta","","Av. Lisandro De La Torre 38, Salta","4400","23-32165007-4","","No","No"
"Par","Farmacia","Salta","Salta","","Bartolomé Mitre 699, A4400 Salta, Argentina","4400","20-35643119-8","","Si","Si"
"Pieve 24","Farmacia","Salta","Salta","","Caseros 802","4400","30-71021893-1","","No","No"
"San Francisco","Farmacia","Salta","Salta","","DEAN FUNES 596","4400","33-68125608-9","","Si","Si"
"San Francisco I","Farmacia","Salta","Salta","","DEAN FUNES 477","A4406CLB","33-68125608-9","","No","No"
"San Francisco Ii","Farmacia","Salta","Salta","","TOBÍAS 98","A4406CLB","33-68125608-9","","No","No"
"San Francisco Iii","Farmacia","Salta","Salta","","VIRREY TOLEDO 1245","A4406CLB","33-68125608-9","","No","No"
"San Francisco Iv","Farmacia","Salta","Salta","","SAN MARTIN AVDA. 1700 - LOCAL 8","4400","33-68125608-9","","No","No"
"San Francisco V","Farmacia","Salta","Salta","","RAMON CAÑAVERA 1926","4412","33-68125608-9","","No","No"
"San Francisco Vi","Farmacia","Salta","Salta","","JUAN DOMINGO PERON 2983","4410","33-68125608-9","","Si","No"
"San Francisco Vii","Farmacia","Salta","Salta","","NECOCHEA 419","4400","33-68125608-9","","Si","No"
"San Francisco Viii","Farmacia","Salta","Salta","","DIEGO ZAVALETA 496","4400","33-68125608-9","","No","No"
"San Francisco X","Farmacia","Salta","Salta","","Complejo Garden Mall Mzna 7 Lote 1 Local 29 - San Lorenzo","4401","33-68125608-9","","Si","Si"
"Total","Farmacia","Salta","Salta","","Gral. Martin Güemes 1520,","4400","27-31548300-5","","No","No"
"Farmacia Del Valle Xxiv","Farmacia","Salta","San Lorenzo  (Salta)","","Av. San Martín 866, A4401 Villa San Lorenzo, Salta, Argentina","4401","30-56173408-5","","No","No"
"Fleming San Lorenzo","Farmacia","Salta","San Lorenzo  (Salta)","","Lucio Mansilla 351","4401","30-71000040-5","","No","No"
"San Francisco Ix","Farmacia","Salta","San Lorenzo  (Salta)","","Av. San Martin Esq. Pasaje Emma Solá","4401","33-68125608-9","","No","No"
"Farmacia Avenida","Farmacia","Salta","Tartagal","","Alberdi 798","4560","27-22562152-2","","Si","No"
"Buenaventura","Farmacia","San Juan","San Juan","","Bolivia 808, J5400 San Juan","5400","27-17290309-1","","No","No"
"Buenaventura Iv","Farmacia","San Juan","San Juan","","Gral. Mariano Acha Nte.","5400","27-17290309-1","","No","No"
"Cuyo","Farmacia","San Juan","San Juan","","Libertador General San Martín 2918, San Juan, Argentina","5400","30-68166049-2","","No","No"
"De Lourdes","Farmacia","San Juan","San Juan","","Av. Guillermo Rawson Sur 108","5402","30-71786970-9","","No","No"
"Del Bono ","Farmacia","San Juan","San Juan","","9 De Julio Oeste","5400","30-70814186-7","","No","No"
"Farmacia Nueva Valdivia","Farmacia","San Juan","San Juan","","Urquiza Sur 1287, J5402gom San Juan, Argentina","5402","23-17223890-4","","No","No"
"Farmacity 10024 - Mzasanjuan ","Farmacia","San Juan","San Juan","","25 DE MAYO 336","5400","30-67637465-1","","No","No"
"Generica","Farmacia","San Juan","San Juan","","Mendoza Sur 515, J5402 Guk, San Juan","5402","30-70814186-7","","No","No"
"La Medalla","Farmacia","San Juan","San Juan","","Esteban Echeverría Sur","5400","27-21358000-6","","No","No"
"Nueva Farmacia San Pantaleon  Ii","Farmacia","San Juan","San Juan","","Mendoza Sur &b. Rivadavia Oeste, Centro","5400","30-70890312-0","","No","No"
"Sabin Ii","Farmacia","San Juan","San Juan","","Av. José Ignacio De La Roza Oeste 1816 Esquina Paula A. De Sarmiento","5400","30-71477920-2","","No","No"
"San Benito Del Mercardo","Farmacia","San Juan","San Juan","","Av. Rawson  294","5400","30-71023373-6","","No","No"
"Del Solar","Farmacia","San Juan","Santa Lucia","","1499, J5411dib, Av. Libertador Gral. San Martin Este 1515,","5411","27-24948729-0","","No","No"
"Farmacia Juana Koslay","Farmacia","San Luis","Juana Koslay","","MICHILINGÜES 2834","5701","27-20409878-1","","Si","No"
"San Antonio","Farmacia","San Luis","Juana Koslay","","Av. Del Viento Chorrillero 1012","5701","27-18482652-1","","Si","Si"
"Santa María","Farmacia","San Luis","Juana Koslay","","AVENIDA PRESIDENTE PERÓN 1200","5701","23-25842373-9","","No","No"
"Farmacia Divino Niño Plaza","Farmacia","San Luis","La Punta","","BARRIO EL NOGAL - MODULO 3 MZ 47 CASA 11","5710","23-22140134-4","","Si","No"
"Colon","Farmacia","San Luis","Merlo","","Las Lajas Y Ruta 1","5881","23-24228789-4","","No","No"
"Farmacia Paravati Ii","Farmacia","San Luis","Merlo","","Poeta Aguero 323","5881","27-22240575-6","","No","No"
"Farmacia Rivadavia","Farmacia","San Luis","Merlo","","PRESBITERO BECERRA 604","5881","20-18232817-1","","No","No"
"Balcarce","Farmacia","San Luis","San Luis","","25 De Mayo 625, D5700agb D5700agb, San Luis","5700","33-71747948-9","","Si","No"
"Dan Bel","Farmacia","San Luis","San Luis","","Bolívar 611","5700","30-71606910-5","","No","No"
"De La Virgen","Farmacia","San Luis","San Luis","","AYACUCHO 1102","5700","20-21516975-9","","No","No"
"Farmacia Aconcagua","Farmacia","San Luis","San Luis","","Mitre 870, D5700 San Luis, Argentina","5700","30-71791364-3","","No","Si"
"Farmacia El Boticario","Farmacia","San Luis","San Luis","","Ayacucho 828","5700","23-31695169-4","","No","No"
"Farmacia La Piramide","Farmacia","San Luis","San Luis","","Cdad. Del Rosario 360","5700","27-14144418-8","","No","No"
"Farmacia Los Alamos ( Bolivar)","Farmacia","San Luis","San Luis","","BOLIVAR 1259","5700","30-71497026-3","","No","No"
"Farmacia Los Alamos (Junin)","Farmacia","San Luis","San Luis","","JUNIN 914","5700","30-71497026-3","","No","No"
"Farmacia Los Alamos (Las Heras )","Farmacia","San Luis","San Luis","","SAN MARTIN 1196","5700","30-71497026-3","","Si","No"
"Farmacia Los Alamos (Maipu) ","Farmacia","San Luis","San Luis","","MAIPU 935","5700","30-71497026-3","","Si","No"
"Farmacia Los Alamos (San Martin))","Farmacia","San Luis","San Luis","","SAN MARTIN 502","5700","30-71497026-3","","Si","No"
"Farmacia Puntana","Farmacia","San Luis","San Luis","","Av España 571","5700","30-63416798-2","","No","No"
"Farmacia San Isidro","Farmacia","San Luis","San Luis","","PRESIDENTE JUAN DOMINGO PERON 1028","5702","27-30529866-8","","No","No"
"Farmacity 152-San Luis 3 - Peatonal","Farmacia","San Luis","San Luis","","RIVADAVIA 602","5700","30-69213874-7","","No","No"
"Farmacity 165-San Luis 4","Farmacia","San Luis","San Luis","","CASEROS Y PRESIDENTE ARTURO ILLIA AVDA.","5700","30-69213874-7","","No","No"
"Farmacity 370 - Sl Sarmiento","Farmacia","San Luis","San Luis","","Sarmiento 796","5700","30-69213874-7","","No","No"
"Farmacity 373 - España","Farmacia","San Luis","San Luis","","Av. España 597","5700","30-69213874-7","","No","No"
"Farmacity 404 - Juana Koslay","Farmacia","San Luis","San Luis","","Av. Del Viento Chorrillero 1420","5701","30-69213874-7","","No","No"
"Farmacity 91-San Luis","Farmacia","San Luis","San Luis","","JUNIN 952","5700","30-69213874-7","","No","No"
"Femesa","Farmacia","San Luis","San Luis","","Colon 1341","5700","30-68398660-3","","No","No"
"Italia","Farmacia","San Luis","San Luis","","Av. Italia 1771","5703","30-71646887-5","","Si","Si"
"Los Alamos Illia","Farmacia","San Luis","San Luis","","Mitre 888","5700","30-71497026-3","","Si","No"
"Los Alamos Lafinur","Farmacia","San Luis","San Luis","","Av. Lafinur 15","5700","30-71497026-3","","No","No"
"Los Alamos (Pringles)","Farmacia","San Luis","San Luis","","PRINGLES 911","5700","30-71497026-3","","Si","No"
"Maria Auxiliadora","Farmacia","San Luis","San Luis","","Avenida España 546","5700","30-58129225-9","","Si","Si"
"Siempre Farmacias San Luis","Farmacia","San Luis","San Luis","","Rivadavia 1052, San Luis","5702","30-71098414-6","","No","No"
"Tello","Farmacia","San Luis","San Luis","","Héroes De Malvinas 323","5700","27-16117245-1","","No","No"
"Farmacia Farmanueva","Farmacia","San Luis","Tilisarao","","9 de Julio 393","5773","27-34660260-6","","No","No"
"Barrio 828","Farmacia","San Luis","Villa Mercedes","","Chacabuco 830","5730","20-37779057-0","","No","No"
"Farmacia Alfa","Farmacia","San Luis","Villa Mercedes","","SAN MARTIN 353","5730","27-20523567-7","","No","No"
"Farmacia Del Aguila I","Farmacia","San Luis","Villa Mercedes","","Pedernera 301","5730","30-71098414-6","","No","No"
"Farmacia Del Aguila Ii","Farmacia","San Luis","Villa Mercedes","","Av. Mitre 601, Villa Mercedes, Provincia De San Luis, Argentina","5730","30-71098414-6","","Si","Si"
"Farmacia Estación ","Farmacia","San Luis","Villa Mercedes","","AV. ORIGONE 457","","27-23822112-4","","No","No"
"Farmacia La Terminal","Farmacia","San Luis","Villa Mercedes","","Chacabuco 28 ","5730","23-13039023-4","","No","No"
"Farmacia Mirta Maria","Farmacia","San Luis","Villa Mercedes","","Balcarce 503","5730","20-25394136-8","","No","No"
"Farmacity 166-San Luis Mitre","Farmacia","San Luis","Villa Mercedes","","CORDOBA 37","5730","30-69213874-7","","No","No"
"Farmacity 97-Villa Mercedes","Farmacia","San Luis","Villa Mercedes","","PEDERNERA 424","5730","30-69213874-7","","No","No"
"Grassi Sucursal I","Farmacia","San Luis","Villa Mercedes","","Av. Bartolomé Mitre 600, D5730 Villa Mercedes, San Luis, Argentina","5730","30-55034012-3","","Si","No"
"Grassi Villa Mercedes","Farmacia","San Luis","Villa Mercedes","","Balcarce 399, D5730 Villa Mercedes, San Luis, Argentina","5730","30-55034012-3","","Si","No"
"Siempre Farmacias Del Aguila","Farmacia","San Luis","Villa Mercedes","","Edison 2","5730","30-71098414-6","","Si","Si"
"Farmacia Buenos Vientos","Farmacia","Santa Cruz","El Calafate","","Monseñor Fagnano 2785, Z9405 El Calafate, Santa Cruz, Argentina","9405","20-32104572-4","","Si","Si"
"Calo","Farmacia","Santa Cruz","Rio Turbio","","Av. De Los Mineros 232","9407","20-28491162-9","","No","No"
"Barbero Veronica","Farmacia","Santa Fe","Acebal","Acebal","BV. CENTENARIO 352","2109","27-23274850-3","","No","No"
"Mansilla","Farmacia","Santa Fe","Acebal","Acebal","MaríA Saá Pereyra 619","2109","27-12379162-8","","No","No"
"Farmacia Capella","Farmacia","Santa Fe","Alcorta","Alcorta","BV. 25 DE MAYO 567","2117","27-32507935-0","","Si","No"
"Farmacia Toneguzzo","Farmacia","Santa Fe","Alcorta","Alcorta","Italia 312","2117","27-31534865-5","","No","No"
"Coronati","Farmacia","Santa Fe","Alvarez","Alvarez","Bv, Av. San Martín 603,","2107","27-20269294-5","","No","No"
"Farmacia Nencioni","Farmacia","Santa Fe","Alvarez","Alvarez","Saavedra 799, S2107 Alvarez, Santa Fe, Argentina","2107","24-28914609-8","","No","No"
"Farmacia Giudice","Farmacia","Santa Fe","Andino","Andino","Lisandro De La Torre 672, Andino, Santa Fe, Argentina","2215","20-26203512-4","","No","No"
"Delpiccolo","Farmacia","Santa Fe","Arequito","Arequito","B. Lopez 1923","2183","27-29736763-9","","No","No"
"Angelero","Farmacia","Santa Fe","Arequito","Arequito","L.N. Alem 1576","2183","27-31663275-6","","No","No"
"Asociacion Mutual Caseros Salud","Farmacia","Santa Fe","Arequito","Arequito","Cordoba 1202","2183","30-71217762-0","","No","No"
"Buccella","Farmacia","Santa Fe","Arequito","Arequito","Av. 9 De Julio 1533, Arequito, Santa Fe","2183","27-17066615-7","","No","No"
"Farmacia Del Valle ","Farmacia","Santa Fe","Arequito","Arequito","ALEM 1340","2183","27-18569321-5","","No","No"
"Farmacia Mariani","Farmacia","Santa Fe","Arequito","Arequito","BRIGADIER LOPEZ 1686","2183","27-34294033-7","","No","No"
"Biagetti","Farmacia","Santa Fe","Armstrong","Armstrong","Blvd. 14 De Diciembre 1802","2508","23-17568272-4","","No","No"
"Francisconi","Farmacia","Santa Fe","Armstrong","Armstrong","Bv Flotr N 1745, Armstrong, Santa Fe","2508","27-17894919-0","","No","No"
"G. Francisconi","Farmacia","Santa Fe","Armstrong","Armstrong","J. Cuffia 1796, S2508 Armstrong, Santa Fe","2508","27-36575889-7","","No","No"
"Berdini","Farmacia","Santa Fe","Arroyo Seco","Arroyo Seco","9 De Julio 845, S2128 Arroyo Seco, Santa Fe","2128","27-22683729-4","","No","No"
"Braccio","Farmacia","Santa Fe","Arroyo Seco","Arroyo Seco","HIPOLITO YRIGOYEN 230","2128","27-24574117-6","","No","No"
"Casciani","Farmacia","Santa Fe","Arroyo Seco","Arroyo Seco","Islas Malvinas 195 Oeste","","27-24750394-9","","No","No"
"Del Prete","Farmacia","Santa Fe","Arroyo Seco","Arroyo Seco","MORENO 295","2128","27-18425768-3","","Si","Si"
"Elisa Laura Grasso (Farmacia Grasso)","Farmacia","Santa Fe","Arroyo Seco","Arroyo Seco","Intendente Costantini 53, Arroyo Seco, Santa Fe","2128","27-30590225-5","","No","No"
"Farmacia Bondieu","Farmacia","Santa Fe","Arroyo Seco","Arroyo Seco","San Martín 621","2128","27-17324172-6","","No","No"
"Farmacia Carfagno","Farmacia","Santa Fe","Arroyo Seco","Arroyo Seco","Juan B. Justo 658","2128","20-34208985-3","","Si","Si"
"Farmacia Delvecchio","Farmacia","Santa Fe","Arroyo Seco","Arroyo Seco","Humberto Primo 659","2128","27-05257276-8","","No","No"
"Farmacia Di Mauro","Farmacia","Santa Fe","Arroyo Seco","Arroyo Seco","MORENO 31","2128","23-20141349-4","","Si","Si"
"Farmacia Grassi","Farmacia","Santa Fe","Arroyo Seco","Arroyo Seco","Sarmiento 641","2128","27-11668368-2","","Si","No"
"Farmacia Malucchi","Farmacia","Santa Fe","Arroyo Seco","Arroyo Seco","San Martín 98, Arroyo Seco, Santa Fe, Argentina","2128","27-13720245-5","","No","No"
"Farmacia Tognetti","Farmacia","Santa Fe","Arroyo Seco","Arroyo Seco","San Martín 337","2128","20-16818226-1","","Si","Si"
"Gaudio","Farmacia","Santa Fe","Arroyo Seco","Arroyo Seco","General López 43, Reconquista, Provincia de Santa Fe, Argentina","2128","27-16498464-3","","No","No"
"Mafka","Farmacia","Santa Fe","Arroyo Seco","Arroyo Seco","Ruta Prov 1 Km 11800, Teófilo Madrejón 1065 Locales 4 Y 5, S3001 Arroyo Leyes, Santa Fe","3001","27-37282582-6","","No","No"
"Farmacia Vicentin (Avellaneda)","Farmacia","Santa Fe","Avellaneda","Avellaneda","SAN MARTIN 875","3561","27-20146158-3","","Si","No"
"Zaballa","Farmacia","Santa Fe","Bigand","Bigand","1º De Mayo 1696","3000","27-33487873-8","","No","No"
"Farmacia Biondi","Farmacia","Santa Fe","Bombal","Bombal","ALTAMIRANO 521","2179","23-20141805-4","","No","No"
"Quadrini","Farmacia","Santa Fe","Bombal","Bombal","belgrano 298","2179","27-31336156-5","","No","No"
"Cargnelutti","Farmacia","Santa Fe","Calchaqui","Calchaqui","Pueyrredón 901","","23-29350100-9","","Si","No"
"Carranza","Farmacia","Santa Fe","Cañada De Gomez","Cañada De Gomez","Marconi 26","2500","27-32306783-5","","No","No"
"Farmacia Marcelo Garcia","Farmacia","Santa Fe","Cañada De Gomez","Cañada De Gomez","LAVALLE 1301 ","2500","20-17102385-9","","No","No"
"Farmacia Martini","Farmacia","Santa Fe","Cañada De Gomez","Cañada De Gomez","Lavalle 939, Cañada de Gomez, Santa Fe, Argentina","2500","27-34385005-6","","Si","No"
"Farmacia Sanchez","Farmacia","Santa Fe","Cañada De Gomez","Cañada De Gomez","BOULEVARD CENTENARIO 505","2500","27-24344712-2","","No","No"
"Fontana","Farmacia","Santa Fe","Cañada De Gomez","Cañada De Gomez","CENTENARIO 2195","2500","27-29119875-4","","No","No"
"Montañez","Farmacia","Santa Fe","Cañada De Gomez","Cañada De Gomez","Ocampo 698","2500","27-34385156-7","","No","No"
"Celario","Farmacia","Santa Fe","Capitan Bermudez","Capitan Bermudez","AVENIDA SAN LORENZO 901","2154","27-35956244-1","","Si","Si"
"Colautti","Farmacia","Santa Fe","Capitan Bermudez","Capitan Bermudez","REMEDIOS DE ESCALADA 19","2154","24-27081990-3","","Si","No"
"Farmacia Gialleonardo","Farmacia","Santa Fe","Capitan Bermudez","Capitan Bermudez","Cristóbal Colón 799","2154","27-16814491-7","","No","No"
"Farmacia Gonzalez","Farmacia","Santa Fe","Capitan Bermudez","Capitan Bermudez","Cristóbal Colón 1312","2154","27-17934932-4","","No","No"
"Farmacia Ricca","Farmacia","Santa Fe","Capitan Bermudez","Capitan Bermudez","PRESIDENTE PERON 99","2154","20-18573581-9","","No","No"
"Farmacia Rosario","Farmacia","Santa Fe","Capitan Bermudez","Capitan Bermudez","Av. San Lorenzo 673","2154","20-20388399-5","","No","No"
"Farmacia Rossini","Farmacia","Santa Fe","Capitan Bermudez","Capitan Bermudez","Cristóbal Colón 13 Local 5, S2154cja Cap. Bermúdez, Santa Fe, Argentina","2154","27-17258125-6","","No","No"
"Rucci","Farmacia","Santa Fe","Capitan Bermudez","Capitan Bermudez","9 de Julio 177, Capitán Bermúdez, Provincia de Santa Fe, Argentina","2154","20-21578952-8","","Si","No"
"Yocco","Farmacia","Santa Fe","Capitan Gomez","Capitan Gomez","San Martín 901","2500","27-37074577-9","","Si","Si"
"Farmacia Mutual Independencia","Farmacia","Santa Fe","Carcaraña","Carcaraña","Av Belgrano 1166 subsuelo","2138","30-63050338-4","","No","No"
"Farmacia Soc Italiana De Socorros Mutuos (Farmacia Mutual Soc Italiana )","Farmacia","Santa Fe","Carcaraña","Carcaraña","SARMIENTO 1405","2135","30-54564097-6","","Si","Si"
"Gassmann","Farmacia","Santa Fe","Carcaraña","Carcaraña","AVENIDA MANUEL BELGRANO 1032","2138","23-06183472-9","","No","No"
"Asociacion Mutual Caseros Salud Casilda","Farmacia","Santa Fe","Casilda","Casilda","Escalada 2642","2170","30-71217762-0","","No","No"
"Farmacia Baleani","Farmacia","Santa Fe","Casilda","Casilda","DANTE ALIGHIERI 2202","2170","20-23737317-1","","Si","No"
"Farmacia Bianucci","Farmacia","Santa Fe","Casilda","Casilda","Hipólito Yrigoyen 1701, Casilda, Provincia de Santa Fe, Argentina","2170","20-22908203-6","","No","No"
"Farmacia Ferrari","Farmacia","Santa Fe","Casilda","Casilda","BUENOS AIRES 3702","2170","27-31099581-4","","No","No"
"Farmacia Fueyo","Farmacia","Santa Fe","Casilda","Casilda","España 2199","2170","27-31973331-6","","No","No"
"Farmacia Gonzalez","Farmacia","Santa Fe","Casilda","Casilda","OVIDIO LAGOS 1848","2170","27-20172864-4","","No","No"
"Farmacia Lamazon","Farmacia","Santa Fe","Casilda","Casilda","1 DE MAYO 1513 ","2170","27-35019120-3","","No","No"
"Farmacia Marelli","Farmacia","Santa Fe","Casilda","Casilda","1 de Mayo 2490","2170","27-31498742-5","","No","No"
"Farmacia Maria Jimena Pressiani","Farmacia","Santa Fe","Casilda","Casilda","Garibaldi 2352","2170","27-30624035-3","","No","No"
"Farmacia Pierabella","Farmacia","Santa Fe","Casilda","Casilda","OVIDIO LAGOS 1101","2170","20-18107921-6","","No","No"
"Farmacia Rivadavia","Farmacia","Santa Fe","Casilda","Casilda","Rivadavia 2125, Casilda, Provincia de Santa Fe, Argentina","2170","27-20269183-3","","No","No"
"Farmacia Sampaoli","Farmacia","Santa Fe","Casilda","Casilda","Buenos Aires 3071","2000","27-25859949-2","","Si","No"
"Farmacia Vaudano","Farmacia","Santa Fe","Casilda","Casilda","MITRE 2599","2170","27-24833794-5","","No","No"
"Farmacia Vazquez","Farmacia","Santa Fe","Casilda","Casilda","VICENTE LOPEZ 2457","2170","27-20706623-6","","Si","No"
"Federada Casilda","Farmacia","Santa Fe","Casilda","Casilda","1ero De Mayo 2820","2170","30-54159260-8","","Si","Si"
"Ferrucci","Farmacia","Santa Fe","Casilda","Casilda","Blvd. Lisandro De La Torre 2859","2170","27-29216211-7","","No","No"
"Maroni","Farmacia","Santa Fe","Casilda","Casilda","BUENOS AIRES 3335","2170","23-13695058-4","","Si","No"
"Marsili","Farmacia","Santa Fe","Casilda","Casilda","LISANDRO DE LA TORRE 1305","2170","27-12143554-9","","No","No"
"Milan","Farmacia","Santa Fe","Casilda","Casilda","BOULEVARD VILLADA 2041","2170","20-16815524-8","","No","No"
"Oviedo","Farmacia","Santa Fe","Casilda","Casilda","Dante Alighieri 1405,","2170","27-33865819-8","","Si","Si"
"Farmacia Albertinazzi ","Farmacia","Santa Fe","Ceres","Ceres","AVENIDA DE MAYO 267 ","2340","20-29149492-8","","Si","Si"
"De La Plaza Chabas","Farmacia","Santa Fe","Chabas","Chabas","Gral. Roca 1669","2173","20-21689037-0","","No","No"
"Del Grecco","Farmacia","Santa Fe","Chabas","Chabas","BME MITRE 1583","2173","27-31169492-3","","Si","No"
"Farmacia Bianchini","Farmacia","Santa Fe","Chabas","Chabas","LAVALLE 1457","2173","27-30677957-0","","No","No"
"Farmacia Busilacchi","Farmacia","Santa Fe","Chabas","Chabas","MORENO 1639, ENTRE MITRE Y PELLEGRINI","2173","27-17373021-2","","Si","No"
"Farmacia Cotognini","Farmacia","Santa Fe","Chabas","Chabas","Moreno 1865","2173","23-30022920-4","","Si","No"
"Pacini","Farmacia","Santa Fe","Chabas","Chabas","Balcarce 1744","2173","27-22477675-1","","No","No"
"Lopez De Maturana","Farmacia","Santa Fe","Chañar Ladeado","Chañar Ladeado","Santa Fe 564","2143","27-30996009-8","","No","No"
"Sociedad Italiana De Socorros Mutuos Victor Manuel Iii","Farmacia","Santa Fe","Chañar Ladeado","Chañar Ladeado","Italia 554","2643","30-63495243-4","","Si","Si"
"Flores Defagot","Farmacia","Santa Fe","Colastine","Colastine","MonseñOr Mario Mendoza 5980","3001","27-34580885-5","","No","No"
"Derico","Farmacia","Santa Fe","Coronel Bogado","Coronel Bogado","Moreno 571","2103","20-17958018-8","","No","No"
"Farmacia Mazzone","Farmacia","Santa Fe","Correa","Correa","9 De Julio 1181","2506","27-23476601-0","","No","No"
"Fanessi","Farmacia","Santa Fe","De La Vera Cruz ","De La Vera Cruz ","1º De Mayo 2899","3000","27-14232649-9","","Si","Si"
"Allassia","Farmacia","Santa Fe","Diaz","Diaz","Av. Sta. Fé 584, Diaz, Santa Fe","2222","23-32218773-4","","No","No"
"Magnano Maria Paula (Carle)","Farmacia","Santa Fe","El Trebol","El Trebol","Bv. América 1043, El Trebol, Provincia de Santa Fe, Argentina","2535","27-35291987-5","","No","No"
"Morelli","Farmacia","Santa Fe","El Trebol","El Trebol","Italia 882","2535","20-29214465-3","","Si","Si"
"Althaus","Farmacia","Santa Fe","Esperanza","Esperanza","Sarmiento 2780","3080","27-16034522-0","","No","No"
"Bar","Farmacia","Santa Fe","Esperanza","Esperanza","Castelli 1028","3080","20-37329821-3","","Si","No"
"Farmacia Barrios","Farmacia","Santa Fe","Esperanza","Esperanza","Simón de Iriondo 3043, Esperanza, Santa Fe, Argentina","3080","20-16345984-2","","No","No"
"Farmacia Fuentes ","Farmacia","Santa Fe","Esperanza","Esperanza","Moreno 742","3080","27-20692556-1","","No","No"
"Longoni","Farmacia","Santa Fe","Esperanza","Esperanza","Saavedra 1806, Esperanza, Santa Fe, Argentina","3080","20-21641489-7","","No","No"
"Saugy","Farmacia","Santa Fe","Esperanza","Esperanza","Av. Los Colonizadores 9","3080","23-22144446-9","","No","No"
"Farmacia Carassai","Farmacia","Santa Fe","Fighiera","Fighiera","Pueyrredón 1070","2126","27-13428777-8","","No","No"
"Farmacia Cresta ","Farmacia","Santa Fe","Fighiera","Fighiera","Moreno 803","2126","27-21843889-5","","No","No"
"Farmacia Del Pueblo","Farmacia","Santa Fe","Fighiera","Fighiera","SAN MARTIN 1125","2126","27-21421614-6","","Si","Si"
"Farmacia Marcucci","Farmacia","Santa Fe","Fighiera","Fighiera","SAN MARTIN 671","2126","27-21843891-7","","No","No"
"Arlotti","Farmacia","Santa Fe","Firmat","Firmat","Juan B. Alberdi 878","2630","27-30533484-2","","No","No"
"Farmacia Acerbi","Farmacia","Santa Fe","Firmat","Firmat","San Martin 1380","2680","27-33596554-5","","Si","No"
"Farmacia Agostinelli","Farmacia","Santa Fe","Firmat","Firmat","SANTA FE AVDA. 1607","2630","27-22481086-0","","No","No"
"Farmacia Bianco Firmat","Farmacia","Santa Fe","Firmat","Firmat","lisandro de la Torre 1695","2630","27-34387147-9","","No","No"
"Farmacia Bucci","Farmacia","Santa Fe","Firmat","Firmat","Carlos Casado 1315","2630","27-17885075-5","","Si","No"
"Farmacia Camillozzi","Farmacia","Santa Fe","Firmat","Firmat","Avenida Santa Fe 891","2630","27-31386746-9","","Si","No"
"Farmacia Cichetti","Farmacia","Santa Fe","Firmat","Firmat","CARLOS CASADO 846","2630","23-24211989-4","","No","No"
"Farmacia Rossi","Farmacia","Santa Fe","Firmat","Firmat","Bv. SolíS 1411","2630","20-20181302-7","","Si","No"
"Orso","Farmacia","Santa Fe","Firmat","Firmat","Avenida Santa Fe 1299, Firmat, Provincia de Santa Fe, Argentina","2630","20-12579396-8","","Si","Si"
"Reali","Farmacia","Santa Fe","Firmat","Firmat","SANTA FE AVDA. 1199","2630","27-20513328-9","","No","No"
"Trucco","Farmacia","Santa Fe","Firmat","Firmat","Libertad 1680","2630","20-17454735-2","","Si","Si"
"Farmacia Ortiz","Farmacia","Santa Fe","Fray Luis Beltram","Fray Luis Beltram","Dr. Arturo Illia 21","","20-16646057-4","","No","No"
"Farmacia Sbrascini ","Farmacia","Santa Fe","Fray Luis Beltran","Fray Luis Beltran","Sarmiento 1321","2156","23-33425677-4","","No","No"
"Bucci","Farmacia","Santa Fe","Fuentes","Fuentes","Bulevar Independencia 542, Fuentes, Provincia de Santa Fe, Argentina","2123","20-29913535-8","","No","No"
"Areco","Farmacia","Santa Fe","Funes","Funes","Av. Fuerza Aerea 2284, S2132 Funes, Santa Fe","2132","27-26089397-7","","No","No"
"Balducchi","Farmacia","Santa Fe","Funes","Funes","Buenos Aires 1654","2132","27-34398931-3","","No","No"
"Camusso","Farmacia","Santa Fe","Funes","Funes","Galindo 3460 Local B","2132","20-23495795-4","","Si","No"
"Cretton","Farmacia","Santa Fe","Funes","Funes","El Talero 3005","2132","27-36311987-0","","Si","No"
"Crosta","Farmacia","Santa Fe","Funes","Funes","Vélez Sarsfield 676","2132","27-13720173-4","","Si","Si"
"Farmacia Bertolotti","Farmacia","Santa Fe","Funes","Funes","Independencia 1911,35jr+2r Funes, Santa Fe, Argentina .   ","2132","20-25799355-9","","Si","Si"
"Farmacia Funes City","Farmacia","Santa Fe","Funes","Funes","Tucumán 59","2132","23-33873952-4","","Si","No"
"Farmacia Lascurain","Farmacia","Santa Fe","Funes","Funes","SAN JOSE 1519","2132","27-23808901-3","","No","No"
"Farmacia Perez Herrera ","Farmacia","Santa Fe","Funes","Funes","CORDOBA 2576 LOCAL 2","2132","30-71586228-6","","Si","No"
"Farmacia Sabin","Farmacia","Santa Fe","Funes","Funes","Av. Fuerza Aerea 1990, S2132GNN Funes, Santa Fe","2132","27-22732451-7","","Si","Si"
"Farmacia Vazquez","Farmacia","Santa Fe","Funes","Funes","ELORZA 1551","2132","27-10309483-1","","No","No"
"Grime","Farmacia","Santa Fe","Funes","Funes","Av. Fuerza Aerea 3169","2132","27-23612194-7","","Si","No"
"Marchetti","Farmacia","Santa Fe","Funes","Funes","Avenida Santa Fe 1631, Funes, Provincia de Santa Fe, Argentina","4600","27-02383502-4","","No","No"
"Vacunatorio Instituto Medico Funes","Vacunatorio","Santa Fe","Funes","Funes","Córdoba 2415","2132","33-71720166-9","","Si","Si"
"Farmacia Meynet","Farmacia","Santa Fe","Galves","Galves","MITRE 1124","2252","27-22283500-9","","No","No"
"Ribell","Farmacia","Santa Fe","Galves","Galves","Av. 20 De Junio 1201","2252","27-37814575-4","","Si","Si"
"Farmacia Ramirez","Farmacia","Santa Fe","Galvez","Galvez","Av. San Martín 2608, S2124 Villa Gdor. Galvez, Santa Fe, Argentina","2124","27-32331706-8","","No","No"
"Righi","Farmacia","Santa Fe","Galvez","Galvez","Sarmiento 820","2252","27-36738030-1","","Si","No"
"Giadans","Farmacia","Santa Fe","Gobernador Baigorria","Gobernador Baigorria","Catamarca 671, S2152 Granadero Baigorria, Santa Fe","2152","23-16770793-9","","No","No"
"Puigpinos","Farmacia","Santa Fe","Gobernador Crespo","Gobernador Crespo","Moreno 601","3044","27-35770729-9","","No","No"
"Trombert","Farmacia","Santa Fe","Gobernador Crespo","Gobernador Crespo","Av. San Martin 204","3044","27-32619893-0","","No","No"
"Farmacia Mutual Club Social Y Deportivo Godeken","Farmacia","Santa Fe","Godeken","Godeken","Calle 13 Nº 905","2639","30-60491596-8","","Si","No"
"Begnis","Farmacia","Santa Fe","Granadero Baigorria","Granadero Baigorria","Silvestre Begnis 519","","23-24953653-9","","Si","Si"
"Farmacia Bianchi","Farmacia","Santa Fe","Granadero Baigorria","Granadero Baigorria","Avenida San Martín 1217, Granadero Baigorria, Provincia de Santa Fe, Argentina","2152","20-21035682-8","","Si","No"
"Farmacia Cosimo","Farmacia","Santa Fe","Granadero Baigorria","Granadero Baigorria","J.M. Estrada 222","2152","27-33446474-7","","Si","Si"
"Farmacia Marconi Karpyszyn","Farmacia","Santa Fe","Granadero Baigorria","Granadero Baigorria","Los Aromos 76, Granadero Baigorria, Provincia de Santa Fe, Argentina","2152","20-17803655-7","","Si","No"
"Farmacia Miniello","Farmacia","Santa Fe","Granadero Baigorria","Granadero Baigorria","Av. San Martín 990","2152","27-17523037-3","","Si","Si"
"Mutual Personal John Deere Argentina","Farmacia","Santa Fe","Granadero Baigorria","Granadero Baigorria","J. C. Orsetti 506","2152","30-51774736-6","","No","No"
"Perretta","Farmacia","Santa Fe","Granadero Baigorria","Granadero Baigorria","Av. San Martin 3157","2152","23-23964424-4","","Si","Si"
"Fedyszyn","Farmacia","Santa Fe","Ibarlucea","Ibarlucea","San Martín 1032, Ibarlucea, Provincia de Santa Fe, Argentina","2142","27-13174861-8","","No","No"
"Cuello","Farmacia","Santa Fe","Laguna Paiva","Laguna Paiva","República De Italia 2496","3020","27-12461815-6","","No","No"
"Farmacia Veltri","Farmacia","Santa Fe","Laguna Paiva","Laguna Paiva","Avenida San Martín 1231","3020","27-24876922-5","","No","No"
"Farmacia Zuazquita","Farmacia","Santa Fe","Laguna Paiva","Laguna Paiva","Avenida San Martín 1129","3020","20-27205152-7","","Si","No"
"Baratti","Farmacia","Santa Fe","Las Parejas","Las Parejas","Ruta Nacional 178, S2505 Las Parejas, Santa Fe, Argentina","2505","27-36303219-8","","No","No"
"Bassanese","Farmacia","Santa Fe","Las Parejas","Las Parejas","C. 21 N 1242","2505","27-32795641-3","","No","No"
"Biamonte (Farmacia Biamonte)","Farmacia","Santa Fe","Las Parejas","Las Parejas","AVENIDA 21 N 686","2505","27-20279002-5","","No","No"
"Farmacia De La Asoc. Mutual Del Sportivo A.c.","Farmacia","Santa Fe","Las Parejas","Las Parejas","Calle 24 N 940","2505","30-63148093-0","","Si","Si"
"Komorovski Alejandro","Farmacia","Santa Fe","Las Parejas","Las Parejas","Calle 25 Numero 774","2505","20-38289297-7","","No","No"
"Farmacia Gallucci","Farmacia","Santa Fe","Las Rosas","Las Rosas","PASO DE LOS ANDES 702","2520","20-20744116-4","","Si","Si"
"Farmacia Mutual Federada (las Rosas)","Farmacia","Santa Fe","Las Rosas","Las Rosas","Italia 745, Las Rosas, Provincia de Santa Fe, Argentina","2520","30-54159260-8","","No","No"
"Ponzio","Farmacia","Santa Fe","Las Rosas","Las Rosas","Tucumán 101","2520","27-13489453-4 ","","Si","Si"
"Farmacia Gerbaudo","Farmacia","Santa Fe","Los Molinos","Los Molinos","BV. NTRA. SRA. DEL ROSARIO 619","2181","27-28990292-4","","No","No"
"Farmacia Castellano","Farmacia","Santa Fe","Maria Juana","Maria Juana","9 De Julio 266","2445","27-33654938-3","","No","No"
"Farmacia Dalmasso","Farmacia","Santa Fe","Maria Juana","Maria Juana","Doctor A. Giraldez 444, María Juana, Provincia de Santa Fe, Argentina","2445","27-27502675-7","","No","No"
"Plagiero","Farmacia","Santa Fe","Maria Juana","Maria Juana","Sarmiento, María Juana, Santa Fe, Argentina","2445","20-18471963-1","","No","No"
"Goyechea","Farmacia","Santa Fe","Maria Teresa","Maria Teresa","San Martín 356, Rosario, Santa Fe, Argentina","2609","20-18598949-7","","No","No"
"Accattoli","Farmacia","Santa Fe","Maximo Paz","Maximo Paz","Los Granaderos 710, S2115 Maximo Paz, Santa Fe","2115","27-26391412-6","","No","No"
"Farmacia Ruggeri","Farmacia","Santa Fe","Montes De Oca","Montes De Oca","Mendoza 641","2521","20-28938754-5","","Si","Si"
"Farmacia Castelli","Farmacia","Santa Fe","Murphy","Murphy","Güemes 166, Murphy, Provincia de Santa Fe, Argentina","2601","27-26731988-5","","No","No"
"Farmacia Kurth","Farmacia","Santa Fe","Murphy","Murphy","San Martín 411, Murphy, Provincia de Santa Fe, Argentina","2601","27-25116370-2","","No","No"
"Dardati","Farmacia","Santa Fe","Nuevo Torino","Nuevo Torino","Eusebio Marcilla 127","3087","23-39123667-4","","Si","Si"
"Farmacia Paciaroni","Farmacia","Santa Fe","Pavon Arriba","Pavon Arriba","Buenos Aires 1081","2920","27-16627999-8","","Si","Si"
"Farmacenter","Farmacia","Santa Fe","Perez","Perez","J. Medrano 1808","2121","27-17744066-9","","Si","Si"
"Farmacia Gualtieri","Farmacia","Santa Fe","Perez","Perez","Av 9 De Julio 1403, Perez, Santa Fé","2121","27-24791842-1","","No","No"
"Cialoni Araceli (Farmacia Cialoni)","Farmacia","Santa Fe","Peyrano","Peyrano","Santa Fe 728, Peyrano, Provincia de Santa Fe, Argentina","2113","27-30985234-1","","No","No"
"Farmacia Carino","Farmacia","Santa Fe","Peyrano","Peyrano","Avenida Centenario 920, Peyrano, Provincia de Santa Fe, Argentina","2113","27-24019205-0","","Si","No"
"Farmacia Sanchez","Farmacia","Santa Fe","Pueblo Esther","Pueblo Esther","Córdoba 1994, Pueblo Esther, Provincia de Santa Fe, Argentina","2126","27-23973736-1","","No","No"
"Filippini","Farmacia","Santa Fe","Pueblo Esther","Pueblo Esther","J.D.Perón 1848","2129","27-22932699-1","","Si","Si"
"Mollo","Farmacia","Santa Fe","Pueblo Esther","Pueblo Esther","Alberdi 2015","2126","20-18484126-7","","Si","Si"
"Farmacia Leszkiewicz ","Farmacia","Santa Fe","Puerto General San Martin","Puerto General San Martin","BUENOS AIRES 1018","2202","27-31187079-9","","Si","No"
"Rodriguez","Farmacia","Santa Fe","Pujato","Pujato","Jorge R. Rodriguez 943","2122","27-14904755-2","","No","No"
"Farmacia Fiori","Farmacia","Santa Fe","Pujato","Pujato","J. R. RODRIGUEZ 567","2122","27-12390607-7","","No","No"
"Farmacia Pennacchioni","Farmacia","Santa Fe","Pujato","Pujato","JORGE RAUL RODRIGUEZ 1199","2122","20-18533676-0","","No","No"
"Marozzi","Farmacia","Santa Fe","Pujato","Pujato","BOULEVARD CRISTOBAL COLON 928","2122","23-22210344-4","","No","No"
"Blatter","Farmacia","Santa Fe","Rafaela","Rafaela","AVENIDA SANTA FE 1460","2300","20-20148923-8","","Si","Si"
"Cecchi","Farmacia","Santa Fe","Rafaela","Rafaela","Bv. Lehmann 747","2300","27-18396717-2","","No","No"
"Corach","Farmacia","Santa Fe","Rafaela","Rafaela","Bv. Sta. Fe 417, S2300 Rafaela, Santa Fe","2300","23-17514860-4","","No","No"
"Cornatosky","Farmacia","Santa Fe","Rafaela","Rafaela","Fernando Fader 567, S2300 Rafaela, Santa Fe","2300","27-36148066-5","","No","No"
"Delbino","Farmacia","Santa Fe","Rafaela","Rafaela","GENERAL BARTOLOME MITRE AVDA. 1148","2300","27-13548877-7","","No","No"
"Elsener","Farmacia","Santa Fe","Rafaela","Rafaela","H. Vieytes 169","2300","27-34935257-0","","No","No"
"Farmacia Abrate","Farmacia","Santa Fe","Rafaela","Rafaela","Av. Luis Fanti 102","2300","23-27891103-9","","No","No"
"Farmacia Bernini","Farmacia","Santa Fe","Rafaela","Rafaela","AV LUIS FANTI 1510","2300","27-22205245-4","","No","No"
"Farmacia Caballero","Farmacia","Santa Fe","Rafaela","Rafaela","Sacripanti 1740, S2300 Rafaela, Santa Fe","2300","23-39500837-4","","No","No"
"Farmacia D´Agostino","Farmacia","Santa Fe","Rafaela","Santa Fe","Jorge Newbery 328, Reconquista,santa Fe, Rafaela","2300","27-37409139-0","","Si","Si"
"Farmacia Dardati","Farmacia","Santa Fe","Rafaela","Rafaela","LAVALLE 64","2300","23-20667111-4","","No","No"
"Farmacia Ingaramo","Farmacia","Santa Fe","Rafaela","Rafaela","Bv. Presidente Julio A. Roca 197, S2300gbi Rafaela, Santa Fe, Argentina","2300","20-10636194-1","","No","No"
"Farmacia Longoni","Farmacia","Santa Fe","Rafaela","Rafaela","Sarmiento 190","2300","27-32503061-0","","No","No"
"Farmacia Mainero","Farmacia","Santa Fe","Rafaela","Rafaela","Av. Suipacha 413","2300","23-42700388-4","","No","No"
"Farmacia Moreno","Farmacia","Santa Fe","Rafaela","Rafaela","Moreno 202, Rafaela, Provincia de Santa Fe, Argentina","2300","20-29312602-0","","No","No"
"Farmacia Sello","Farmacia","Santa Fe","Rafaela","Rafaela","Roca 653","2300","27-17850786-4","","Si","Si"
"Farmacia Walter","Farmacia","Santa Fe","Rafaela","Rafaela","SARMIENTO 110","2300","20-20148907-6","","Si","No"
"Grimaldi","Farmacia","Santa Fe","Rafaela","Rafaela","FALUCHO 30","2300","23-22065130-4","","Si","No"
"Guemberena","Farmacia","Santa Fe","Rafaela","Rafaela","BV LEHMANN 1342","2300","27-36421651-9","","Si","No"
"Leiggener","Farmacia","Santa Fe","Rafaela","Rafaela","Dpi, Av. Italia 1857","2300","20-32060089-9","","Si","Si"
"Morbidoni","Farmacia","Santa Fe","Rafaela","Rafaela","DR ERNESTO B SALVA 34","2300","20-18407093-7","","Si","Si"
"Serra","Farmacia","Santa Fe","Rafaela","Rafaela","Falucho 1403","2300","27-18488252-9","","No","No"
"Tessio","Farmacia","Santa Fe","Rafaela","Rafaela","Aconcagua 602 Aconcagua","2300","27-39500781-0","","No","No"
"Farmacia Vizcay","Farmacia","Santa Fe","Reconquista","Reconquista","25 De Mayo 1088, S3560 Reconquista, Santa Fe, Argentina","3560","27-24194645-8","","Si","Si"
"Farmalife Dulac","Farmacia","Santa Fe","Reconquista","Reconquista","PATRICIO DIEZ 1094","3560","20-22540124-2","","No","No"
"Yukich","Farmacia","Santa Fe","Recreo","Recreo","España 996, S3018 Recreo, Santa Fe, Argentina","3018","27-35083425-2","","Si","Si"
"Avonto Julia Vanesa","Farmacia","Santa Fe","Roldan","Roldan","Oscar Bonavena 2192","2134","27-28188148-0","","Si","Si"
"De Miguel","Farmacia","Santa Fe","Roldan","Roldan","Catamarca 808","2134","27-32481716-1","","Si","No"
"Farmacia Ada","Farmacia","Santa Fe","Roldan","Roldan","Avenida Acequias del Aire 787","2134","27-38983088-2","","No","No"
"Farmacia Orazi","Farmacia","Santa Fe","Roldan","Roldan","Avenida de las Libertades 1810","2134","27-30014761-0","","No","No"
"Farmacia Tumini","Farmacia","Santa Fe","Roldan","Roldan","Boulevard Pellegrini 738, Roldán, Provincia de Santa Fe, Argentina","2134","27-14007094-2","","No","No"
"Farmacia Yobaldi","Farmacia","Santa Fe","Roldan","Roldan","San Martin 818","2134","27-33363745-1","","No","No"
"Giacumelli","Farmacia","Santa Fe","Roldan","Roldan","Rioja 1101","2134","27-22415358-4","","No","No"
"Priotti","Farmacia","Santa Fe","Roldan","Roldan","Blvd. Tierra De Sueños 2866","2134","27-27495994-6","","Si","Si"
"Trionfetti","Farmacia","Santa Fe","Roldan","Roldan","Alberdi 402","2134","20-20217997-6","","No","No"
"Farmacia Moine","Farmacia","Santa Fe","Romang","Romang","9 julio 0111","2301","27-17099935-0","","No","No"
"Diaz ","Farmacia","Santa Fe","Rosario","Rosario","URQUIZA 2371","2000","27-32600341-2","","Si","No"
"(Farmacia Vila)","Farmacia","Santa Fe","Rosario","Rosario","CORDOBA 3199","2000","20-10246539-4","","No","No"
"Adami","Farmacia","Santa Fe","Rosario","República de la Sexta","Av. Pellegrini 3456","2000","27-12522753-3","","No","No"
"Aguirre","Farmacia","Santa Fe","Rosario","Rosario","Güemes 2098, Rosario, Santa Fe, Argentina","2000","27-23964612-9","","Si","Si"
"Aimaretti","Farmacia","Santa Fe","Rosario","Rosario","Ayacucho 2097","2000","27-30763404-5","","Si","No"
"Airaldi","Farmacia","Santa Fe","Rosario","Tablada","Sarmiento 3098, Rosario, Santa Fe, Argentina","2000","27-29686124-9","","Si","Si"
"Alejandra Porta","Farmacia","Santa Fe","Rosario","Arroyito","Baigorria 1477, Rosario, Provincia de Santa Fe, Argentina","2000","20-16778258-3","","No","No"
"Alejandra Viletto (Farmacia Viletto)","Farmacia","Santa Fe","Rosario","Rosario","SARMIENTO 1416","2000","27-31215245-8","","No","No"
"Alemana","Farmacia","Santa Fe","Rosario","Echesortu","Riobamba 1814","2000","27-30517186-2","","Si","No"
"Barbagallo","Farmacia","Santa Fe","Rosario","Empalme Graneros","Juan José Paso 7651, S2000 Rosario, Santa Fe","","27-17591450-7","","No","No"
"Barbera","Farmacia","Santa Fe","Rosario","Empalme Graneros","Av. Eva Peron 7217","2000","27-23761851-9","","Si","Si"
"Bergero","Farmacia","Santa Fe","Rosario","Rosario","Montevideo 1732, Rosario, Santa Fe, Argentina","2000","20-20180246-7","","Si","No"
"Berutti","Farmacia","Santa Fe","Rosario","Rosario","Alem 2402","2000","27-33287409-3","","Si","No"
"Bizzarri","Farmacia","Santa Fe","Rosario","Rosario","JOSE INGENIEROS 876","2000","27-12725567-4","","Si","Si"
"Bonel","Farmacia","Santa Fe","Rosario","Alberdi","Arijon 1288","2011","27-17093824-6","","No","No"
"Brassesco","Farmacia","Santa Fe","Rosario","Parque Latinoamérica","Morrow 4002","2000","20-22122179-7","","Si","No"
"Brunis","Farmacia","Santa Fe","Rosario","Parque Latinoamérica","Arijon 702","2000","20-17184244-2","","Si","Si"
"Calvagna","Farmacia","Santa Fe","Rosario","Echesortu","Provincias Unidas 1723","2000","27-17462142-5","","Si","No"
"Camila Menendez (Farmacia Menendez)","Farmacia","Santa Fe","Rosario","Rosario","VELEZ SARSFIELD 731","2000","27-35398965-6","","No","No"
"Carcacha Cagliero","Farmacia","Santa Fe","Rosario","Villa del Parque","Rueda 2478 Sur,","2000","30-71798676-4","","No","No"
"Ceschin","Farmacia","Santa Fe","Rosario","Empalme Graneros","av. eva peron 7889","2001","27-17464277-5","","Si","No"
"Chiminello","Farmacia","Santa Fe","Rosario","Rosario","San Juan 2010","2000","27-16985006-8","","Si","Si"
"Cladera","Farmacia","Santa Fe","Rosario","Empalme Graneros","Av. Ntra Sra Del Rosario 3189, S2000 Rosario, Santa Fe","2000","27-16770290-8","","No","No"
"Corrientes","Farmacia","Santa Fe","Rosario","Rosario","Corrientes 785","2000","27-05988453-6","","Si","Si"
"Cruz Del Oeste","Farmacia","Santa Fe","Rosario","Empalme Graneros","JUAN JOSÉ PASO 6674","3000","20-25750560-0","","No","No"
"Cubells","Farmacia","Santa Fe","Rosario","Rosario","Av. Eva Perón 8166, S2000 Rosario, Santa Fe","","27-22683563-1","","Si","Si"
"Dana","Farmacia","Santa Fe","Rosario","Rosario","Colombres 480","2000","20-41636609-9","","Si","No"
"Del Aguila","Farmacia","Santa Fe","Rosario","Rosario","Rioja 883, Rosario, Provincia de Santa Fe, Argentina","S2000AYI","23-14081609-4","","No","No"
"Del Bosque","Farmacia","Santa Fe","Rosario","Alberdi","Juan Pablo II 1740, Rosario, Provincia de Santa Fe, Argentina","2000","27-32694126-9","","No","No"
"Del Sol","Farmacia","Santa Fe","Rosario","Rosario","Paraguay 952, Rosario, Santa Fe, Argentina","2000","27-11101347-6","","Si","No"
"Embon - Farmacia Arias","Farmacia","Santa Fe","Rosario","Echesortu","Avenida Pellegrini 4099","2000","27-14836691-3","","No","No"
"Embon - Farmacia Embon","Farmacia","Santa Fe","Rosario","Microcentro","Tucumán 1902","2000","27-20441079-3","","No","No"
"Embon - Farmacia Turin","Farmacia","Santa Fe","Rosario","Rosario","San Martín 5386","S2000IUC","20-14685190-9","","No","No"
"Embon-Farmacia Laura Gomez","Farmacia","Santa Fe","Rosario","Alberdi","Boulevard Rondeau 125","2000","27-12577405-4","","No","No"
"Embon-Farmacia Pennacchietti","Farmacia","Santa Fe","Rosario","Rosario","San Luis 1798","2000","27-20142897-7","","No","No"
"Faggi","Farmacia","Santa Fe","Rosario","Rosario","FRENCH 1276-LOCAL A","2000","27-20705106-9","","Si","No"
"Farma & Cia","Farmacia","Santa Fe","Rosario","Rosario","Mitre 786","2000","27-12112310-5","","No","No"
"Farmacia Abriata","Farmacia","Santa Fe","Rosario","Rosario","KZO, Córdoba 2999, Rosario, Santa Fe, Argentina","2000","27-20175631-1","","Si","Si"
"Farmacia Aguila","Farmacia","Santa Fe","Rosario","Rosario","Cafferata 564, Rosario, Santa Fe, Argentina","2000","27-24322361-5","","Si","Si"
"Farmacia Aires","Farmacia","Santa Fe","Rosario","Rosario","Buenos Aires 2296","2000","20-26912421-1","","Si","Si"
"Farmacia Alberdi","Farmacia","Santa Fe","Rosario","Rosario","AVENIDA ALBERDI 669","2013","27-17194562-9","","Si","Si"
"Farmacia Aleman","Farmacia","Santa Fe","Rosario","Rosario","Tucumán 1099, Rosario, Provincia de Santa Fe, Argentina","2000","27-11183358-9","","Si","No"
"Farmacia Alesso","Farmacia","Santa Fe","Rosario","Rosario","Sarmiento 1296","2000","27-17992273-3","","No","No"
"Farmacia Allamprese","Farmacia","Santa Fe","Rosario","Rosario","ZEBALLOS 1264","2000","27-39502995-4","","No","No"
"Farmacia Alquimia","Farmacia","Santa Fe","Rosario","Lourdes","Corrientes 2670, Rosario, Provincia de Santa Fe, Argentina","2000","20-26669380-0","","No","No"
"Farmacia Astral","Farmacia","Santa Fe","Rosario","Alberdi","Juan Manuel de Rosas 1301","2000","27-34387033-2","","No","No"
"Farmacia Attme ","Farmacia","Santa Fe","Rosario","Villa del Parque","EVA PERON 4790","2000","20-25206577-7","","No","No"
"Farmacia Avenida","Farmacia","Santa Fe","Rosario","Alberdi","ALBERDI AVDA. 1098","2000","27-17460563-2","","Si","No"
"Farmacia Avila","Farmacia","Santa Fe","Rosario","Echesortu","MENDOZA 3762","2000","27-14658065-9","","Si","No"
"Farmacia Ayolas","Farmacia","Santa Fe","Rosario","República de la Sexta","España 3407, Rosario, Provincia de Santa Fe, Argentina","2000","20-22727901-0","","No","No"
"Farmacia Azar","Farmacia","Santa Fe","Rosario","Rosario","Almirante Brown 1799","2000","27-22777800-3","","Si","Si"
"Farmacia Babini","Farmacia","Santa Fe","Rosario","Empalme Graneros","Mendoza 7735, Rosario, Santa Fe, Argentina","2000","30-71105344-8","","Si","No"
"Farmacia Badia","Farmacia","Santa Fe","Rosario","Empalme Graneros","Cordoba 7695 - Av. Eva Perón 7699, S2000 Rosario, Santa Fe","2008","23-17460511-4","","Si","Si"
"Farmacia Badoglio","Farmacia","Santa Fe","Rosario","Martin","Montevideo 6387","2008","27-31631233-6","","No","No"
"Farmacia Bahia","Farmacia","Santa Fe","Rosario","Rosario","BAHIA BLANCA 388 BIS","20313","27-13958988-8","","No","No"
"Farmacia Baigorria","Farmacia","Santa Fe","Rosario","Rosario","Baigorria 957, Rosario, Santa Fe, Argentina","2000","27-24479695-3","","No","No"
"Farmacia Barchi","Farmacia","Santa Fe","Rosario","Rosario","SANTA FE 1483","2000","23-23928026-9","","Si","No"
"Farmacia Batalla","Farmacia","Santa Fe","Rosario","Empalme Graneros","Av. Eva Perón 7782","2000","27-20298544-6","","Si","No"
"Farmacia Belgrano","Farmacia","Santa Fe","Rosario","Las Flores","MENDOZA 6998","2008","27-17515349-2","","No","No"
"Farmacia Bergese","Farmacia","Santa Fe","Rosario","Rosario","Sarmiento 999, Rosario, Santa Fe, Argentina","2000","27-17834855-3","","Si","No"
"Farmacia Bergonzi","Farmacia","Santa Fe","Rosario","Rosario","Salta 1975","2000","27-17460009-6","","Si","No"
"Farmacia Bertero","Farmacia","Santa Fe","Rosario","Empalme Graneros","AV. EVA PERON (EX-CORDOBA) 7025","2000","20-10866471-2","","Si","Si"
"Farmacia Bizzotto","Farmacia","Santa Fe","Rosario","Rosario","Colón 1301, Rosario, Provincia de Santa Fe, Argentina","2000","27-17812090-0","","No","No"
"Farmacia Bonacci","Farmacia","Santa Fe","Rosario","Echesortu","Castro Barros 5202, Rosario, Provincia de Santa Fe, Argentina","2000","27-17055852-4","","Si","Si"
"Farmacia Bono","Farmacia","Santa Fe","Rosario","Rosario","San Lorenzo 1130","2000","27-20594006-0","","Si","No"
"Farmacia Bosaz","Farmacia","Santa Fe","Rosario","Empalme Graneros","MENDOZA 7940","2000","27-18562816-2","","No","No"
"Farmacia Brufal","Farmacia","Santa Fe","Rosario","Martin","Bv. Seguí 5203, Rosario, Santa Fe, Argentina","2000","23-10371407-9","","No","No"
"Farmacia Calvin","Farmacia","Santa Fe","Rosario","Rosario","Junín 1794, Rosario, Santa Fe, Argentina","2000","27-29983135-9","","Si","No"
"Farmacia Cappone","Farmacia","Santa Fe","Rosario","Rosario","BOULEVARD OROÑO 918","2000","27-24282248-5","","No","No"
"Farmacia Cardinali","Farmacia","Santa Fe","Rosario","Rosario","VIAMONTE 1592","2000","20-22545044-8","","No","No"
"Farmacia Castini","Farmacia","Santa Fe","Rosario","Rosario","9 de Julio 414, Rosario, Provincia de Santa Fe, Argentina","2000","27-17881617-4","","Si","Si"
"Farmacia Catena","Farmacia","Santa Fe","Rosario","Martin","Bv. Oroño 5093","2000","20-23344983-1","","No","No"
"Farmacia Ceballos","Farmacia","Santa Fe","Rosario","Rosario","San Nicolás 1899","2000","20-20461084-4","","No","No"
"Farmacia Chiabrando","Farmacia","Santa Fe","Rosario","Rosario","ENTRE RIOS 1121","2000","27-27031074-0","","Si","No"
"Farmacia Ciribe","Farmacia","Santa Fe","Rosario","Echesortu","Ocampo 1880","2000","24-32851182-3","","No","No"
"Farmacia Colon","Farmacia","Santa Fe","Rosario","Rosario","Urquiza 2147, Rosario, Santa Fe, Argentina","2000","27-06378134-2","","No","No"
"Farmacia Concari","Farmacia","Santa Fe","Rosario","Rosario","9 de Julio 764, Rosario, Provincia de Santa Fe, Argentina","2000","27-11127293-5","","No","No"
"Farmacia Cordoba","Farmacia","Santa Fe","Rosario","Rosario","Córdoba 2394","2000","27-17234434-3","","Si","Si"
"Farmacia Coriasco","Farmacia","Santa Fe","Rosario","Echesortu","Cafferata 1242, S2000 Rosario, Santa Fe, Argentina","2000","27-03218180-0","","No","No"
"Farmacia Cotugno","Farmacia","Santa Fe","Rosario","Fisherton","SAN MARTIN 4842","2000","20-16943482-5","","Si","Si"
"Farmacia Cruz Del Portal","Farmacia","Santa Fe","Rosario","Rosario","V. Mercante 431","2000","20-17228960-7","","Si","Si"
"Farmacia Cruz Del Sur","Farmacia","Santa Fe","Rosario","Lourdes","Boulevard Oroño 2875, Rosario, Santa Fe, Argentina","2000","20-20461780-6","","Si","No"
"Farmacia Culla","Farmacia","Santa Fe","Rosario","Villa del Parque","EVA PERON 5401","2008","23-25959222-4","","Si","No"
"Farmacia Curto","Farmacia","Santa Fe","Rosario","Echesortu","San Lorenzo 2299, Rosario, Provincia de Santa Fe, Argentina","2000","27-17913619-3","","No","No"
"Farmacia De Elia","Farmacia","Santa Fe","Rosario","Rosario","PTE. ROCA 756","2000","27-27174900-2","","Si","No"
"Farmacia De La Plaza","Farmacia","Santa Fe","Rosario","Rosario","Laprida 772","2000","23-17281048-9","","No","No"
"Farmacia Del Barrio","Farmacia","Santa Fe","Rosario","Martin","Boulevard Rondeau 3411","2000","27-18271067-4","","No","No"
"Farmacia Del Circulo","Farmacia","Santa Fe","Rosario","Rosario","MENDOZA 742","2001","27-35114669-4","","Si","Si"
"Farmacia Del Leon","Farmacia","Santa Fe","Rosario","Rosario","CORDOBA 1704","2000","27-27230176-5","","No","No"
"Farmacia Del Siglo","Farmacia","Santa Fe","Rosario","Rosario","Córdoba 1469, Rosario, Santa Fe, Argentina","2000","20-16070389-0","","No","No"
"Farmacia Del Sur","Farmacia","Santa Fe","Rosario","Empalme Graneros","Paraguay 6220","2000","27-12736286-1","","No","No"
"Farmacia Desana","Farmacia","Santa Fe","Rosario","Echesortu","Mitre 2078","2000","27-21415300-4","","No","No"
"Farmacia Di Sipio","Farmacia","Santa Fe","Rosario","Rosario","Riccheri 1198","2000","27-24902471-1","","No","No"
"Farmacia Dimarco","Farmacia","Santa Fe","Rosario","Martin","Bv. Oroño 5831 Bi, Entre Madre Cabrini Y Brandons","2011","27-21011110-2","","Si","No"
"Farmacia Donado","Farmacia","Santa Fe","Rosario","Rosario","Donado 672, Rosario, Santa Fe, Argentina","2000","20-21932912-2","","Si","No"
"Farmacia Elias ","Farmacia","Santa Fe","Rosario","Rosario","Urquiza 1990, S2000 Anz, Santa Fe, Argentina","2000","27-40268773-3","","Si","Si"
"Farmacia Entreconti","Farmacia","Santa Fe","Rosario","Villa Gobernador Galvez","Avenida Ovidio Lagos 5106, Rosario, Santa Fe, Argentina","2000","27-20354680-2","","No","No"
"Farmacia Fabio","Farmacia","Santa Fe","Rosario","Rosario","Mendoza 1903, Rosario, Santa Fe, Argentina","2000","20-23465541-9","","No","No"
"Farmacia Farma 4","Farmacia","Santa Fe","Rosario","Lourdes","Bv. Oroño 2609","2000","20-17249032-9","","Si","No"
"Farmacia Farmava","Farmacia","Santa Fe","Rosario","Rosario","San Lorenzo 1380","2000","30-71623141-7","","Si","No"
"Farmacia Fernandez Savioli","Farmacia","Santa Fe","Rosario","Rosario","Av. H. Irigoyen 1407","2000","27-16491102-6","","Si","Si"
"Farmacia Ferrero","Farmacia","Santa Fe","Rosario","Rosario","Santiago num 6, Rosario, Santa Fe, Argentina","2000","27-20298614-0","","No","No"
"Farmacia Fessia","Farmacia","Santa Fe","Rosario","Nueva Roma","Martin Fierro 370","2000","20-21008292-2","","No","No"
"Farmacia Fisherton","Farmacia","Santa Fe","Rosario","Empalme Graneros","Avenida Eva Perón 8055","2000","27-20598952-3","","Si","No"
"Farmacia Flores","Farmacia","Santa Fe","Rosario","Rosario","BV. OROÑO 1191 ESQ. MENDOZA","2000","27-17413968-2","","Si","No"
"Farmacia Foglia Martina","Farmacia","Santa Fe","Rosario","Rosario","Callao 301, Rosario, Provincia de Santa Fe, Argentina","2000","23-34177347-4","","No","No"
"Farmacia Franz","Farmacia","Santa Fe","Rosario","Belgrano","Mendoza 5802, BQN, Provincia de Santa Fe, Argentina","2000","27-17481541-6","","Si","Si"
"Farmacia Galizia","Farmacia","Santa Fe","Rosario","Rosario","Boulevard Seguí 1701, Rosario, Santa Fe, Argentina","2000","20-21958841-1","","Si","No"
"Farmacia Gamulin","Farmacia","Santa Fe","Rosario","Rosario","Rodriguez 714","2000","23-13600695-9","","No","No"
"Farmacia Garis ","Farmacia","Santa Fe","Rosario","Rosario","GENERAL URQUIZA 1605","2000","27-17849920-9","","No","No"
"Farmacia Gasparini","Farmacia","Santa Fe","Rosario","Rosario","Rioja 1909, Rosario, Provincia de Santa Fe, Argentina","2000","27-20077185-6","","Si","Si"
"Farmacia Genciana","Farmacia","Santa Fe","Rosario","Parque Latinoamérica","MAESTROS SANTAFESINOS 4885 PB LOCAL2","2000","27-33816564-7","","No","No"
"Farmacia Gentile","Farmacia","Santa Fe","Rosario","Rosario","Avenida Alberto.J.Paz 1065, Funes, Santa Fe, Argentina","2000","27-18032251-0","","Si","No"
"Farmacia Ghezzi","Farmacia","Santa Fe","Rosario","Nueva Roma","Virasoro 1304, Rosario, Santa Fe, Argentina","2000","27-14287644-8","","No","No"
"Farmacia Go Farma","Farmacia","Santa Fe","Rosario","Rosario","BALCARCE 816","2000","27-29690467-3","","No","No"
"Farmacia Gomez","Farmacia","Santa Fe","Rosario","Rosario","AVENIDA ALBERDI 243, entre junin y velez sarfield","2013","27-11125569-0","","Si","Si"
"Farmacia Guglielmino","Farmacia","Santa Fe","Rosario","Rosario","Mendoza 1595, BIE, Santa Fe, Argentina","2000","20-20853716-5","","Si","No"
"Farmacia Hamann","Farmacia","Santa Fe","Rosario","Lourdes","ENTRE RIOS 3431","2000","27-04519115-5","","No","No"
"Farmacia Hanono","Farmacia","Santa Fe","Rosario","Echesortu","Primero de Mayo 1698, Rosario, Santa Fe, Argentina","2000","23-17773168-4","","Si","No"
"Farmacia Hipolito","Farmacia","Santa Fe","Rosario","Martin","Boulevard Oroño 5397","2000","20-11448150-6","","No","No"
"Farmacia Inglesa","Farmacia","Santa Fe","Rosario","Rosario","SARMIENTO 641","2000","20-10629335-0","","Si","Si"
"Farmacia Insaurralde","Farmacia","Santa Fe","Rosario","Rosario","Francia 1085 Local 4","2000","20-22838651-1","","Si","No"
"Farmacia Isabel Marconi","Farmacia","Santa Fe","Rosario","Rosario","Arm, San Lorenzo 1315, S2000 Rosario, Provincia De Santa Fe","2000","27-13077914-5","","No","No"
"Farmacia Ivarz ","Farmacia","Santa Fe","Rosario","Las Flores","Mendoza 6255, BRB, Provincia de Santa Fe, Argentina","2008","20-20175129-3","","Si","No"
"Farmacia Jelusich","Farmacia","Santa Fe","Rosario","Rosario","Buenos Aires 1612, Rosario, Santa Fe, Argentina","2000","27-12256628-0","","Si","No"
"Farmacia La Capital","Farmacia","Santa Fe","Rosario","Rosario","CORRIENTES 1402 ","2000","20-20806316-3","","No","No"
"Farmacia La Fe","Farmacia","Santa Fe","Rosario","Nuevo Alberdi","AVELLANEDA 1199","2002","20-17462195-1","","Si","Si"
"Farmacia Lambas","Farmacia","Santa Fe","Rosario","Echesortu","IRIONDO 1820","2003","27-20579713-6","","Si","Si"
"Farmacia Lazarte","Farmacia","Santa Fe","Rosario","Echesortu","Superí 1466, Rosario, Provincia de Santa Fe, Argentina","2000","27-20461453-4","","Si","No"
"Farmacia Liberatore","Farmacia","Santa Fe","Rosario","Villa Gobernador Galvez","OVIDIO LAGOS 5436","2011","27-23964135-6","","No","No"
"Farmacia Lombardelli","Farmacia","Santa Fe","Rosario","Echesortu","Mendoza 2595","2000","20-17425518-1","","No","No"
"Farmacia Lorenzetti","Farmacia","Santa Fe","Rosario","Rosario","Necochea 1795","2000","20-04707038-5","","No","No"
"Farmacia Lumani","Farmacia","Santa Fe","Rosario","Lourdes","San Luis 2922, Rosario, Provincia de Santa Fe, Argentina","2002","27-20686540-2","","Si","No"
"Farmacia Malier","Farmacia","Santa Fe","Rosario","Rosario","Balcarce 298, Rosario, Provincia de Santa Fe, Argentina","2000","27-20175433-5","","Si","No"
"Farmacia Mandrile Rita","Farmacia","Santa Fe","Rosario","Rosario","PRESIDENTE ROCA 195","2000","27-12155637-0","","Si","Si"
"Farmacia Masarotto","Farmacia","Santa Fe","Rosario","Alberdi","Avenida Arijon 2199, Rosario, Santa Fe, Argentina","2000","27-11126078-3","","Si","Si"
"Farmacia Menapace","Farmacia","Santa Fe","Rosario","Rosario","San Nicolás 301","2000","27-37579387-9","","Si","Si"
"Farmacia Mendoza","Farmacia","Santa Fe","Rosario","Rosario","Mendoza 1201, Rosario, Santa Fe, Argentina","2000","27-16352629-3","","No","No"
"Farmacia Mercurio","Farmacia","Santa Fe","Rosario","Rosario","SANTA FE 1813","2000","27-17341321-7","","Si","Si"
"Farmacia Minaglia","Farmacia","Santa Fe","Rosario","Rosario","Entre Ríos 2564","2000","27-33655642-8","","No","No"
"Farmacia Mir","Farmacia","Santa Fe","Rosario","Fisherton","GENERAL SAN MARTIN AVDA. 4315","2001","23-18163737-4","","Si","No"
"Farmacia Mitter","Farmacia","Santa Fe","Rosario","Nuevo Alberdi","Avenida Carballo 194","2000","27-16009879-7","","Si","No"
"Farmacia Moledo","Farmacia","Santa Fe","Rosario","Martin","Boulevard Rondeau 3695, Rosario, Santa Fe, Argentina","2000","27-22081996-0","","Si","No"
"Farmacia Montes","Farmacia","Santa Fe","Rosario","Rosario","Bv. Presidente Julio A. Roca 901, Rafaela, Santa Fe","2000","20-18161922-9","","No","No"
"Farmacia Moscato ","Farmacia","Santa Fe","Rosario","Rosario","Sarmiento 456","2000","27-11874265-1","","No","No"
"Farmacia Mutual Federada ( Rosario)","Farmacia","Santa Fe","Rosario","Rosario","Moreno 1143","2000","30-54159260-8","","Si","Si"
"Farmacia Novisky","Farmacia","Santa Fe","Rosario","Fisherton","San Martin 3399","2000","20-29926362-3","","No","No"
"Farmacia Oldani","Farmacia","Santa Fe","Rosario","Alberdi","Boulevard Avellaneda 384, Rosario, Santa Fe, Argentina","2000","27-17819493-9","","Si","No"
"Farmacia Orlandi","Farmacia","Santa Fe","Rosario","Rosario","San Martín 3098, Rosario, Santa Fe, Argentina","2000","27-17668352-5","","No","No"
"Farmacia Ovidio Lagos","Farmacia","Santa Fe","Rosario","Echesortu","OVIDIO LAGOS 1399","2000","20-22206609-4","","No","No"
"Farmacia Parque Britania ","Farmacia","Santa Fe","Rosario","Rosario","Paraguay 102, Rosario, Provincia de Santa Fe, Argentina","2000","23-20182273-4","","Si","Si"
"Farmacia Parque Corrientes","Farmacia","Santa Fe","Rosario","Rosario","Corrientes 198, Rosario, Santa Fe, Argentina","2000","27-28499850-8","","Si","Si"
"Farmacia Pasteur","Farmacia","Santa Fe","Rosario","Lourdes","Boulevard Seguí 2803, Rosario, Santa Fe, Argentina","2000","23-22244154-4","","No","No"
"Farmacia Pecchio","Farmacia","Santa Fe","Rosario","Acindar","Avenida Ovidio Lagos 4601, Rosario, Santa Fe, Argentina","2000","20-12830802-5","","Si","No"
"Farmacia Pellegrini","Farmacia","Santa Fe","Rosario","Rosario","Avenida Pellegrini 1197","2000","20-17819276-1","","Si","Si"
"Farmacia Percara","Farmacia","Santa Fe","Rosario","Alberdi","3 de Febrero 2011, Rosario, Santa Fe, Argentina","2000","27-31758505-0","","No","No"
"Farmacia Perdomo","Farmacia","Santa Fe","Rosario","Rosario","San Luis 2492","2000","23-18046101-9","","Si","No"
"Farmacia Pesado","Farmacia","Santa Fe","Rosario","Rosario","San Juan 1701, Rosario, Santa Fe, Argentina","2000","27-16935167-3","","Si","No"
"Farmacia Porcel ","Farmacia","Santa Fe","Rosario","Rosario","AYOLAS 396","2001","27-22329167-3","","No","No"
"Farmacia Prieto","Farmacia","Santa Fe","Rosario","Empalme Graneros","Sadi Carnot 6193, Rosario, Provincia de Santa Fe, Argentina","2000","27-14587338-5","","Si","Si"
"Farmacia Robin","Farmacia","Santa Fe","Rosario","Alberdi","Avenida Juan Bautista Alberdi 951, Buenos Aires, Argentina","2000","27-22595348-7","","Si","Si"
"Farmacia Roldan","Farmacia","Santa Fe","Rosario","Rosario","Balcarce 162","2000","27-17716723-7","","Si","No"
"Farmacia Romero","Farmacia","Santa Fe","Rosario","Lourdes","Bv. Oroño 3207","2000","27-16852307-1","","Si","No"
"Farmacia Ronchi","Farmacia","Santa Fe","Rosario","Echesortu","3 de Febrero 1283","2000","27-17897660-0","","No","No"
"Farmacia Ruggeri","Farmacia","Santa Fe","Rosario","Nuevo Alberdi","Boulevard Avellaneda 735, Rosario, Santa Fe, Argentina","2000","20-22210312-7","","No","No"
"Farmacia Saia","Farmacia","Santa Fe","Rosario","Rosario","Francia 1501","2000","27-24688995-9","","Si","Si"
"Farmacia Sala","Farmacia","Santa Fe","Rosario","Belgrano","MENDOZA 4903 ","2002","27-21008210-2","","No","No"
"Farmacia San Jorge","Farmacia","Santa Fe","Rosario","Rosario","Avenida Pellegrini 809, Rosario, Santa Fe, Argentina","2000","20-20392121-8","","No","No"
"Farmacia San Jose","Farmacia","Santa Fe","Rosario","Rosario","PELLEGRINI AVDA.1395","2000","27-20820864-6","","No","No"
"Farmacia Sartor","Farmacia","Santa Fe","Rosario","Rosario","España 901, Rosario, Provincia de Santa Fe, Argentina","2000","27-11102599-7","","Si","No"
"Farmacia Scarpignato","Farmacia","Santa Fe","Rosario","República de la Sexta","BOULEVARD NICASIO OROÑO 1509","2000","27-12521157-2","","No","No"
"Farmacia Sindical De Luz Y Fuerza Rosario","Farmacia","Santa Fe","Rosario","Rosario","ENTRE RIOS 982","2000","30-55098485-3","","Si","No"
"Farmacia Stiefel ","Farmacia","Santa Fe","Rosario","Las Flores","BV RONDEAU 1642","2005","30-71445747-7","","No","No"
"Farmacia Striebeck","Farmacia","Santa Fe","Rosario","Rosario","CORDOBA 2730","2000","20-22541377-1","","Si","Si"
"Farmacia Tonelli","Farmacia","Santa Fe","Rosario","Rosario","ENTRE RIOS 1916","2000","27-28627735-2","","No","No"
"Farmacia Varela","Farmacia","Santa Fe","Rosario","Rosario","Mariano Moreno 3096","2001","27-20142613-3","","Si","Si"
"Farmacia Via Cordoba","Farmacia","Santa Fe","Rosario","Villa del Parque","Avenida Eva Perón 5753, Rosario, Provincia de Santa Fe, Argentina","2000","20-22300172-7","","No","No"
"Farmacia Vidal","Farmacia","Santa Fe","Rosario","Rosario","San juan 681","","27-34023890-2","","Si","No"
"Farmacia Wirzt","Farmacia","Santa Fe","Rosario","Rosario","San Luis 2101, Rosario, Santa Fe, Argentina","2000","27-31347978-7","","No","No"
"Farmacia Yasparra","Farmacia","Santa Fe","Rosario","Rosario","Montevideo 1364, Rosario, Provincia de Santa Fe, Argentina","2000","27-12720861-7","","Si","No"
"Farmacia Zan","Farmacia","Santa Fe","Rosario","Rosario","San Juan 2729, S2000 Rosario, Santa Fe","","27-30710952-8","","Si","No"
"Farmagreen","Farmacia","Santa Fe","Rosario","Rosario","Bv. Avellaneda Bis 524","2000","20-20461403-3","","Si","Si"
"Farmashop-Farmacia Casadei","Farmacia","Santa Fe","Rosario","Rosario","9 de Julio 1798, Rosario, Santa Fe, Argentina","2000","20-14019366-7","","Si","Si"
"Farmasimply Lucentini","Farmacia","Santa Fe","Rosario","Rosario","Avellaneda 98","2000","27-35294069-6","","Si","No"
"Farmavip-Marcela  Chividini","Farmacia","Santa Fe","Rosario","Empalme Graneros","Boulevard Seguí 6958, Rosario, Santa Fe, Argentina","2000","27-24492009-3","","Si","No"
"Fcia Juan Canals","Farmacia","Santa Fe","Rosario","República de la Sexta","España 4496","2000","27-16770454-4","","Si","No"
"Gervatti","Farmacia","Santa Fe","Rosario","Nuevo Alberdi","Bv. Avellaneda Bis 967, S2013ewe Rosario, Santa Fe","2013","27-20269223-6","","No","No"
"Gini","Farmacia","Santa Fe","Rosario","Rosario","Av. San Martín 497","2000","27-28136437-0","","Si","No"
"Gonzalez Calvo","Farmacia","Santa Fe","Rosario","Rosario","Boulevard 27 de Febrero 1499, Rosario, Santa Fe, Argentina","2000","27-12720961-3","","Si","Si"
"Granate-Cavatorta","Farmacia","Santa Fe","Rosario","Rosario","SAN MARTÍN AVDA. 5023","2000","27-04850138-4","","Si","Si"
"Granate-Corsi","Farmacia","Santa Fe","Rosario","Martin","TEJEDA 2666","2000","27-14087421-9","","No","No"
"Granate-Rodriguez Moreale","Farmacia","Santa Fe","Rosario","Nueva Roma","SORRENTO AVDA. 1072","2000","27-14180409-5","","No","No"
"Grassi","Farmacia","Santa Fe","Rosario","Rosario","Alvear 894","2000","27-34424814-7","","No","No"
"Grilli","Farmacia","Santa Fe","Rosario","Rosario","San Juan 601","3000","27-17093837-8","","No","No"
"Gugliotta","Farmacia","Santa Fe","Rosario","Nueva Roma","Av. Del Rosario 1402","2011","27-20354133-9","","No","No"
"Guimerans Eugenia","Farmacia","Santa Fe","Rosario","Rosario","9 De Julio 2264","2003","27-36054698-0","","Si","Si"
"Inchaurza","Farmacia","Santa Fe","Rosario","Rosario","Leandro N. Alem 1914","2000","20-22105824-1","","Si","Si"
"Knobel","Farmacia","Santa Fe","Rosario","Tablada","SARMIENTO 4590","2000","27-05661792-8","","No","No"
"La Salud","Farmacia","Santa Fe","Rosario","Rosario","Corrientes 2198, FYR, Santa Fe, Argentina","2000","20-16728602-0","","No","No"
"Lafranchi","Farmacia","Santa Fe","Rosario","República de la Sexta","PELLEGRINI AVDA. 1909","2000","27-10557199-8","","Si","Si"
"Mainonis","Farmacia","Santa Fe","Rosario","Rosario","Juan José Paso 1652","2000","27-24282199-3","","Si","Si"
"Maipu","Farmacia","Santa Fe","Rosario","Rosario","San Luis 902, Rosario, Santa Fe, Argentina","2000","27-17054220-2","","Si","Si"
"Marketing Farm-Avellaneda","Farmacia","Santa Fe","Rosario","Belgrano","Córdoba 4101, Rosario, Provincia de Santa Fe, Argentina","2000","27-24444201-9","","No","No"
"Marketing Farm-Farmacia Antoniotti","Farmacia","Santa Fe","Rosario","Rosario","pellegrini 1538","2000","27-13795079-6","","Si","No"
"Marketing Farm-Farmacia Oeste","Farmacia","Santa Fe","Rosario","Villa del Parque","EVA PERON 6694","2000","27-06378695-6","","No","No"
"Marketing Farm-Fenoglio","Farmacia","Santa Fe","Rosario","Lourdes","Zeballos 1901, Rosario, Santa Fe, Argentina","2000","27-20259179-0","","No","No"
"Marketing Farm-La Florida","Farmacia","Santa Fe","Rosario","Martin","Boulevard Rondeau 3302, Rosario, Provincia de Santa Fe, Argentina","2000","27-14921920-5","","Si","No"
"Micaela Iglesias","Farmacia","Santa Fe","Rosario","Rosario","Güemes 2499, S2000jbe Rosario, Santa Fe","2000","27-34411443-4","","Si","No"
"Moroni","Farmacia","Santa Fe","Rosario","Rosario","PELLEGRINI AVDA.1571","2000","27-02819532-5","","No","No"
"Mutual -  Meba","Farmacia","Santa Fe","Rosario","Rosario","Entre Ríos 721, Rosario, Santa Fe, Argentina","2000","33-62636535-9","","Si","Si"
"Mutual Amur (rosario)","Farmacia","Santa Fe","Rosario","Rosario","Salta 2172","2000","30-56751013-8","","No","No"
"Neofarm","Farmacia","Santa Fe","Rosario","Rosario","Sta Fe 4340 Oeste","2000","27-29415754-4","","Si","Si"
"Oriol","Farmacia","Santa Fe","Rosario","Rosario","Junin 498","2000","27-11871119-5","","No","No"
"Orioli","Farmacia","Santa Fe","Rosario","Rosario","Córdoba 2275, Rosario, Provincia de Santa Fe, Argentina","2000","27-20774893-0","","Si","No"
"Ossacra","Farmacia","Santa Fe","Rosario","Rosario","San Luis 2125","2000","30-69637555-7","","No","No"
"Pagani","Farmacia","Santa Fe","Rosario","Rosario","Junín 5302","2000","27-22040503-1","","No","No"
"Pairone","Farmacia","Santa Fe","Rosario","República de la Sexta","Agrelo 993","2000","27-33734754-7","","Si","Si"
"Pardo","Farmacia","Santa Fe","Rosario","Rosario","Cafferata 397, S2000 Rosario, Santa Fe","","27-18617317-7","","No","No"
"Parizzia ","Farmacia","Santa Fe","Rosario","Echesortu","WHEELWRIGHT 1475","2000","27-28565826-3","","No","No"
"Parque España ","Farmacia","Santa Fe","Rosario","Rosario","Salta 1222, Rosario, Santa Fe, Argentina","2000","20-16604747-2","","Si","Si"
"Pieristei Esteban Rodolfo ","Farmacia","Santa Fe","Rosario","Tablada","Sarmiento 3202","2000","20-17229478-3","","Si","No"
"Placenti Nestor","Farmacia","Santa Fe","Rosario","Echesortu","San Juan 3501","2000","20-17160644-7","","Si","Si"
"Pool Ocaño","Farmacia","Santa Fe","Rosario","Rosario","Vélez Sársfield 566","2000","27-32275196-1","","No","No"
"Ragazzo","Farmacia","Santa Fe","Rosario","Rosario","CONSTITUCION 940","2000","27-18074717-1","","No","No"
"Rodriguez Silvia Guadalupe","Farmacia","Santa Fe","Rosario","Belgrano","San Luis 4570","2000","27-13953666-0","","Si","Si"
"Rotger Nora","Farmacia","Santa Fe","Rosario","Rosario","AV. FRANCIA 1173","2000","27-12700929-0","","Si","No"
"San Cayetano","Farmacia","Santa Fe","Rosario","Rosario","Buenos Aires 2554","2000","27-13689229-6","","No","No"
"Santa Cruz","Farmacia","Santa Fe","Rosario","Rosario","Paraguay 1401","2000","27-18519631-9","","Si","No"
"Silvana Lorenzetti","Farmacia","Santa Fe","Rosario","Rosario","VIAMONTE 88","2000","27-28055541-5","","No","No"
"Solari","Farmacia","Santa Fe","Rosario","Rosario","Av. San Martín 5602","2000","27-03546292-4","","Si","Si"
"Solis","Farmacia","Santa Fe","Rosario","Rosario","9 De Julio 2498","2000","27-38588594-1","","No","No"
"Tantera","Farmacia","Santa Fe","Rosario","Las Flores","Boulevard Rondeau 2052, Rosario, Santa Fe, Argentina","2000","20-18097852-7","","No","No"
"Tartarelli","Farmacia","Santa Fe","Rosario","Las Flores","Boulevard Rondeau 1350, Rosario, Provincia de Santa Fe, Argentina","2000","20-16439168-0","","No","No"
"Terrazzino","Farmacia","Santa Fe","Rosario","Echesortu","Callao 935","2000","23-23462176-9","","No","No"
"Torresi","Farmacia","Santa Fe","Rosario","Belgrano","Buenos Aires 4271","2000","27-10309015-1","","No","No"
"Umansky","Farmacia","Santa Fe","Rosario","Rosario","SAN MARTÍN 3998","2000","27-12804498-7","","Si","Si"
"Vacunatorio Creced","Vacunatorio","Santa Fe","Rosario","Rosario","Suipacha 815","2002","30-71451221-4","","Si","No"
"Vacunatorio Go Vacunas","Vacunatorio","Santa Fe","Rosario","Echesortu","Rioja 2292","2000","30-54601778-4","","Si","No"
"Vacunatorio Instituto Del Niño","Vacunatorio","Santa Fe","Rosario","Rosario","Entre Rios 1647","2000","30-52151558-5","","Si","Si"
"Vescio","Farmacia","Santa Fe","Rosario","Rosario","Velez Sarfield 369","2000","27-14016127-1","","No","No"
"Victoria (Farmacia Victoria)","Farmacia","Santa Fe","Rosario","Rosario","ESPAÑA 620","2000","20-17350538-9","","No","No"
"Lucconi","Farmacia","Santa Fe","Rufino","Rufino","Manuel Roca 340","6100","27-20233033-4","","No","No"
"Victoria Correa","Farmacia","Santa Fe","Rufino","Rufino","Juan B. Justo 200","6100","27-39049366-0","","Si","Si"
"Milanese","Farmacia","Santa Fe","Salto Grande","Salto Grande","Porteña 130","2142","27-10519696-8","","No","No"
"Farmacia Franke","Farmacia","Santa Fe","San Carlos","San Carlos","Tucumán 1443, San Lorenzo, Provincia de Santa Fe, Argentina","2200","27-35583715-2","","Si","No"
"Calcaterra","Farmacia","Santa Fe","San Carlos Centro","San Carlos Centro","AVENIDA GRAL SAN MARTIN 1217","3013","27-17496295-8","","Si","No"
"Magra","Farmacia","Santa Fe","San Genaro","San Genaro","BME MITRE 1471","2146","27-16690149-4","","Si","Si"
"Profeta","Farmacia","Santa Fe","San Genaro","San Genaro","9 De Julio","2147","23-34171760-4","","No","No"
"Farmacia Perez","Farmacia","Santa Fe","San Gregorio","San Gregorio","Belgrano 944","2613","27-26369706-0","","Si","Si"
"Actis Alesina","Farmacia","Santa Fe","San Jorge","San Jorge","Urquiza 1473","2452","27-17590946-5","","Si","No"
"Degrati","Farmacia","Santa Fe","San Jorge","San Jorge","BOULEVARD DR LISANDRO DE LA TORRE 1318","2452","27-11724504-2","","Si","Si"
"Farmacia Angelinetta","Farmacia","Santa Fe","San Jorge","San Jorge","Alberdi 1105","2542","23-31038811-4","","No","No"
"Farmacia Pognante","Farmacia","Santa Fe","San Jorge","San Jorge","Av. San Martin 943","2452","27-16459578-7","","Si","No"
"Forni Pereyra","Farmacia","Santa Fe","San Jorge","San Jorge","Bv. Lisandro De La Torre 795","2452","30-71829232-4","","Si","No"
"Pons","Farmacia","Santa Fe","San Jorge","San Jorge","Blvd. Pres. Perón 1274","2452","27-33880520-4","","Si","Si"
"Vicco","Farmacia","Santa Fe","San Jorge","San Jorge","Hipólito Irigoyen 1351","2452","27-05887310-7","","No","No"
"Farmacia Ciriaci","Farmacia","Santa Fe","San Jose De La Esquina","San Jose De La Esquina","S2185 San Jose De La Esq., Santa Fe","2185","20-23912454-3","","Si","Si"
"Farmacia Lillini","Farmacia","Santa Fe","San Jose De La Esquina","San Jose De La Esquina","José M. Carcamo 589, San José de la Esquina, Santa Fe Province, Argentina","2185","27-31196126-3","","No","No"
"Farmacia Lazzaroni","Farmacia","Santa Fe","San Justo","San Justo","Figueredo 2755","3040","20-10511058-9","","No","No"
"Montes","Farmacia","Santa Fe","San Justo","San Justo","Gral. Urquiza 2567","3040","27-29276202-5","","No","No"
"Rios","Farmacia","Santa Fe","San Lorenzo","San Lorenzo","Av. Dorrego 1554","","20-13923687-5","","Si","Si"
"Alessandri ","Farmacia","Santa Fe","San Lorenzo","San Lorenzo","Sargento Cabral 1335","1629","27-21578303-6","","No","No"
"Ardissone","Farmacia","Santa Fe","San Lorenzo","San Lorenzo","José Ingenieros 1104","2299","27-34778036-2","","Si","No"
"Farmacia Ali","Farmacia","Santa Fe","San Lorenzo","San Lorenzo","Pasaje Inmigrante 758","2200","27-17258124-8","","No","No"
"Farmacia Arias","Farmacia","Santa Fe","San Lorenzo","San Lorenzo","Av. Dorrego 2760","2200","20-13715144-9","","No","No"
"Farmacia Cecilia Rojas","Farmacia","Santa Fe","San Lorenzo","San Lorenzo","AV SAN MARTIN 1169","2200","27-31213057-8","","Si","No"
"Farmacia Dorrego","Farmacia","Santa Fe","San Lorenzo","San Lorenzo","Dorrego 2119","2200","27-23612302-8","","No","No"
"Farmacia Froschauer","Farmacia","Santa Fe","San Lorenzo","San Lorenzo","San Carlos 744, San Lorenzo, Provincia de Santa Fe, Argentina","2200","27-24878113-6","","No","No"
"Farmacia Lopez","Farmacia","Santa Fe","San Lorenzo","San Lorenzo","Avenida San Martín 1302, San Lorenzo, Provincia de Santa Fe, Argentina","2200","27-05751600-9","","No","No"
"Farmacia Mugica","Farmacia","Santa Fe","San Lorenzo","San Lorenzo","BV URQUIZA 801","2200","23-33706673-9","","No","No"
"Farmacia Rojas","Farmacia","Santa Fe","San Lorenzo","San Lorenzo","Sargento Cabral 552 ","2200","27-18244669-1","","Si","Si"
"Farmacia Roquetta","Farmacia","Santa Fe","San Lorenzo","San Lorenzo","Sargento Cabral 884","2200","20-14720438-9","","No","No"
"Farmacia Sucursal Calzia Javier","Farmacia","Santa Fe","San Lorenzo","San Lorenzo","Belgrano 675, San Lorenzo, Provincia de Santa Fe, Argentina","2200","20-16837885-9","","No","No"
"Gomez","Farmacia","Santa Fe","San Lorenzo","San Lorenzo","Blvd. El Lapacho 568, 2202 Puerto Gral. San Martin, Santa Fe","","27-40278323-6","","Si","Si"
"Miriam Garcia","Farmacia","Santa Fe","San Lorenzo","San Lorenzo","BOULEVARD OROÑO 1546","2200","23-17258199-4","","Si","No"
"Mutual Amur (san Lorenzo)","Farmacia","Santa Fe","San Lorenzo","San Lorenzo","Avenida San Martín 1147, San Lorenzo, Provincia de Santa Fe, Argentina","2200","30-56751013-8","","No","No"
"Popular","Farmacia","Santa Fe","San Lorenzo","San Lorenzo","Boulevard Oroño 621, San Lorenzo, Provincia de Santa Fe, Argentina","2200","27-12948938-9","","Si","Si"
"Rucci","Farmacia","Santa Fe","San Lorenzo","San Lorenzo","SAN MARTIN AVDA. 943","2200","27-11741237-2","","No","No"
"Sutkowski","Farmacia","Santa Fe","San Lorenzo","San Lorenzo","Hipólito Yrigoyen 2698, S2200 Hvr, Santa Fe, Argentina","2200","27-17234706-7","","No","No"
"Terzaghi","Farmacia","Santa Fe","San Lorenzo","San Lorenzo","San Martín 3071","2200","27-23961859-1","","Si","No"
"Daniela Jalit","Farmacia","Santa Fe","San Vicente","San Vicente","BV 9 DE JULIO 263","2447","27-20145792-6","","Si","Si"
"Farmacia Roggero","Farmacia","Santa Fe","Santa Clara De Buena Vista","Santa Clara De Buena Vista","Av. San Matín 551","2258","23-28242576-9","","No","No"
"Pusseto","Farmacia","Santa Fe","Santa Clara De Buena Vista","Santa Clara De Buena Vista","Coronel Dominguéz 483","2258","20-16627210-7","","No","No"
"Abregu","Farmacia","Santa Fe","Santa Fe","Villa del Parque","AVENIDA GOB R FREYRE 3029","3000","20-16117363-1","","No","No"
"Actis","Farmacia","Santa Fe","Santa Fe","Santa Fe","El Nogal 6484","2126","27-22296931-5","","Si","No"
"Amherdt","Farmacia","Santa Fe","Santa Fe","Santa Fe","Saavedra 2499","3000","20-17027902-7","","No","No"
"Asociacion Mutual Afiliados A La Caja De Ingenieria (Farmacia Amaci)","Farmacia","Santa Fe","Santa Fe","Santa Fe","SAN JERONIMO 3045","3000","30-71331920-8","","Si","No"
"Asociacion Mutual Sancor Salud","Farmacia","Santa Fe","Santa Fe","Barranquitas","Rivadavia 3204","3000","30-59035479-8","","No","No"
"Azanza","Farmacia","Santa Fe","Santa Fe","Santa Fe","SAN MARTIN 2983","3000","27-25819699-1","","No","No"
"Bolognesi","Farmacia","Santa Fe","Santa Fe","Santa Fe","Av. Facundo Zuviria 5079","3002","20-29618780-2","","No","No"
"Bourdin","Farmacia","Santa Fe","Santa Fe","Santa Fe","Alberdi 3500,","3002","27-34466569-4","","No","No"
"Caraballo","Farmacia","Santa Fe","Santa Fe","Santa Fe","Diag. Goyena 3460 Oeste, S3006kcj Santa Fe De La Vera Cruz, Santa Fe","3000","27-14397664-0","","Si","Si"
"Del Centro","Farmacia","Santa Fe","Santa Fe","Santa Fe","Corrientes 888","2000","27-17068902-5","","No","No"
"Dentesani","Farmacia","Santa Fe","Santa Fe","Santa Fe","Ituzaingó 1357, S3000 Santa Fe De La Vera Cruz, Santa Fe","3000","27-36710821-0","","No","No"
"Farmacia Acosta Mariano","Farmacia","Santa Fe","Santa Fe","Santa Fe","Suipacha 2506","3000","20-18278127-5","","Si","Si"
"Farmacia Amudeba","Farmacia","Santa Fe","Santa Fe","Santa Fe","PRIMERA JUNTA 2664","3000","30-71452064-0","","No","No"
"Farmacia Banchio","Farmacia","Santa Fe","Santa Fe","Santa Fe","AVENIDA GENERAL PAZ 7165","3000","27-31502735-2","","Si","No"
"Farmacia Barrientos","Farmacia","Santa Fe","Santa Fe","Santa Fe","9 de Julio 2198","3000","20-13395852-6","","No","No"
"Farmacia Costa Samita","Farmacia","Santa Fe","Santa Fe","Norte","ARISTOBULO DEL VALLE 6378","3000","20-21973834-0","","No","No"
"Farmacia Donadio","Farmacia","Santa Fe","Santa Fe","Santa Fe","Javier de la Rosa 322","3000","20-18043206-0","","No","No"
"Farmacia Figueroa Sobrero","Farmacia","Santa Fe","Santa Fe","Santa Fe","GENERAL PAZ 7471","3000","20-14048723-7","","No","No"
"Farmacia Luz Y Fuerza","Farmacia","Santa Fe","Santa Fe","Santa Fe","9 DE JULIO 2682","3000","30-54575824-1","","No","No"
"Farmacia Monasterolo","Farmacia","Santa Fe","Santa Fe","Santa Fe","Blvd. Eva Peron 236, S2535 Santa Fe, Argentina","2535","27-14737375-4","","No","No"
"Farmacia Mutual Federada 25 De Junio Spr","Farmacia","Santa Fe","Santa Fe","Santa Fe","San Jerónimo 3320","3000","30-54159260-8","","No","No"
"Farmacia Sabio","Farmacia","Santa Fe","Santa Fe","Santa Fe","Angel Cassanello 898","3000","27-13563906-6","","No","No"
"Farmacia Sen Coltrinari","Farmacia","Santa Fe","Santa Fe","Santa Fe","Salvador del Carril 1672","3000","30-71721437-0","","No","No"
"Farmacia Valverde","Farmacia","Santa Fe","Santa Fe","Santa Fe","1 de Mayo 2215","3000","27-13894593-1","","No","No"
"Farmalife El Inca","Farmacia","Santa Fe","Santa Fe","Santa Fe","SAN MARTIN 2255","3000","27-33892537-4","","No","No"
"Farmalife Gottero","Farmacia","Santa Fe","Santa Fe","Santa Fe","SAN MARTIN 2699","3000","23-20215983-4","","No","No"
"Farmalife Lencinas","Farmacia","Santa Fe","Santa Fe","Santa Fe","BALCARCE 2384","3000","23-12064963-9","","No","No"
"Farmalife Pasteur","Farmacia","Santa Fe","Santa Fe","Santa Fe","MARCIAL CANDIOTTI 3499","3000","20-29352853-6","","No","No"
"Mercado Central","Farmacia","Santa Fe","Santa Fe","Santa Fe","San Jerónimo 2179","3000","20-30501605-6","","No","No"
"Mutual Amur (santa Fe)","Farmacia","Santa Fe","Santa Fe","Santa Fe","25 de Mayo 2091, Ciudad de Santa Fe, Provincia de Santa Fe, Argentina","3000","30-56751013-8","","No","No"
"Mutual A.M.U.S","Farmacia","Santa Fe","Santa Fe","Barranquitas","Rivadavia 3076","3000","30-69366417-5","","No","No"
"Pacce","Farmacia","Santa Fe","Santa Fe","Santa Fe","Avenida Aristóbulo del Valle 4900, Santa Fe, Argentina","3000","27-21595307-1","","No","No"
"Sileoni","Farmacia","Santa Fe","Santa Fe","Santa Fe","Ángel Cassanello 519","3000","27-14409931-7","","No","No"
"Vinderola","Farmacia","Santa Fe","Santa Fe","Santa Fe","BV PELLEGRINI 3060","5000","20-20320016-2","","No","No"
"Werlen","Farmacia","Santa Fe","Santa Fe","Santa Fe","Urquiza 70, S2447 San Vicente, Santa Fe","2447","27-37772084-4","","Si","No"
"Zentner","Farmacia","Santa Fe","Santa Fe","Santa Fe","SAN GERONIMO 3101","3000","20-28073998-8","","No","No"
"Asborno","Farmacia","Santa Fe","Santa Teresa","Santa Teresa","SARMIENTO AVDA. 799","2111","20-17855381-0","","Si","No"
"Miñon","Farmacia","Santa Fe","Santa Teresa","Santa Teresa","San Martín 305","2111","27-33594500-5","","Si","Si"
"Escobar","Farmacia","Santa Fe","Santo Tome","Santa Teresa","Av. 7 De Marzo 1527","3016","23-18043490-9","","Si","No"
"Farmacia Curado","Farmacia","Santa Fe","Santo Tome","Santa Teresa","Colectora Oeste Autopista Santa Fe-rosario Km 151 Locales U31 Y U 37","3016","20-20785165-6","","No","No"
"Marcolini","Farmacia","Santa Fe","Santo Tome","Santa Teresa","AV. LUJAN 2692","3016","27-24524053-3","","Si","No"
"Mutual Santo Tomas De Aquino","Farmacia","Santa Fe","Santo Tome","Santa Teresa","Moreno 1898","3016","30-71457940-8","","No","No"
"Pescetti Julieta","Farmacia","Santa Fe","Santo Tome","Santa Teresa","AV. 7 DE MARZO 1760","3016","27-35018669-2","","Si","No"
"Stessens","Farmacia","Santa Fe","Santo Tome","Santa Teresa","AVENIDA 7 DE MARZO 1884","3016","27-18043242-1","","No","No"
"Bossio","Farmacia","Santa Fe","Sastre","Sastre","9 De Julio 1305","2440","23-21419293-4","","No","No"
"Moretti","Farmacia","Santa Fe","Serodino","Serodino","LAS HERAS 781","2216","27-18537940-5","","No","No"
"Farmacia Longhi","Farmacia","Santa Fe","Soldini","Soldini","SAN MARTIN 1258","2107","20-17828414-3","","No","No"
"Airasca","Farmacia","Santa Fe","Sunchales","Sunchales","Av. Irigoyen 1180","2322","27-17328293-7","","No","No"
"Farmacia Caula","Farmacia","Santa Fe","Sunchales","Sunchales","AMEGHINO 314","2322","27-30701458-6","","No","No"
"Nucci","Farmacia","Santa Fe","Susana","Susana","Av San Martin 281 A, Susana ( Google Av. 11 De Agosto 281, S2301 Susana, Santa Fe)","2302","27-35954203-3","","No","No"
"Farmacia Melo","Farmacia","Santa Fe","Teodelina","Teodelina","Moreno 265","6009","27-29979106-3","","No","No"
"Farmacia Moyano","Farmacia","Santa Fe","Teodelina","Teodelina","Av. Jose Roberti 802","6009","27-24558471-2","","Si","No"
"Farmacia Canales","Farmacia","Santa Fe","Timbues","Timbues","San Martín 736, S2204 Timbúes, Santa Fe, Argentina","2204","23-32563208-9","","Si","Si"
"Roma Sandra","Farmacia","Santa Fe","Timbues","Timbues","Avenida San Martin 578","2204","27-18067619-3","","No","No"
"Bertero","Farmacia","Santa Fe","Tostado","Tostado","Pres. Perón 2040","3060","27-31273464-3","","Si","Si"
"Daiana Belen Pesce (Farmacia Pesce)","Farmacia","Santa Fe","Totoras","Totoras","BV BELGRANO 998","2144","27-34751954-0","","Si","No"
"Salvucci","Farmacia","Santa Fe","Totoras","Totoras","9 de julio 1253","2144","20-21578137-3","","No","No"
"Albizu (Farmacia Albizu)","Farmacia","Santa Fe","Venado Tuerto","Venado Tuerto","San Martín 299, Venado Tuerto, Provincia de Santa Fe, Argentina","2600","27-17612113-6","","Si","Si"
"Asociacion Mutual De Farmacia","Farmacia","Santa Fe","Venado Tuerto","Venado Tuerto","MITRE 518","2600","30-57556570-7","","No","No"
"Berti-Rostan","Farmacia","Santa Fe","Venado Tuerto","Venado Tuerto","Mitre 1098","2600","30-71521526-4","","No","No"
"Capel","Farmacia","Santa Fe","Venado Tuerto","Venado Tuerto","Lisandro De La Torre 589","2600","23-26586603-4","","Si","No"
"Farmacia Bangher","Farmacia","Santa Fe","Venado Tuerto","Venado Tuerto","Av. Casey 501, Venado Tuerto, Santa Fe, Argentina","2600","23-17310032-9","","No","No"
"Farmacia Capecchi","Farmacia","Santa Fe","Venado Tuerto","Venado Tuerto","Avellaneda 207","2600","27-12741954-5","","No","No"
"Farmacia Del Cueto","Farmacia","Santa Fe","Venado Tuerto","Venado Tuerto","LAVALLE 701","2600","20-16629359-7","","Si","No"
"Farmacia Escalada","Farmacia","Santa Fe","Venado Tuerto","Venado Tuerto","MARCONI 142","2600","27-16994603-0","","No","No"
"Farmacia Moscoso","Farmacia","Santa Fe","Venado Tuerto","Venado Tuerto","SAN MARTIN 1391","2600","27-14314080-1","","Si","No"
"Farmacia Mutual Federada (Venado Tuerto)","Farmacia","Santa Fe","Venado Tuerto","Venado Tuerto","Avenida Casey 597","2600","30-54159260-8","","No","No"
"Farmacia Racca","Farmacia","Santa Fe","Venado Tuerto","Venado Tuerto","PUEYRREDON 104","2600","27-18292794-0","","No","No"
"Farmacia Slesarchik","Farmacia","Santa Fe","Venado Tuerto","Venado Tuerto","Pueyrredón 561 - Local","2600","27-18055052-1","","No","No"
"Marina","Farmacia","Santa Fe","Venado Tuerto","Venado Tuerto","Maipú 752, Venado Tuerto, Provincia de Santa Fe, Argentina","2600","27-22206485-1","","Si","Si"
"Mutual Amur (venado Tuerto)","Farmacia","Santa Fe","Venado Tuerto","Venado Tuerto","Mitre 753, Venado Tuerto, Provincia de Santa Fe, Argentina","2600","30-56751013-8","","No","No"
"Mutual Apla ","Farmacia","Santa Fe","Venado Tuerto","Venado Tuerto","Av. Estrugamou 1199","2600","30-70711135-2","","Si","Si"
"Mutual Luz Y Fuerza ","Farmacia","Santa Fe","Venado Tuerto","Venado Tuerto","Av. Estrugamou 1985","2600","30-70780080-8","","No","No"
"Pais","Farmacia","Santa Fe","Venado Tuerto","Venado Tuerto","Av. Sta Fe & Mitre","2600","27-18292791-6","","No","No"
"Petri","Farmacia","Santa Fe","Venado Tuerto","Venado Tuerto","AZCUENAGA 904","2600","20-17603971-0","","No","No"
"Ricciardi","Farmacia","Santa Fe","Venado Tuerto","Venado Tuerto","Brown 538","2600","27-37295405-7","","No","No"
"Irale Ferrero","Farmacia","Santa Fe","Vera","Vera","Rivadavia 1631","3550","20-39947680-2","","No","No"
"Farmacia Marconetti","Farmacia","Santa Fe","Vila","Vila","BV R Acuña 114, Vila, Santa Fe","2306","20-17929719-2","","No","No"
"Novaretto","Farmacia","Santa Fe","Vila","Vila","Belgrano Oeste 057","2306","27-17870424-4","","Si","Si"
"Farmacia Crespo","Farmacia","Santa Fe","Villa Cañas","Villa Cañas","Av. 50 58, S2607 Villa Cañas, Santa Fe, Argentina","2607","27-17999019-4","","No","No"
"Farmacia Romero","Farmacia","Santa Fe","Villa Cañas","Villa Cañas","CALLE 48 N 29","2607","27-22636381-0","","No","No"
"Farmacia Tosi","Farmacia","Santa Fe","Villa Cañas","Villa Cañas","Calle 55  305","2607","20-20358296-0","","Si","Si"
"Asociacion Española Socorros Mutuos","Farmacia","Santa Fe","Villa Constitucion","Villa Constitucion","General San Martín 1272, Villa Constitución, Santa Fe, Argentina","2919","30-54603859-5","","No","No"
"Balbuena","Farmacia","Santa Fe","Villa Constitucion","Villa Constitucion","SAN MARTIN 1600","2919","27-16814212-4","","No","No"
"Calgaro","Farmacia","Santa Fe","Villa Constitucion","Villa Constitucion","Dorrego 2331, S2919cxu Villa Constitución, Santa Fe, Argentina","2919","20-20017981-2","","Si","No"
"Farmacia Del Sarto","Farmacia","Santa Fe","Villa Constitucion","Villa Constitucion","Belgrano 998, Villa Constitución, Santa Fe, Argentina","2919","20-17194582-9","","No","No"
"Farmacia Garavaglia","Farmacia","Santa Fe","Villa Constitucion","Villa Constitucion","Av. San MartíN 1360","2919","20-11151867-0","","No","No"
"Farmacia Giuntoli","Farmacia","Santa Fe","Villa Constitucion","Villa Constitucion","Córdoba 590, Villa Constitución, Provincia de Santa Fe, Argentina","2919","27-11100550-3","","No","No"
"Farmacia Maino","Farmacia","Santa Fe","Villa Constitucion","Villa Constitucion","14 DE FEBRERO 802","2919","20-06512907-9","","No","No"
"Farmacia Rivadavia","Farmacia","Santa Fe","Villa Constitucion","Villa Constitucion","Calle Rivadavia 1400, Villa Constitución, Santa Fe, Argentina","2919","20-22545137-1","","No","No"
"Farmacia Romagnoli","Farmacia","Santa Fe","Villa Constitucion","Villa Constitucion","LISANDRO DE LA TORRE 643","2919","27-12158237-1","","No","No"
"Farmacia Stehli","Farmacia","Santa Fe","Villa Constitucion","Villa Constitucion","San Martín 762, Villa Constitución, Provincia de Santa Fe, Argentina","2919","27-12822638-4","","No","No"
"Mutual Industrial Acindar","Farmacia","Santa Fe","Villa Constitucion","Villa Constitucion","BELGRANO 1626","2919","30-54617227-5","","Si","Si"
"Dassie","Farmacia","Santa Fe","Villa Eloisa","Villa Eloisa","Belgrano 700","2503","27-32114102-7","","No","No"
"Farmacia Aguirre","Farmacia","Santa Fe","Villa Gobernador Galvez","Villa Gobernador Galvez","AVENIDA FILIPPINI 1872 ","2124","27-12500604-9","","No","No"
"Farmacia Dalleva","Farmacia","Santa Fe","Villa Gobernador Galvez","Villa Gobernador Galvez","EVA PERON 1934","2124","27-17558917-7","","No","No"
"Granate-Geremia","Farmacia","Santa Fe","Villa Gobernador Galvez","Villa Gobernador Galvez","SAN MARTÍN AVDA. 2030","2124","23-11441627-4","","No","No"
"Perotti","Farmacia","Santa Fe","Villa Gobernador Galvez","Villa Gobernador Galvez","Pje. Girardi 1263","2124","27-24569513-1","","Si","No"
"Rotundo","Farmacia","Santa Fe","Villa Gobernador Galvez","Villa Gobernador Galvez","J. D. Peron 2099","2000","20-07822916-1","","Si","No"
"Carrasco","Farmacia","Santa Fe","Zavalla","Zavalla","BV VILLARINO 2188","2125","27-17429119-0","","Si","No"
"Farmacia Yorbandi","Farmacia","Santiago Del Estero","Frias","","Corrientes 110 Y Juan F. Ibarra ","4230","27-17183837-7","","No","No"
"Yorbandi Gral Paz Belgrano","Farmacia","Santiago Del Estero","Frias","","Belgrano 90","4233","33-71766466-9","","Si","Si"
"Belgrano Ruta","Farmacia","Santiago Del Estero","La Banda","","Rp1 51, La Banda, Santiago Del Estero, Argentina","4300","33-69976502-9","","Si","No"
"Farmacia Belgrano","Farmacia","Santiago Del Estero","La Banda","","BELGRANO 141","4300","33-69976502-9","","No","No"
"Farmacia Belgrano Cassaffousth","Farmacia","Santiago Del Estero","La Banda","","Cassaffouth 36","4300","33-69976502-9","","Si","Si"
"Farmacity 326-Sgo Del Estero 5","Farmacia","Santiago Del Estero","La Banda","","LEANDRO N. ALEM 145","4202","30-69213874-7","","No","No"
"Farmalife Santa Rosa","Farmacia","Santiago Del Estero","La Banda","","ALEM 419","4300","30-71127493-2","","No","No"
"La Esquina Belgrano Centro","Farmacia","Santiago Del Estero","La Banda","","España 453, G4300 La Banda, Santiago Del Estero, Argentina","4300","33-69976502-9","","No","No"
"La Esquina Belgrano San Fernando","Farmacia","Santiago Del Estero","La Banda","","Ruta 1 Y C. 5, G4300 La Banda, Santiago Del Estero, Argentina","4300","33-69976502-9","","No","No"
"La Estacion","Farmacia","Santiago Del Estero","La Banda","","ALEM 26","G4300EQB","30-71152125-5","","No","No"
"Universitaria I","Farmacia","Santiago Del Estero","La Banda","","Av. San Martín 180","4300","30-63828564-5","","No","No"
"Farmacie Vi","Farmacia","Santiago Del Estero","Maco","","Ruta 9 Y Camino Del Buen Ayre, Maco","4200","30-71229878-9","","Si","Si"
"Centro I ","Farmacia","Santiago Del Estero","Santiago Del Estero","","AV BELGRANO ESQ. AVELLANEDA","G4200AAS","30-68670924-4","","No","No"
"Centro","Farmacia","Santiago Del Estero","Santiago Del Estero","","Buenos Aires 207, G4202azr Santiago Del Estero, Argentina","G4202azr ","30-68670924-4","","Si","No"
"Centro Ii","Farmacia","Santiago Del Estero","Santiago Del Estero","","9 De Julio 151","4200","30-68670924-4","","No","No"
"Express","Farmacia","Santiago Del Estero","Santiago Del Estero","","Av. Belgrano Sud 335","4200","27-31739679-7","","No","No"
"Farmacia Cabildo","Farmacia","Santiago Del Estero","Santiago Del Estero","","Puerto Deseado 34, G4200 Santiago Del Estero, Argentina","4200","23-14350630-4","","No","No"
"Farmacia La Esquina Fernandez","Farmacia","Santiago Del Estero","Santiago Del Estero","","San Martín 298, Santiago Del Estero","4322","30-70918938-3","","No","No"
"Farmacia Urbana","Farmacia","Santiago Del Estero","Santiago Del Estero","","Av. Libertad 699, G4200 Santiago Del Estero","4200","27-21968577-2","","No","No"
"Farmacie","Farmacia","Santiago Del Estero","Santiago Del Estero","","SAENZ PEÑA AVDA.115","4200","30-71229878-9","","No","No"
"Farmacie Ii","Farmacia","Santiago Del Estero","Santiago Del Estero","","24 de Septiembre 439","4200","30-71229878-9","","Si","No"
"Farmacie Iii","Farmacia","Santiago Del Estero","Santiago Del Estero","","BELGRANO (S) 1695","4200","30-71229878-9","","No","No"
"Farmacie Independencia","Farmacia","Santiago Del Estero","Santiago Del Estero","","Independencia 931","4200","30-71229878-9","","Si","Si"
"Farmacie Iv","Farmacia","Santiago Del Estero","Santiago Del Estero","","AV. BELGRANO N. 219","4200","30-71229878-9","","No","No"
"Farmacie Sur ","Farmacia","Santiago Del Estero","Santiago Del Estero","","Av Colon S/N Mza 37 Lote 4 Barrio Saint Germen","4200","20-34409669-5","","No","No"
"Farmacie V","Farmacia","Santiago Del Estero","Santiago Del Estero","","Av. Aguirre Sur 1965","4200","30-71229878-9","","No","No"
"Farmacity 173-Santiago Del Estero","Farmacia","Santiago Del Estero","Santiago Del Estero","","TUCUMAN 244","4200","30-69213874-7","","No","No"
"Farmacity 277 - Sdelestero 2 ","Farmacia","Santiago Del Estero","Santiago Del Estero","","BELGRANO 681/683/685/687 SUR","4200","30-69213874-7","","No","No"
"Farmacity 305-Santiago Del Estero 3","Farmacia","Santiago Del Estero","Santiago Del Estero","","AVELLANEDA 119","4200","30-69213874-7","","No","No"
"Farmacity 319 - S.Del Estero 4","Farmacia","Santiago Del Estero","Santiago Del Estero","","AV. ROCA 537","4200","30-69213874-7","","No","No"
"Farmalife Catedral Ii - Santiago Del Estero","Farmacia","Santiago Del Estero","Santiago Del Estero","","AVENIDA BELGRANO 196","4200","30-64767550-2","","No","No"
"Farmalife Catedral Iv - Santiago Del Estero","Farmacia","Santiago Del Estero","Santiago Del Estero","","LIBERTAD 598","4200","30-64767550-2","","No","No"
"Farmalife San Francisco","Farmacia","Santiago Del Estero","Santiago Del Estero","","AV. Belgrano (SUR) 2778","4200","33-71533204-9","","No","No"
"Farmanoa","Farmacia","Santiago Del Estero","Santiago Del Estero","","Av. Moreno Sur 694, G4200 Santiago Del Estero","","30-71803378-7","","No","No"
"La Esquina","Farmacia","Santiago Del Estero","Santiago Del Estero","","LA PLATA 99","4200","30-68664352-9","","No","No"
"La Esquina 25 De Mayo","Farmacia","Santiago Del Estero","Santiago Del Estero","","CALLE 25 DE MAYO 150","4200","30-70918938-3","","No","No"
"La Esquina 9 De Julio","Farmacia","Santiago Del Estero","Santiago Del Estero","","CALLE 9 DE JULIO 554","4200","30-71233604-4","","No","No"
"La Esquina Bolivia","Farmacia","Santiago Del Estero","Santiago Del Estero","","ABSALON ROJAS 995","4200","30-70918938-3","","No","No"
"La Esquina Camino De La Costa","Farmacia","Santiago Del Estero","Santiago Del Estero","","Av. Victor Alcorta 4390","4200","30-70918938-3","","No","No"
"La Esquina Chasqui","Farmacia","Santiago Del Estero","Santiago Del Estero","","BELGRANO 2595","4200","30-70918938-3","","No","No"
"La Esquina Ii","Farmacia","Santiago Del Estero","Santiago Del Estero","","LIBERTAD 629","4200","30-70913086-9","","No","No"
"La Esquina Independencia","Farmacia","Santiago Del Estero","Santiago Del Estero","","INDEPENDENCIA 2580","4200","30-71493386-4","","No","No"
"La Esquina Inmigrantes","Farmacia","Santiago Del Estero","Santiago Del Estero","","Av. Aguirre 2106","4200","30-70918938-3","","No","No"
"La Esquina Libertad","Farmacia","Santiago Del Estero","Santiago Del Estero","","Avellaneda 139 ","4200","30-70918938-3","","No","No"
"La Esquina Mitre","Farmacia","Santiago Del Estero","Santiago Del Estero","","MITRE 270","4200","30-71493386-4","","No","No"
"La Esquina Norte","Farmacia","Santiago Del Estero","Santiago Del Estero","","Av. Belgrano Nte. 1966, G4200 Santiago Del Estero","4200","30-70918938-3","","No","No"
"La Esquina Oeste","Farmacia","Santiago Del Estero","Santiago Del Estero","","Libertad 2718","4200","30-70918938-3","","No","No"
"Tavi","Farmacia","Santiago Del Estero","Santiago Del Estero","","Lavalle 1280","4200","20-38225938-7","","No","No"
"La Esquina Termas De Río Hondo","Farmacia","Santiago Del Estero","Termas De Rio Hondo","","Francisco Solano 128","4220","30-70918938-3","","No","No"
"La Esquina Termas Ii","Farmacia","Santiago Del Estero","Termas De Rio Hondo","","Juan Bautista Alberdi 1010","4020","30-70918938-3","","No","No"
"Farmacia Moreno","Farmacia","Tierra Del Fuego","Rio Grande","","Luisa Rosso 412, V9420 Río Grande, Tierra Del Fuego, Argentina","9420","20-11266158-2","","Si","No"
"Alem","Farmacia","Tierra Del Fuego","Ushuaia","","Leandro Alem 2654","9410","20-26886258-8","","No","No"
"Farmacia Acigami","Farmacia","Tierra Del Fuego","Ushuaia","","Juan Facundo Quiroga 1668","9410","30-71606529-0","","No","No"
"San Martin ","Farmacia","Tucuman","Aguilares","","ALBERDI 2395","4152","23-16196420-4","","No","No"
"Farmacia San Camilo S.R.L.","Farmacia","Tucuman","Concepcion","","24 DE SEPTIEMBRE 1473","4146","30-71234983-9","","No","No"
"Farmacia San Valentin","Farmacia","Tucuman","Concepcion","","24  DE SEPTIEMBRE 1498","4146","30-70761458-3","","No","No"
"San Expedito","Farmacia","Tucuman","Concepcion","","Obispo Colombres 2373","4146","20-12675079-0","","No","No"
"Farmacia Lules","Farmacia","Tucuman","Lules","","BELGRANO 57","4142","27-04558134-4","","No","No"
"Farmacia Santa Maria","Farmacia","Tucuman","Monteros","","BELGRANO 275","4142","27-17892719-7","","No","No"
"Del Pueblo Alem","Farmacia","Tucuman","San Miguel De Tucuman","","Avenida Alem 199, San Miguel de Tucumán, Tucumán, Argentina","4000","33-70241330-9","","No","No"
"Farmacia America","Farmacia","Tucuman","San Miguel De Tucuman","","JUNIN 691 - ESQUINA MARCOS PAZ","4000","30-71433671-8","","No","No"
"Farmacia America Cuatro","Farmacia","Tucuman","San Miguel De Tucuman","","AV. AVELLANEDA 801","4000","30-71433671-8","","No","No"
"Farmacia Andrea","Farmacia","Tucuman","San Miguel De Tucuman","","CONGRESO 820","4000","27-04767405-6","","No","No"
"Farmacia Calcagno","Farmacia","Tucuman","San Miguel De Tucuman","","Av. Francisco de Aguirre 1556","4000","20-07910238-6","","Si","No"
"Farmacia Catedral I  (Farmar)","Farmacia","Tucuman","San Miguel De Tucuman","","24 DE SETIEMBRE 546","4000","30-64767550-2","","No","No"
"Farmacia Catedral Ii (Farmar)","Farmacia","Tucuman","San Miguel De Tucuman","","SAN MARTIN 565","4000","30-64767550-2","","Si","No"
"Farmacia Catedral Iii ","Farmacia","Tucuman","San Miguel De Tucuman","","24 DE SETIEMBRE 688","4000","30-64767550-2","","No","No"
"Farmacia Catedral Iv (Farmar)","Farmacia","Tucuman","San Miguel De Tucuman","","CORDOBA 637","4000","30-64767550-2","","No","No"
"Farmacia Del Pilar","Farmacia","Tucuman","San Miguel De Tucuman","","Santiago Del Estero 1826","4000","27-14084667-3","","Si","Si"
"Farmacia El Leon","Farmacia","Tucuman","San Miguel De Tucuman","","JUNÍN 291","4000","30-69175268-9","","No","No"
"Farmacia Esencial","Farmacia","Tucuman","San Miguel De Tucuman","","Av. Mate de Luna 4089","4000","30-71571717-0","","Si","Si"
"Farmacia Farmarket","Farmacia","Tucuman","San Miguel De Tucuman","","Mendoza 386","4000","27-34764989-4","","No","No"
"Farmacia La Union","Farmacia","Tucuman","San Miguel De Tucuman","","San Martín 623","4000","30-56248643-3","","Si","No"
"Farmacia Lujan","Farmacia","Tucuman","San Miguel De Tucuman","","Av. Mitre 799","4000","27-22264315-0","","No","No"
"Farmacia Nueva","Farmacia","Tucuman","San Miguel De Tucuman","","GRAL JUAN LAVALLE 999","4000","27-29917697-0","","No","No"
"Farmacia Orihuel","Farmacia","Tucuman","San Miguel De Tucuman","","Mitre 869","4000","27-14410418-3","","No","No"
"Farmacia Plazoleta","Farmacia","Tucuman","San Miguel De Tucuman","","Avenida República Del Líbano 997","4000","20-22073390-5","","No","No"
"Farmacia San Felipe","Farmacia","Tucuman","San Miguel De Tucuman","","Francisco N. Laprida 530, Tucumán, Argentina","4000","20-21112590-0","","No","No"
"Farmas Barrio Sur","Farmacia","Tucuman","San Miguel De Tucuman","","Lamadrid 402","4000","30-71738570-1","","No","No"
"Fcia. La Union Barrio Norte","Farmacia","Tucuman","San Miguel De Tucuman","","25 de Mayo 653","T4000IIM","30-56248643-3","","No","No"
"Fcia. La Union Del Mercado","Farmacia","Tucuman","San Miguel De Tucuman","","Maipú 198","T4000IMD","27-01730299-5","","Si","No"
"Paris  Sft","Farmacia","Tucuman","San Miguel De Tucuman","","BALCARCE 473","4000","30-70809177-0","","Si","No"
"Primavera Srl (Farmacia Primavera Norte)","Farmacia","Tucuman","San Miguel De Tucuman","","MONTEAGUDO 602","4000","30-70905542-5","","No","No"
"Sagitario Ii","Farmacia","Tucuman","San Miguel De Tucuman","","Emilio Castelar 1103","4000","30-71053140-0","","No","No"
"Santiago","Farmacia","Tucuman","San Miguel De Tucuman","","Santiago Del Estero 368","4000","30-70908336-4","","No","No"
"Sindical Ii Mercantil","Farmacia","Tucuman","San Miguel De Tucuman","","Congreso 237","4000","20-21745195-8","","Si","No"
"Vacunatorio Ceivac","Vacunatorio","Tucuman","San Miguel De Tucuman","","SAN JUAN 885","4000","30-71686808-3","","Si","No"
"Vacunatorio Ceivac Barrio Norte","Vacunatorio","Tucuman","San Miguel De Tucuman","","SANTIAGO 157 - 8voiso","4000","30-71686808-3","","Si","No"
"Calcagno Lomas","Farmacia","Tucuman","Tafi Viejo","","Sector XIV Maza 9 C7","4103","30-71460380-5","","Si","No"
"Las Quintas","Farmacia","Tucuman","Tafi Viejo","","Camino del Perú y Julio Cortazar","4103","23-20959194-4","","No","No"
"Plazoleta Santiago Centro","Farmacia","Tucuman","Tucuman","","Santiago Del Estero 598","4000","33-70714546-9","","No","No"
"Farmacia Cristo Rey I","Farmacia","Tucuman","Yerba Buena","","AV. ACONQUIJA 810","4107","30-71098620-3","","No","No"
"Farmacia Daruich 2","Farmacia","Tucuman","Yerba Buena","","Av. Aconquija 941 ","4107","27-14660112-5","","No","No"
"Farmacia Farmas","Farmacia","Tucuman","Yerba Buena","","LOBO DE LA VEGA 213","4107","23-32927482-9","","No","No"
"Farmacia Plazoleta Del Portal","Farmacia","Tucuman","Yerba Buena","","Fermin Cariola 42 Local 1291 ","4107","33-71061893-9","","No","No"
"Farmacia Sufarm","Farmacia","Tucuman","Yerba Buena","","Av. Presidente Peron 1901 - Local 13","4107","27-14387612-3","","No","No"
"Farmadot","Farmacia","Tucuman","Yerba Buena","","Boulevard 9 de Julio 659","4107","23-37128242-4","","No","No"
"Los Alisos","Farmacia","Tucuman","Yerba Buena","","Av. Aconquija 2491 Local 1, T4107 Yerba Buena, Tucumán, Argentina","4107","27-36584017-8","","No","No"
"Vacunatorio Ceivac Yerba Buena","Vacunatorio","Tucuman","Yerba Buena","","LOBO DE LA VEGA 213","4107","30-71686808-3","","Si","No"
